"split","true_label","confidence_score","hcc_cosine_mean","hem_cosine_mean","delta_mean","hcc_cosine_kmeans","hem_cosine_kmeans","delta_kmeans"
"Val","0","0.000059226837038295344","0.9120304584503174","0.9127082824707031","-0.0006778240203857422","0.8767116665840149","0.907571017742157","-0.03085935115814209"
"Val","0","0.000009296980351791717","0.8475120067596436","0.848590612411499","-0.0010786056518554688","0.8001587390899658","0.8417646884918213","-0.04160594940185547"
"Val","0","0.000014236679817258846","0.8638644218444824","0.8648817539215088","-0.0010173320770263672","0.8179609179496765","0.8582080602645874","-0.04024714231491089"
"Val","0","0.00002058810969174374","0.8836325407028198","0.884534478187561","-0.0009019374847412109","0.8417434692382812","0.879157304763794","-0.037413835525512695"
"Val","0","0.0000171009360201424","0.8759275078773499","0.8768466114997864","-0.0009191036224365234","0.832777738571167","0.8711363077163696","-0.03835856914520264"
"Val","0","0.00003573584035621025","0.8923823833465576","0.8932203054428101","-0.0008379220962524414","0.852057695388794","0.8870466351509094","-0.03498893976211548"
"Val","0","0.0000388769076380413","0.9040988683700562","0.9048702120780945","-0.0007713437080383301","0.866508960723877","0.9000747799873352","-0.03356581926345825"
"Val","0","0.00003303042467450723","0.8933507800102234","0.8941816091537476","-0.0008308291435241699","0.8530856370925903","0.8885943293571472","-0.035508692264556885"
"Val","0","0.00009385860903421417","0.9284645318984985","0.929058313369751","-0.0005937814712524414","0.8962036371231079","0.9249781370162964","-0.028774499893188477"
"Val","0","0.000019745742974919267","0.8756915330886841","0.8766376972198486","-0.0009461641311645508","0.8317172527313232","0.8702901601791382","-0.03857290744781494"
"Val","0","0.00007179170643212274","0.9204909801483154","0.9211569428443909","-0.0006659626960754395","0.8865344524383545","0.9165107011795044","-0.029976248741149902"
"Val","0","0.00003369851037859917","0.8968393206596375","0.8976277709007263","-0.0007884502410888672","0.8577675819396973","0.8924887180328369","-0.03472113609313965"
"Val","0","0.000028610176741494797","0.8961135149002075","0.8969240188598633","-0.0008105039596557617","0.8563114404678345","0.8914957642555237","-0.03518432378768921"
"Val","0","0.000047687924961792305","0.9079346656799316","0.9087276458740234","-0.0007929801940917969","0.8695919513702393","0.9032547473907471","-0.03366279602050781"
"Val","0","0.0002489558537490666","0.9430447816848755","0.9435011148452759","-0.0004563331604003906","0.9163996577262878","0.9405809640884399","-0.0241813063621521"
"Val","0","0.000026516830985201523","0.8870512843132019","0.8878840208053589","-0.0008327364921569824","0.8467025756835938","0.8824089765548706","-0.035706400871276855"
"Val","0","0.00004812374754692428","0.9119395613670349","0.9126640558242798","-0.000724494457244873","0.8755930662155151","0.9081031084060669","-0.03251004219055176"
"Val","0","0.00004550631274469197","0.912175178527832","0.9129601120948792","-0.0007849335670471191","0.8747089505195618","0.9083861112594604","-0.03367716073989868"
"Val","0","0.00002179744842578657","0.8783931136131287","0.8792966604232788","-0.0009035468101501465","0.83538818359375","0.8731751441955566","-0.03778696060180664"
"Val","0","0.000028140988433733582","0.89683997631073","0.8976895809173584","-0.000849604606628418","0.8562963604927063","0.8922231197357178","-0.035926759243011475"
"Val","0","0.000022728163457941264","0.885718047618866","0.8866239190101624","-0.0009058713912963867","0.8446183204650879","0.8811770677566528","-0.03655874729156494"
"Val","0","0.000053841842600377277","0.9103962182998657","0.9111138582229614","-0.0007176399230957031","0.8737601041793823","0.9065811038017273","-0.03282099962234497"
"Val","0","0.000023800330382073298","0.8867636322975159","0.8876335620880127","-0.0008699297904968262","0.8456019759178162","0.8822711706161499","-0.03666919469833374"
"Val","0","0.00003274686241638847","0.8960253000259399","0.8968513607978821","-0.0008260607719421387","0.8560797572135925","0.8911992311477661","-0.035119473934173584"
"Val","0","0.000023760079784551635","0.8839658498764038","0.8848308324813843","-0.0008649826049804688","0.8429773449897766","0.8791458606719971","-0.03616851568222046"
"Val","0","0.000055049102229531854","0.9105445742607117","0.9112739562988281","-0.0007293820381164551","0.873489499092102","0.9063192009925842","-0.03282970190048218"
"Val","0","0.000030395200155908242","0.8949982523918152","0.8958394527435303","-0.0008412003517150879","0.8544118404388428","0.8904180526733398","-0.03600621223449707"
"Val","0","0.000028715960070258006","0.8876235485076904","0.8885027170181274","-0.0008791685104370117","0.8457240462303162","0.8827077746391296","-0.03698372840881348"
"Val","0","0.000024738921638345346","0.887287974357605","0.8881199359893799","-0.0008319616317749023","0.8467572927474976","0.8826936483383179","-0.03593635559082031"
"Val","0","0.000029887927667004988","0.8940619230270386","0.8948910236358643","-0.0008291006088256836","0.8541907072067261","0.8896968960762024","-0.03550618886947632"
"Val","0","0.00002015339669014793","0.8720026016235352","0.8728967905044556","-0.0008941888809204102","0.8294782638549805","0.8667796850204468","-0.03730142116546631"
"Val","0","0.000023615211830474436","0.8843835592269897","0.8852548003196716","-0.0008712410926818848","0.8426239490509033","0.8795461654663086","-0.03692221641540527"
"Val","0","0.000023720256649539806","0.885921835899353","0.8868035078048706","-0.0008816719055175781","0.8440885543823242","0.8809574842453003","-0.036868929862976074"
"Val","0","0.0005454543861560524","0.9457852244377136","0.9461245536804199","-0.00033932924270629883","0.9218587279319763","0.9425635933876038","-0.02070486545562744"
"Val","0","0.000013564198525273241","0.8610060214996338","0.8620047569274902","-0.0009987354278564453","0.8153045773506165","0.855561375617981","-0.0402567982673645"
"Val","0","0.000011673414519464131","0.8585236072540283","0.8595317602157593","-0.001008152961730957","0.8130999803543091","0.8532187342643738","-0.0401187539100647"
"Val","0","0.000023705759303993545","0.8860691785812378","0.8869311809539795","-0.0008620023727416992","0.8449552655220032","0.8812711238861084","-0.036315858364105225"
"Val","0","0.000026585043087834492","0.8913618922233582","0.8921849131584167","-0.0008230209350585938","0.851574182510376","0.887029230594635","-0.03545504808425903"
"Val","0","0.000026493296900298446","0.8908579349517822","0.8916739821434021","-0.000816047191619873","0.8511235117912292","0.8861773014068604","-0.035053789615631104"
"Val","0","0.00003953990017180331","0.9032717943191528","0.904049277305603","-0.0007774829864501953","0.8646948337554932","0.8987895846366882","-0.03409475088119507"
"Val","0","0.000010827539881574921","0.8436496257781982","0.8447076678276062","-0.001058042049407959","0.7960301041603088","0.837715208530426","-0.04168510437011719"
"Val","0","0.000021342346371966414","0.88292396068573","0.883802056312561","-0.0008780956268310547","0.8408408761024475","0.8778848052024841","-0.03704392910003662"
"Val","0","0.0000634956086287275","0.9138821959495544","0.9145719408988953","-0.0006897449493408203","0.878166675567627","0.9094098806381226","-0.031243205070495605"
"Val","0","0.00004853115387959406","0.9081803560256958","0.9089380502700806","-0.0007576942443847656","0.8702989816665649","0.9041136503219604","-0.03381466865539551"
"Val","0","0.000012715639968519099","0.8604276180267334","0.861479640007019","-0.0010520219802856445","0.8141013979911804","0.8550335764884949","-0.04093217849731445"
"Val","0","0.000013627992302644998","0.864035427570343","0.8650197982788086","-0.0009843707084655762","0.8193946480751038","0.8588500022888184","-0.0394553542137146"
"Val","0","0.00001417994553776225","0.8661999702453613","0.8671884536743164","-0.0009884834289550781","0.8215624094009399","0.8609479665756226","-0.03938555717468262"
"Val","0","0.00005714741564588621","0.9178469181060791","0.9185832738876343","-0.0007363557815551758","0.8807544708251953","0.9140543341636658","-0.03329986333847046"
"Val","0","0.000010431632290419657","0.8485060930252075","0.8495582342147827","-0.0010521411895751953","0.8011833429336548","0.8429484367370605","-0.04176509380340576"
"Val","0","0.000014714040844410192","0.870753288269043","0.8716959953308105","-0.0009427070617675781","0.8267485499382019","0.8655351400375366","-0.03878659009933472"
"Val","0","0.00003509052112349309","0.9025168418884277","0.903328537940979","-0.0008116960525512695","0.86385577917099","0.8981472253799438","-0.03429144620895386"
"Val","0","0.00005382259041653015","0.9142665266990662","0.914985179901123","-0.0007186532020568848","0.8782568573951721","0.9102050065994263","-0.03194814920425415"
"Val","0","0.000029675462428713217","0.8947130441665649","0.8955532312393188","-0.0008401870727539062","0.8538492321968079","0.8902769088745117","-0.03642767667770386"
"Val","0","0.000016562667951802723","0.8700814247131348","0.8710314035415649","-0.0009499788284301758","0.8259420394897461","0.8648761510848999","-0.03893411159515381"
"Val","0","0.000026612591682351194","0.8843294978141785","0.8852005004882812","-0.0008710026741027832","0.8423829078674316","0.8791950941085815","-0.0368121862411499"
"Val","0","0.000032627380278427154","0.8923221230506897","0.8931052088737488","-0.000783085823059082","0.8535404801368713","0.8877444267272949","-0.034203946590423584"
"Val","0","0.000046751774789299816","0.9019590616226196","0.9027059078216553","-0.0007468461990356445","0.864113450050354","0.8973867297172546","-0.033273279666900635"
"Val","0","0.00004206285302643664","0.8961551189422607","0.8969417810440063","-0.0007866621017456055","0.8568881750106812","0.8913100361824036","-0.03442186117172241"
"Val","0","0.00009753341873874888","0.928650975227356","0.9292612075805664","-0.0006102323532104492","0.895635724067688","0.9251870512962341","-0.029551327228546143"
"Val","0","0.000012916398191009648","0.8596415519714355","0.8606371879577637","-0.000995635986328125","0.8144542574882507","0.8543000221252441","-0.03984576463699341"
"Val","0","0.00005222507024882361","0.9148209095001221","0.9155621528625488","-0.0007412433624267578","0.8784601092338562","0.9112086892127991","-0.03274857997894287"
"Val","0","0.000025453777197981253","0.888554036617279","0.889430046081543","-0.000876009464263916","0.8472753763198853","0.8839559555053711","-0.03668057918548584"
"Val","0","0.00009581764606991783","0.9345309734344482","0.9351483583450317","-0.0006173849105834961","0.9023309946060181","0.9308704137802124","-0.028539419174194336"
"Val","0","0.000027484951715450734","0.8918739557266235","0.892716646194458","-0.0008426904678344727","0.8522410988807678","0.8873343467712402","-0.03509324789047241"
"Val","0","0.00002749669693002943","0.8875607848167419","0.8884090185165405","-0.000848233699798584","0.847042977809906","0.8826273679733276","-0.03558439016342163"
"Val","0","0.000010324210052203853","0.8536624908447266","0.8546907901763916","-0.001028299331665039","0.8072811365127563","0.8480123281478882","-0.040731191635131836"
"Val","0","0.00002455420144542586","0.8840798139572144","0.884940505027771","-0.0008606910705566406","0.8429362773895264","0.8791353106498718","-0.03619903326034546"
"Val","0","0.000023983726350707002","0.8874605894088745","0.8883469700813293","-0.000886380672454834","0.8462811708450317","0.8827477693557739","-0.03646659851074219"
"Val","0","0.00002947914799733553","0.8873432278633118","0.8881738185882568","-0.0008305907249450684","0.846694827079773","0.8823877573013306","-0.03569293022155762"
"Val","0","0.000020155281163170002","0.8781882524490356","0.8790954947471619","-0.0009072422981262207","0.83577960729599","0.8731093406677246","-0.03732973337173462"
"Val","0","0.000060393762396415696","0.912929117679596","0.9136329889297485","-0.0007038712501525879","0.8766079545021057","0.9089990258216858","-0.03239107131958008"
"Val","0","0.002751923631876707","0.9600298404693604","0.9600952863693237","-0.0000654458999633789","0.9473020434379578","0.9598749876022339","-0.012572944164276123"
"Val","0","0.000014324179574032314","0.866913914680481","0.8679046630859375","-0.000990748405456543","0.8218775987625122","0.8617689609527588","-0.03989136219024658"
"Val","0","0.000014362973161041737","0.8674626350402832","0.8684442043304443","-0.0009815692901611328","0.8228330016136169","0.8622077703475952","-0.03937476873397827"
"Val","0","0.000014722111700393725","0.8701900243759155","0.8711522221565247","-0.0009621977806091309","0.8257921934127808","0.8653282523155212","-0.03953605890274048"
"Val","0","0.000017328502508462407","0.8787275552749634","0.8796733617782593","-0.0009458065032958984","0.835452675819397","0.8738455772399902","-0.03839290142059326"
"Val","0","0.000024912194930948317","0.8925273418426514","0.8933995962142944","-0.0008722543716430664","0.8513991832733154","0.8876603245735168","-0.036261141300201416"
"Val","0","0.000028233753255335614","0.8901565074920654","0.8909825086593628","-0.0008260011672973633","0.8495146632194519","0.8852635622024536","-0.03574889898300171"
"Val","0","0.000018306192941963673","0.8755315542221069","0.8764628171920776","-0.0009312629699707031","0.8326461315155029","0.8705248236656189","-0.03787869215011597"
"Val","0","0.00002945498090412002","0.8899704813957214","0.8908196687698364","-0.0008491873741149902","0.8490402698516846","0.8848801851272583","-0.03583991527557373"
"Val","0","0.000021487778212758712","0.8840233683586121","0.8849442005157471","-0.0009208321571350098","0.8412978649139404","0.8790117502212524","-0.03771388530731201"
"Val","0","0.000012145581422373652","0.8582488298416138","0.8592797517776489","-0.0010309219360351562","0.8119801878929138","0.8527743816375732","-0.040794193744659424"
"Val","0","0.000013823469998897053","0.8683463335037231","0.8693246841430664","-0.0009783506393432617","0.8238818645477295","0.8634702563285828","-0.03958839178085327"
"Val","0","0.000012318164408497978","0.8604680299758911","0.8615199327468872","-0.0010519027709960938","0.8133882284164429","0.8551948666572571","-0.04180663824081421"
"Val","0","0.0003288146108388901","0.940944254398346","0.9413467645645142","-0.0004025101661682129","0.9151965379714966","0.9383089542388916","-0.02311241626739502"
"Val","0","0.000011793277735705487","0.8602147102355957","0.8612663745880127","-0.0010516643524169922","0.8136369585990906","0.8546603918075562","-0.041023433208465576"
"Val","0","0.000009439261702937074","0.849785566329956","0.8508928418159485","-0.0011072754859924316","0.8015096783638","0.8447045087814331","-0.04319483041763306"
"Val","0","0.000038169444451341406","0.9039912223815918","0.9047710299491882","-0.0007798075675964355","0.8656388521194458","0.8995351791381836","-0.03389632701873779"
"Val","0","0.00001547249121358618","0.8687967658042908","0.869751513004303","-0.000954747200012207","0.8249402046203613","0.863592267036438","-0.03865206241607666"
"Val","0","0.00002681583646335639","0.8931998014450073","0.8940558433532715","-0.0008560419082641602","0.8524599671363831","0.8887315988540649","-0.036271631717681885"
"Val","0","0.000026132587663596496","0.8935595750808716","0.8944306373596191","-0.0008710622787475586","0.8525753021240234","0.8889118432998657","-0.036336541175842285"
"Val","0","0.000022938747861189768","0.8889210224151611","0.889823853969574","-0.0009028315544128418","0.8473730087280273","0.8842813968658447","-0.03690838813781738"
"Val","0","0.00004126344356336631","0.9053881764411926","0.9061651229858398","-0.0007769465446472168","0.8679949045181274","0.9014183282852173","-0.033423423767089844"
"Val","0","0.00001960230656550266","0.8726876378059387","0.8736196756362915","-0.0009320378303527832","0.8292856812477112","0.8673880100250244","-0.03810232877731323"
"Val","0","0.000020708797819679603","0.8803141713142395","0.8812651634216309","-0.0009509921073913574","0.836700975894928","0.8749650716781616","-0.03826409578323364"
"Val","0","0.00003168400871800259","0.8940876722335815","0.8949180841445923","-0.0008304119110107422","0.8537275791168213","0.8893114328384399","-0.03558385372161865"
"Val","0","0.00006941598257981241","0.9144021272659302","0.9150826930999756","-0.0006805658340454102","0.8790031671524048","0.9105077981948853","-0.03150463104248047"
"Val","0","0.000042420644604135305","0.904807448387146","0.905572235584259","-0.0007647871971130371","0.8672947287559509","0.9005320072174072","-0.0332372784614563"
"Val","0","0.00025426861247979105","0.942091703414917","0.942521870136261","-0.00043016672134399414","0.9154469966888428","0.9393442869186401","-0.023897290229797363"
"Val","0","0.000035269167710794136","0.8943825960159302","0.8951643705368042","-0.0007817745208740234","0.8555659055709839","0.889620304107666","-0.03405439853668213"
"Val","0","0.000025947034373530187","0.8860719203948975","0.8870073556900024","-0.0009354352951049805","0.8447670936584473","0.8812029361724854","-0.036435842514038086"
"Val","0","0.000010719496458477806","0.8523091077804565","0.8534019589424133","-0.0010928511619567871","0.8046684265136719","0.8466116189956665","-0.04194319248199463"
"Val","0","0.00001912552397698164","0.8753050565719604","0.8761959075927734","-0.0008908510208129883","0.8330573439598083","0.8706114888191223","-0.037554144859313965"
"Val","0","0.000026763103960547596","0.8879203796386719","0.888770580291748","-0.0008502006530761719","0.8466551303863525","0.8829885721206665","-0.036333441734313965"
"Val","0","0.000016782945749582723","0.8753666877746582","0.8763231039047241","-0.000956416130065918","0.8312761187553406","0.8701615929603577","-0.03888547420501709"
"Val","0","0.000017455085981055163","0.8745205402374268","0.8754538893699646","-0.0009333491325378418","0.8316848278045654","0.8696451187133789","-0.03796029090881348"
"Val","0","0.000018239958080812357","0.8841252326965332","0.8850691318511963","-0.0009438991546630859","0.8409181833267212","0.8793579339981079","-0.03843975067138672"
"Val","0","0.0000291800079139648","0.894540548324585","0.8953754901885986","-0.0008349418640136719","0.854090690612793","0.8897799849510193","-0.03568929433822632"
"Val","0","0.00003591431595850736","0.8925460577011108","0.8933423161506653","-0.0007962584495544434","0.8533822894096375","0.8879081010818481","-0.03452581167221069"
"Val","0","0.00006049100193195045","0.9015834331512451","0.9023106694221497","-0.000727236270904541","0.863999605178833","0.8973473310470581","-0.0333477258682251"
"Val","0","0.000022969414203544147","0.8874976634979248","0.888395369052887","-0.0008977055549621582","0.8463841080665588","0.8830403089523315","-0.036656200885772705"
"Val","0","0.000011213678590138443","0.8523011207580566","0.8533191680908203","-0.0010180473327636719","0.8056226968765259","0.8469900488853455","-0.04136735200881958"
"Val","0","0.000038536432839464396","0.9051548838615417","0.905917763710022","-0.0007628798484802246","0.8674445152282715","0.9010918140411377","-0.03364729881286621"
"Val","0","0.0000553882637177594","0.9106331467628479","0.9113187789916992","-0.0006856322288513184","0.8751695156097412","0.9064465165138245","-0.03127700090408325"
"Val","0","0.000015658668417017907","0.8710950613021851","0.8720560073852539","-0.0009609460830688477","0.8268728852272034","0.8659874796867371","-0.03911459445953369"
"Val","0","0.000017551970813656226","0.877003014087677","0.877926230430603","-0.0009232163429260254","0.8337411880493164","0.8719101548194885","-0.03816896677017212"
"Val","0","0.00003369870682945475","0.899166464805603","0.8999762535095215","-0.000809788703918457","0.8600990772247314","0.8948164582252502","-0.0347173810005188"
"Val","0","0.000026229361537843943","0.8873448371887207","0.8881769180297852","-0.0008320808410644531","0.8470592498779297","0.8826308250427246","-0.03557157516479492"
"Val","0","0.000007086646292009391","0.8342024087905884","0.8353315591812134","-0.001129150390625","0.7851375341415405","0.828423798084259","-0.043286263942718506"
"Val","0","0.000015733270629425533","0.8687518835067749","0.8697072267532349","-0.0009553432464599609","0.8248414993286133","0.8637653589248657","-0.03892385959625244"
"Val","0","0.000015783103663125075","0.8689215183258057","0.8699015378952026","-0.0009800195693969727","0.8243561387062073","0.8636158108711243","-0.03925967216491699"
"Val","0","0.00001887106554931961","0.8764177560806274","0.8773679733276367","-0.0009502172470092773","0.8328844308853149","0.8710521459579468","-0.038167715072631836"
"Val","0","0.000010157570613955613","0.8514738082885742","0.8525582551956177","-0.001084446907043457","0.803266167640686","0.8458420038223267","-0.042575836181640625"
"Val","0","0.00003177435792167671","0.8953635692596436","0.8961690664291382","-0.0008054971694946289","0.8563224077224731","0.8910160660743713","-0.03469365835189819"
"Val","0","0.000024173692509066314","0.8856357336044312","0.886549711227417","-0.0009139776229858398","0.8429730534553528","0.8807269930839539","-0.037753939628601074"
"Val","0","0.00011755702144000679","0.9333232641220093","0.9338783025741577","-0.0005550384521484375","0.9028056263923645","0.9302160739898682","-0.027410447597503662"
"Val","0","0.000015056102711241692","0.8686735033988953","0.869649350643158","-0.0009758472442626953","0.8238110542297363","0.8633549213409424","-0.039543867111206055"
"Val","0","0.000008593036909587681","0.8447360992431641","0.8458095788955688","-0.0010734796524047852","0.7970058917999268","0.8390090465545654","-0.04200315475463867"
"Val","0","0.00002963614861073438","0.8933643102645874","0.8941783905029297","-0.0008140802383422852","0.8540157675743103","0.8893486261367798","-0.03533285856246948"
"Val","0","0.00004313156387070194","0.8910558223724365","0.8918153047561646","-0.0007594823837280273","0.8540501594543457","0.887839674949646","-0.03378951549530029"
"Val","0","0.00002036773003055714","0.8824298977851868","0.8833320140838623","-0.0009021162986755371","0.8404255509376526","0.8776719570159912","-0.03724640607833862"
"Val","0","0.000015093365618668031","0.8647169470787048","0.8657062649726868","-0.0009893178939819336","0.8192826509475708","0.8591331243515015","-0.039850473403930664"
"Val","0","0.000025565441319486126","0.8876742124557495","0.8885347843170166","-0.0008605718612670898","0.8469181060791016","0.8827724456787109","-0.035854339599609375"
"Val","0","0.000017967815438169055","0.8759439587593079","0.8768814206123352","-0.0009374618530273438","0.8325673341751099","0.8708626627922058","-0.03829532861709595"
"Val","0","0.000018756290955934674","0.8789536952972412","0.8799086809158325","-0.0009549856185913086","0.8352910876274109","0.8737828731536865","-0.038491785526275635"
"Val","0","0.000014586093129764777","0.869191586971283","0.8701664209365845","-0.0009748339653015137","0.8247038722038269","0.8637999892234802","-0.03909611701965332"
"Val","0","0.000029875474865548313","0.8970785737037659","0.8979003429412842","-0.0008217692375183105","0.8572607040405273","0.8923729658126831","-0.03511226177215576"
"Val","0","0.00021194072905927896","0.9414690732955933","0.9419389963150024","-0.0004699230194091797","0.9144390821456909","0.9394242763519287","-0.024985194206237793"
"Val","0","0.00003671221566037275","0.9031604528427124","0.9039819240570068","-0.0008214712142944336","0.8645249605178833","0.8989588022232056","-0.034433841705322266"
"Val","0","0.000016125442925840616","0.8657402396202087","0.8666948080062866","-0.0009545683860778809","0.8211309313774109","0.8604447841644287","-0.03931385278701782"
"Val","0","0.00003415456012589857","0.9001194834709167","0.9009184837341309","-0.0007990002632141113","0.8613693118095398","0.8961100578308105","-0.03474074602127075"
"Val","0","0.00002092626345984172","0.8839378356933594","0.8848350644111633","-0.0008972287178039551","0.8422631621360779","0.8792300820350647","-0.036966919898986816"
"Val","0","0.00002052140553132631","0.8781299591064453","0.8790453672409058","-0.0009154081344604492","0.835708737373352","0.873042643070221","-0.037333905696868896"
"Val","0","0.000045771368604619056","0.907617449760437","0.9083691239356995","-0.0007516741752624512","0.8698046207427979","0.9033041000366211","-0.03349947929382324"
"Val","0","0.000017272210243390873","0.8726541996002197","0.8735823035240173","-0.0009281039237976074","0.8290459513664246","0.8675413131713867","-0.03849536180496216"
"Val","0","0.000022187898139236495","0.8795715570449829","0.8804700374603271","-0.0008984804153442383","0.8368575572967529","0.874430239200592","-0.03757268190383911"
"Val","0","0.000017425114492652938","0.8676353096961975","0.868585467338562","-0.000950157642364502","0.8231523633003235","0.8621371984481812","-0.038984835147857666"
"Val","0","0.00003832051152130589","0.9042134881019592","0.90500807762146","-0.0007945895195007324","0.8654108047485352","0.8997208476066589","-0.03431004285812378"
"Val","0","0.00008459045784547925","0.9250390529632568","0.9256547689437866","-0.0006157159805297852","0.8924710750579834","0.9215883016586304","-0.029117226600646973"
"Val","0","0.000010439345714985393","0.8508104085922241","0.851863443851471","-0.0010530352592468262","0.803615927696228","0.8453215956687927","-0.0417056679725647"
"Val","0","0.00002217427572759334","0.8813744187355042","0.8822513818740845","-0.0008769631385803223","0.8397090435028076","0.8765382170677185","-0.03682917356491089"
"Val","0","0.00002291170494572725","0.8864514827728271","0.887342095375061","-0.0008906126022338867","0.8447275757789612","0.8816235661506653","-0.0368959903717041"
"Val","0","0.000024024058802751824","0.8853505849838257","0.88621985912323","-0.0008692741394042969","0.8437659740447998","0.8804018497467041","-0.0366358757019043"
"Val","0","0.00002313817458343692","0.8840337991714478","0.8849116563796997","-0.0008778572082519531","0.8424186706542969","0.8792974948883057","-0.03687882423400879"
"Val","0","0.000021364481654018164","0.8857438564300537","0.8866565227508545","-0.0009126663208007812","0.8437160849571228","0.8810970783233643","-0.037380993366241455"
"Val","0","0.000030235210942919366","0.8913452625274658","0.8921454548835754","-0.0008001923561096191","0.8519653081893921","0.8866600394248962","-0.03469473123550415"
"Val","0","0.000011152632396260742","0.8525269627571106","0.8535612225532532","-0.0010342597961425781","0.8060999512672424","0.8464995622634888","-0.04039961099624634"
"Val","0","0.0000257300980592845","0.88706374168396","0.887947678565979","-0.000883936882019043","0.8451921939849854","0.8820640444755554","-0.03687185049057007"
"Val","0","0.000017312051568296738","0.8759422302246094","0.8769134879112244","-0.0009712576866149902","0.8314545750617981","0.8709412813186646","-0.039486706256866455"
"Val","0","0.00005749079355155118","0.9140827655792236","0.9147986173629761","-0.0007158517837524414","0.877809464931488","0.9099360704421997","-0.03212660551071167"
"Val","0","0.00002212870640505571","0.8844593167304993","0.8853195905685425","-0.0008602738380432129","0.8435948491096497","0.8798766136169434","-0.0362817645072937"
"Val","0","0.00006069451410439797","0.9165474772453308","0.9172813892364502","-0.0007339119911193848","0.8802034258842468","0.9128331542015076","-0.03262972831726074"
"Val","0","0.00002756748472165782","0.8913558125495911","0.8922058343887329","-0.0008500218391418457","0.8513717651367188","0.8868151903152466","-0.03544342517852783"
"Val","0","0.00002946062886621803","0.8940224647521973","0.8948908448219299","-0.000868380069732666","0.8533973097801208","0.8891695737838745","-0.03577226400375366"
"Val","0","0.00003138365354971029","0.8954903483390808","0.8962794542312622","-0.0007891058921813965","0.8563668727874756","0.8908316493034363","-0.03446477651596069"
"Val","0","0.00002957355900434777","0.8949529528617859","0.8957757949829102","-0.0008228421211242676","0.8556247353553772","0.8909378051757812","-0.03531306982040405"
"Val","0","0.000027620006221695803","0.8957718014717102","0.8966432213783264","-0.0008714199066162109","0.8550554513931274","0.8911319375038147","-0.036076486110687256"
"Val","0","0.000031605966796632856","0.8989529013633728","0.8997668623924255","-0.0008139610290527344","0.859464168548584","0.8944385647773743","-0.03497439622879028"
"Val","0","0.00005745467569795437","0.9159646034240723","0.916673481464386","-0.0007088780403137207","0.880123496055603","0.911887526512146","-0.03176403045654297"
"Val","0","0.000028767051844624802","0.8942470550537109","0.8950599431991577","-0.0008128881454467773","0.8544671535491943","0.889518141746521","-0.03505098819732666"
"Val","0","0.000009412150575371925","0.8473972082138062","0.8484987020492554","-0.0011014938354492188","0.7991266250610352","0.84164959192276","-0.042522966861724854"
"Val","0","0.00001710410106170457","0.8769036531448364","0.8778526782989502","-0.0009490251541137695","0.833426296710968","0.8720086812973022","-0.03858238458633423"
"Val","0","0.00003309881140012294","0.9052934050559998","0.9061436653137207","-0.0008502602577209473","0.8654974699020386","0.9012866020202637","-0.0357891321182251"
"Val","0","0.000021591715267277323","0.8759689927101135","0.876871645450592","-0.0009026527404785156","0.8329939842224121","0.8706351518630981","-0.037641167640686035"
"Val","0","0.000043608848500298336","0.9029608368873596","0.9037224054336548","-0.000761568546295166","0.8654195666313171","0.8985351324081421","-0.03311556577682495"
"Val","0","0.000012182656973891426","0.8614184260368347","0.8624330759048462","-0.0010146498680114746","0.8161143660545349","0.8562870025634766","-0.04017263650894165"
"Val","0","0.00001403462010785006","0.8667351007461548","0.8677647709846497","-0.001029670238494873","0.8203787803649902","0.861543595790863","-0.0411648154258728"
"Val","0","0.0000332115960191004","0.8956170082092285","0.8964200615882874","-0.0008030533790588379","0.8560313582420349","0.8910197019577026","-0.034988343715667725"
"Val","0","0.000035209552152082324","0.9024866819381714","0.9032816886901855","-0.0007950067520141602","0.863798975944519","0.898048460483551","-0.03424948453903198"
"Val","0","0.00012005871394649148","0.9326518774032593","0.933250904083252","-0.0005990266799926758","0.9015820622444153","0.9288877248764038","-0.027305662631988525"
"Val","0","0.00005241716280579567","0.9131603240966797","0.9139130115509033","-0.0007526874542236328","0.8755245208740234","0.9086117744445801","-0.03308725357055664"
"Val","0","0.000032793486752780154","0.8942004442214966","0.8950397968292236","-0.0008393526077270508","0.8538637757301331","0.8895120620727539","-0.03564828634262085"
"Val","0","0.00006572467100340873","0.9152735471725464","0.91595458984375","-0.0006810426712036133","0.8797407150268555","0.9113051295280457","-0.031564414501190186"
"Val","0","0.00003214647222193889","0.8967329263687134","0.8975400924682617","-0.0008071660995483398","0.8578250408172607","0.8921844363212585","-0.0343593955039978"
"Val","0","0.00002305588532180991","0.8833221197128296","0.8841989040374756","-0.0008767843246459961","0.8421063423156738","0.8783786296844482","-0.036272287368774414"
"Val","0","0.000025211473257513717","0.8929685950279236","0.8938227891921997","-0.000854194164276123","0.8520359992980957","0.8883788585662842","-0.03634285926818848"
"Val","0","0.000028200762244523503","0.8937219977378845","0.8946108222007751","-0.000888824462890625","0.8523217439651489","0.8888518214225769","-0.03653007745742798"
"Val","0","0.00002843934271368198","0.8898221254348755","0.8906699419021606","-0.0008478164672851562","0.8490424156188965","0.8848781585693359","-0.03583574295043945"
"Val","0","0.0000195328684640117","0.8785549402236938","0.8794801831245422","-0.0009252429008483887","0.8354491591453552","0.8736226558685303","-0.03817349672317505"
"Val","0","0.00007910167187219486","0.9257525205612183","0.9263978004455566","-0.0006452798843383789","0.8921163082122803","0.9222365021705627","-0.03012019395828247"
"Val","0","0.00005779047205578536","0.9140958189964294","0.9147825837135315","-0.0006867647171020508","0.8786656856536865","0.9100490808486938","-0.031383395195007324"
"Val","0","0.000014879120499244891","0.8678351640701294","0.8688090443611145","-0.0009738802909851074","0.824237585067749","0.8629401922225952","-0.03870260715484619"
"Val","0","0.0001882827637018636","0.9379934072494507","0.9384822249412537","-0.0004888176918029785","0.9099138379096985","0.935399055480957","-0.025485217571258545"
"Val","0","0.0001715237885946408","0.9315842986106873","0.9321271777153015","-0.0005428791046142578","0.9003649950027466","0.9280389547348022","-0.027673959732055664"
"Val","0","0.00005723129288526252","0.9023000597953796","0.9030318260192871","-0.0007317662239074707","0.8646472692489624","0.8974102735519409","-0.032763004302978516"
"Val","0","0.000017030624803737737","0.8691719770431519","0.8701008558273315","-0.0009288787841796875","0.8252617120742798","0.8640305995941162","-0.038768887519836426"
"Val","0","0.000013555223631556146","0.8672012090682983","0.8681946992874146","-0.000993490219116211","0.8221793174743652","0.8618413209915161","-0.03966200351715088"
"Val","0","0.000021909379938733764","0.8862343430519104","0.8871368169784546","-0.0009024739265441895","0.8443933129310608","0.8813701868057251","-0.03697687387466431"
"Val","0","0.00002821270390995778","0.8964270949363708","0.8972726464271545","-0.0008455514907836914","0.855865478515625","0.891717791557312","-0.03585231304168701"
"Val","0","0.000025222772819688544","0.8908047676086426","0.8916910886764526","-0.0008863210678100586","0.8496093153953552","0.8861483931541443","-0.03653907775878906"
"Val","0","0.000014868128346279263","0.8669312596321106","0.8679097890853882","-0.0009785294532775879","0.8220398426055908","0.8614732027053833","-0.03943336009979248"
"Val","0","0.00001770490052876994","0.8737740516662598","0.8746871948242188","-0.0009131431579589844","0.8309781551361084","0.868865966796875","-0.0378878116607666"
"Val","0","0.00002569966272858437","0.8921613693237305","0.8930267095565796","-0.0008653402328491211","0.8513495922088623","0.8873481154441833","-0.035998523235321045"
"Val","0","0.000007883486432547215","0.8381705284118652","0.8392419219017029","-0.0010713934898376465","0.7904666662216187","0.8324216604232788","-0.041954994201660156"
"Val","0","0.000034363001759629697","0.8989105224609375","0.8997149467468262","-0.0008044242858886719","0.8605366349220276","0.8946065306663513","-0.03406989574432373"
"Val","0","0.00003447713243076578","0.8999403715133667","0.900733232498169","-0.0007928609848022461","0.8609600067138672","0.8953621983528137","-0.03440219163894653"
"Val","0","0.00006767459854017943","0.92043137550354","0.9211241006851196","-0.0006927251815795898","0.8848158121109009","0.9168338179588318","-0.03201800584793091"
"Val","0","0.00002695017246878706","0.8921292424201965","0.8929643630981445","-0.000835120677947998","0.8523463010787964","0.887808084487915","-0.03546178340911865"
"Val","0","0.00002118609700119123","0.8839254379272461","0.8848576545715332","-0.0009322166442871094","0.8414932489395142","0.8790565133094788","-0.0375632643699646"
"Val","0","0.000018782458937494084","0.8763846158981323","0.8773316144943237","-0.0009469985961914062","0.8326366543769836","0.8711270093917847","-0.038490355014801025"
"Val","0","0.00002176240559492726","0.8808910846710205","0.8818292617797852","-0.0009381771087646484","0.8373557329177856","0.8766788244247437","-0.03932309150695801"
"Val","0","0.00001712154335109517","0.8764485120773315","0.8774210214614868","-0.0009725093841552734","0.8331699371337891","0.871707558631897","-0.03853762149810791"
"Val","0","0.000013040863450441975","0.863667905330658","0.8646721839904785","-0.0010042786598205566","0.8187167644500732","0.85846346616745","-0.03974670171737671"
"Val","0","0.000017283728084294125","0.875890851020813","0.8768338561058044","-0.0009430050849914551","0.8324165940284729","0.8709296584129333","-0.03851306438446045"
"Val","0","0.00003572193600120954","0.901901125907898","0.9026757478713989","-0.0007746219635009766","0.8634278774261475","0.8976231217384338","-0.03419524431228638"
"Val","0","0.00003374835796421394","0.8969800472259521","0.8977538347244263","-0.0007737874984741211","0.8581413626670837","0.8923307061195374","-0.03418934345245361"
"Val","0","0.000026961639377987012","0.8871530294418335","0.8880065083503723","-0.0008534789085388184","0.8464264273643494","0.8822094798088074","-0.03578305244445801"
"Val","0","0.000016198113371501677","0.8743858337402344","0.8753158450126648","-0.0009300112724304199","0.8308306932449341","0.8693571090698242","-0.03852641582489014"
"Val","0","0.00001843991776695475","0.8759229183197021","0.876840353012085","-0.0009174346923828125","0.8331537246704102","0.870974063873291","-0.03782033920288086"
"Val","0","0.000010326868505217135","0.8528051376342773","0.8538472056388855","-0.0010420680046081543","0.8062231540679932","0.8471431136131287","-0.0409199595451355"
"Val","0","0.000014925151845091023","0.8646918535232544","0.8656669855117798","-0.0009751319885253906","0.8198367357254028","0.8593567609786987","-0.0395200252532959"
"Val","0","0.000029691567760892212","0.8929577469825745","0.8938140869140625","-0.0008563399314880371","0.8519095182418823","0.8879640698432922","-0.03605455160140991"
"Val","0","0.00002020830288529396","0.879309892654419","0.880243182182312","-0.0009332895278930664","0.8356499075889587","0.8744269013404846","-0.03877699375152588"
"Val","0","0.000026530284230830148","0.8904978632926941","0.8913619518280029","-0.0008640885353088379","0.8492990732192993","0.8857013583183289","-0.03640228509902954"
"Val","0","0.000040378170524491","0.9015823602676392","0.9024186134338379","-0.0008362531661987305","0.8614950180053711","0.897835910320282","-0.03634089231491089"
"Val","0","0.000016862020856933668","0.8760713338851929","0.877036452293396","-0.000965118408203125","0.8320370316505432","0.8710830211639404","-0.03904598951339722"
"Val","0","0.0000493246188852936","0.9124279022216797","0.9131803512573242","-0.0007524490356445312","0.8751947283744812","0.9083594083786011","-0.03316468000411987"
"Val","0","0.000012470496585592628","0.8615262508392334","0.8625769019126892","-0.0010506510734558105","0.8149710893630981","0.8559460043907166","-0.04097491502761841"
"Val","0","0.000027548405341804028","0.8820318579673767","0.8828922510147095","-0.0008603930473327637","0.8402240872383118","0.8768441081047058","-0.03662002086639404"
"Val","0","0.000028899641620228067","0.8939799666404724","0.8948371410369873","-0.0008571743965148926","0.8543378710746765","0.8897390365600586","-0.03540116548538208"
"Val","0","0.00007844581705285236","0.9169145226478577","0.9175715446472168","-0.0006570219993591309","0.882436990737915","0.9126512408256531","-0.030214250087738037"
"Val","0","0.000015913581592030823","0.8668278455734253","0.8677724003791809","-0.0009445548057556152","0.8224276900291443","0.8615645170211792","-0.03913682699203491"
"Val","0","0.00010363361070631072","0.925048828125","0.925643801689148","-0.0005949735641479492","0.8922297954559326","0.9208924174308777","-0.02866262197494507"
"Val","0","0.000010229205145151354","0.8486446142196655","0.8496978282928467","-0.0010532140731811523","0.8014593720436096","0.8429915308952332","-0.041532158851623535"
"Val","0","0.000024778042643447407","0.8868895173072815","0.8877542018890381","-0.0008646845817565918","0.8462310433387756","0.8820647597312927","-0.03583371639251709"
"Val","0","0.00001999580126721412","0.8804385662078857","0.8813679814338684","-0.000929415225982666","0.8379916548728943","0.8754676580429077","-0.03747600317001343"
"Val","0","0.000028257485610083677","0.8905380964279175","0.8913698196411133","-0.0008317232131958008","0.8507182002067566","0.8859742283821106","-0.035256028175354004"
"Val","0","0.000017003510947688483","0.8725588321685791","0.8734720349311829","-0.0009132027626037598","0.8297601938247681","0.8674010038375854","-0.03764081001281738"
"Val","0","0.000022741993234376423","0.8869308829307556","0.887818455696106","-0.0008875727653503418","0.8450685739517212","0.8821833729743958","-0.03711479902267456"
"Val","0","0.0000125239876069827","0.8610620498657227","0.8621295690536499","-0.001067519187927246","0.8137428164482117","0.8555057644844055","-0.04176294803619385"
"Val","0","0.00003211049988749437","0.8963136076927185","0.8971482515335083","-0.0008346438407897949","0.8564978837966919","0.8914739489555359","-0.034976065158843994"
"Val","0","0.000014887211364111863","0.8694924116134644","0.8705052733421326","-0.0010128617286682129","0.8249359726905823","0.8644506931304932","-0.03951472043991089"
"Val","0","0.00001592060834809672","0.8701414465904236","0.8710957765579224","-0.0009543299674987793","0.825980007648468","0.8650774359703064","-0.03909742832183838"
"Val","0","0.00001976215025933925","0.8822338581085205","0.8831815719604492","-0.0009477138519287109","0.8392501473426819","0.8769752383232117","-0.037725090980529785"
"Val","0","0.00005818352656206116","0.9151442050933838","0.9158400893211365","-0.0006958842277526855","0.8797941207885742","0.9110589027404785","-0.0312647819519043"
"Val","0","0.00003316298534628004","0.8980007171630859","0.8988693952560425","-0.000868678092956543","0.8573117852210999","0.8935901522636414","-0.036278367042541504"
"Val","0","0.000025652114345575683","0.8812336325645447","0.8821059465408325","-0.0008723139762878418","0.8391921520233154","0.8761119246482849","-0.03691977262496948"
"Val","0","0.00004447290120879188","0.9077511429786682","0.9085400104522705","-0.0007888674736022949","0.8699043393135071","0.9031645059585571","-0.03326016664505005"
"Val","0","0.000026007852284237742","0.889335572719574","0.8902060985565186","-0.0008705258369445801","0.8479393124580383","0.8843544721603394","-0.036415159702301025"
"Val","0","0.00001567463914398104","0.8735175728797913","0.8744860887527466","-0.0009685158729553223","0.8291885852813721","0.8684447407722473","-0.039256155490875244"
"Val","0","0.00001586271719133947","0.8723276853561401","0.8732671737670898","-0.000939488410949707","0.828894853591919","0.8672654032707214","-0.03837054967880249"
"Val","0","0.00002707446583372075","0.8911134004592896","0.8919789791107178","-0.0008655786514282227","0.850959300994873","0.8868089318275452","-0.03584963083267212"
"Val","0","0.000013320837751962245","0.8641022443771362","0.8650768995285034","-0.0009746551513671875","0.8194408416748047","0.858993411064148","-0.03955256938934326"
"Val","1","0.9392967820167542","0.7183670997619629","0.7171148657798767","0.0012522339820861816","0.7547380924224854","0.7234162092208862","0.03132188320159912"
"Val","1","0.9999517202377319","0.2931135296821594","0.2914370596408844","0.0016764700412750244","0.34887534379959106","0.2993680536746979","0.04950729012489319"
"Val","1","0.9994943141937256","0.48048824071884155","0.478898286819458","0.001589953899383545","0.5312693119049072","0.4863932728767395","0.044876039028167725"
"Val","1","0.9979346990585327","0.5665005445480347","0.5649686455726624","0.0015318989753723145","0.6145262718200684","0.5721657872200012","0.04236048460006714"
"Val","1","0.9996640682220459","0.4494570791721344","0.4479040503501892","0.0015530288219451904","0.49997997283935547","0.453792542219162","0.04618743062019348"
"Val","1","0.9999121427536011","0.3580858111381531","0.3564208745956421","0.0016649365425109863","0.4139755666255951","0.363472044467926","0.05050352215766907"
"Val","1","0.9879783391952515","0.6477783918380737","0.646359920501709","0.001418471336364746","0.6916324496269226","0.6523635983467102","0.0392688512802124"
"Val","1","0.004440998658537865","0.9476925134658813","0.9476417303085327","0.00005078315734863281","0.9391612410545349","0.9484807252883911","-0.009319484233856201"
"Val","1","0.9597322940826416","0.7140049338340759","0.7127028703689575","0.0013020634651184082","0.7540246844291687","0.7184787392616272","0.035545945167541504"
"Val","1","0.9984660148620605","0.5452243089675903","0.5436913371086121","0.0015329718589782715","0.5937837362289429","0.5501608848571777","0.04362285137176514"
"Val","1","0.9998890161514282","0.3764945864677429","0.37484514713287354","0.0016494393348693848","0.4308748245239258","0.38175514340400696","0.04911968111991882"
"Val","1","0.9995166063308716","0.4711586534976959","0.4695344567298889","0.0016241967678070068","0.5239500999450684","0.4763873219490051","0.04756277799606323"
"Val","1","0.9999428987503052","0.32232317328453064","0.32060712575912476","0.0017160475254058838","0.37992286682128906","0.32829156517982483","0.05163130164146423"
"Val","1","0.9866807460784912","0.6420329213142395","0.6405470967292786","0.0014858245849609375","0.6879193186759949","0.6479026079177856","0.04001671075820923"
"Val","1","0.9998013377189636","0.4119083285331726","0.4103204011917114","0.0015879273414611816","0.4645948112010956","0.41666480898857117","0.047930002212524414"
"Val","1","0.9997377991676331","0.4300311505794525","0.42846202850341797","0.001569122076034546","0.4819962680339813","0.43462029099464417","0.04737597703933716"
"Val","1","0.9972243309020996","0.5587339401245117","0.5571123957633972","0.001621544361114502","0.6105416417121887","0.5651106238365173","0.04543101787567139"
"Val","1","0.9991670846939087","0.5078020095825195","0.5062320232391357","0.001569986343383789","0.5577064156532288","0.5127058029174805","0.04500061273574829"
"Val","1","0.99998939037323","0.1680482029914856","0.1664050668478012","0.0016431361436843872","0.2229139804840088","0.1733672320842743","0.0495467483997345"
"Val","1","0.2525057792663574","0.8656589388847351","0.8648554086685181","0.000803530216217041","0.8839442729949951","0.8688348531723022","0.015109419822692871"
"Val","1","0.9999651908874512","0.28955307602882385","0.287898451089859","0.0016546249389648438","0.3444865942001343","0.2947591543197632","0.049727439880371094"
"Val","1","0.43044161796569824","0.845316469669342","0.8444180488586426","0.0008984208106994629","0.8682736158370972","0.8486177325248718","0.019655883312225342"
"Val","1","0.999927282333374","0.3211818337440491","0.3195595145225525","0.001622319221496582","0.377360075712204","0.32726171612739563","0.05009835958480835"
"Val","1","0.005542779341340065","0.9582551121711731","0.9582270979881287","0.000028014183044433594","0.950190544128418","0.9582423567771912","-0.008051812648773193"
"Val","1","0.9952705502510071","0.5871295928955078","0.5856595039367676","0.0014700889587402344","0.6348085999488831","0.5916420817375183","0.043166518211364746"
"Val","1","0.9923694133758545","0.6239898204803467","0.6224657297134399","0.0015240907669067383","0.6729728579521179","0.6298871040344238","0.04308575391769409"
"Val","1","0.9998883008956909","0.37450283765792847","0.3728964328765869","0.0016064047813415527","0.4274302124977112","0.37895631790161133","0.048473894596099854"
"Val","1","0.9859541058540344","0.6613287329673767","0.6599346995353699","0.001394033432006836","0.7039998769760132","0.665971040725708","0.038028836250305176"
"Val","1","0.9513387084007263","0.7017875909805298","0.70041823387146","0.0013693571090698242","0.743797779083252","0.7081695199012756","0.03562825918197632"
"Val","1","0.9998458623886108","0.4011130928993225","0.39949601888656616","0.0016170740127563477","0.45510146021842957","0.4063282907009125","0.04877316951751709"
"Val","1","0.9991351962089539","0.506712019443512","0.505152702331543","0.0015593171119689941","0.5556648969650269","0.5114012956619263","0.044263601303100586"
"Val","1","0.9993523955345154","0.4919057786464691","0.49031445384025574","0.001591324806213379","0.5432283878326416","0.49674832820892334","0.04648005962371826"
"Val","1","0.9998440742492676","0.4018029272556305","0.4001951813697815","0.001607745885848999","0.45509839057922363","0.4068797528743744","0.04821863770484924"
"Val","1","0.9680748581886292","0.6974639296531677","0.6960750222206116","0.0013889074325561523","0.7388520240783691","0.7031088471412659","0.03574317693710327"
"Val","1","0.9306870102882385","0.7383708953857422","0.7371131181716919","0.001257777214050293","0.7764278054237366","0.7427749037742615","0.0336529016494751"
"Val","1","0.9959989786148071","0.5870057940483093","0.5855105519294739","0.0014952421188354492","0.6344757080078125","0.5922967195510864","0.042178988456726074"
"Val","1","0.9998822212219238","0.3851989805698395","0.3835914731025696","0.0016075074672698975","0.43774664402008057","0.3897630572319031","0.04798358678817749"
"Val","1","0.0047129797749221325","0.9625451564788818","0.9625053405761719","0.00003981590270996094","0.9538446068763733","0.9625427722930908","-0.00869816541671753"
"Val","1","0.08683569729328156","0.8951932787895203","0.8946603536605835","0.0005329251289367676","0.9039809107780457","0.8976134061813354","0.006367504596710205"
"Val","1","0.987220048904419","0.6495783925056458","0.6482754945755005","0.0013028979301452637","0.688226044178009","0.6529250144958496","0.035301029682159424"
"Val","1","0.994163453578949","0.6053035259246826","0.6038682460784912","0.0014352798461914062","0.6508625745773315","0.6104589700698853","0.04040360450744629"
"Val","1","0.5909463763237","0.8343929052352905","0.8334535956382751","0.0009393095970153809","0.8582113981246948","0.838158369064331","0.02005302906036377"
"Val","1","0.999650239944458","0.4539777934551239","0.4523814022541046","0.0015963912010192871","0.5054470896720886","0.45933252573013306","0.046114563941955566"
"Val","1","0.752175509929657","0.8018208742141724","0.800745964050293","0.0010749101638793945","0.8317754864692688","0.805097222328186","0.026678264141082764"
"Val","1","0.2881888747215271","0.8638588190078735","0.8631651401519775","0.0006936788558959961","0.8773767948150635","0.8652782440185547","0.012098550796508789"
"Val","1","0.9953718781471252","0.5995111465454102","0.5980128645896912","0.0014982819557189941","0.6459473967552185","0.6042279601097107","0.04171943664550781"
"Val","1","0.9994840621948242","0.4777633249759674","0.4762118458747864","0.0015514791011810303","0.5277760028839111","0.4821164309978485","0.04565957188606262"
"Val","1","0.9950482249259949","0.593299388885498","0.5918112993240356","0.0014880895614624023","0.639716386795044","0.5985468029975891","0.041169583797454834"
"Val","1","0.9942674040794373","0.5973411202430725","0.5958338379859924","0.0015072822570800781","0.6452656984329224","0.6035082340240479","0.04175746440887451"
"Val","1","0.9975472092628479","0.5677242279052734","0.5662951469421387","0.0014290809631347656","0.6120720505714417","0.5715123414993286","0.04055970907211304"
"Val","1","0.9957981705665588","0.5942424535751343","0.592729389667511","0.001513063907623291","0.6419932246208191","0.5991710424423218","0.042822182178497314"
"Val","1","0.9999773502349854","0.2482859045267105","0.2466244399547577","0.0016614645719528198","0.30304402112960815","0.25371503829956055","0.04932898283004761"
"Val","1","0.999646782875061","0.4554256498813629","0.4538428485393524","0.001582801342010498","0.5062592625617981","0.46006327867507935","0.04619598388671875"
"Val","1","0.9998494386672974","0.4007973074913025","0.3992146849632263","0.0015826225280761719","0.4524942636489868","0.4052101671695709","0.047284096479415894"
"Val","1","0.9997575879096985","0.42108598351478577","0.41941243410110474","0.0016735494136810303","0.47656577825546265","0.4272042512893677","0.04936152696609497"
"Val","1","0.999758780002594","0.4375946521759033","0.4359576106071472","0.0016370415687561035","0.4899323284626007","0.442493200302124","0.047439128160476685"
"Val","1","0.9511662125587463","0.7229198217391968","0.7216748595237732","0.001244962215423584","0.7593702077865601","0.7267184257507324","0.03265178203582764"
"Val","1","0.9779150485992432","0.6848330497741699","0.6834355592727661","0.0013974905014038086","0.7265318632125854","0.6905936598777771","0.03593820333480835"
"Val","1","0.9997770190238953","0.4228508770465851","0.4211851954460144","0.0016656816005706787","0.47708892822265625","0.42841675877571106","0.04867216944694519"
"Val","1","0.9393662214279175","0.7280749082565308","0.7268495559692383","0.0012253522872924805","0.7654243111610413","0.7320241928100586","0.033400118350982666"
"Val","1","0.9997449517250061","0.43183690309524536","0.43019020557403564","0.0016466975212097168","0.4859870672225952","0.4370139539241791","0.04897311329841614"
"Val","1","0.9998167157173157","0.4167715311050415","0.41518181562423706","0.0015897154808044434","0.4682440459728241","0.42124179005622864","0.04700225591659546"
"Val","1","0.9995751976966858","0.46353602409362793","0.46194201707839966","0.0015940070152282715","0.5149635076522827","0.4683018922805786","0.0466616153717041"
"Val","1","0.9992775321006775","0.4973747432231903","0.4958555996417999","0.0015191435813903809","0.5459015369415283","0.5014520287513733","0.04444950819015503"
"Val","1","0.9999196529388428","0.3560826778411865","0.3544273376464844","0.0016553401947021484","0.4106767475605011","0.36118558049201965","0.049491167068481445"
"Val","1","0.0881170704960823","0.9252171516418457","0.9246997833251953","0.0005173683166503906","0.9338767528533936","0.9265406727790833","0.007336080074310303"
"Val","1","0.9984623193740845","0.5376981496810913","0.5361794233322144","0.0015187263488769531","0.5866107940673828","0.5423623323440552","0.04424846172332764"
"Val","1","0.9998856782913208","0.37595534324645996","0.3742571771144867","0.0016981661319732666","0.432220458984375","0.38140541315078735","0.050815045833587646"
"Val","1","0.18127067387104034","0.8960183262825012","0.8953766822814941","0.0006416440010070801","0.9098105430603027","0.8983093500137329","0.011501193046569824"
"Val","1","0.9996817111968994","0.44467034935951233","0.44303858280181885","0.0016317665576934814","0.4977883994579315","0.4500780999660492","0.047710299491882324"
"Val","1","0.0010414934949949384","0.9497575163841248","0.9499603509902954","-0.0002028346061706543","0.9313900470733643","0.9473454356193542","-0.01595538854598999"
"Val","1","0.07427552342414856","0.9271830916404724","0.9266765117645264","0.0005065798759460449","0.9350441694259644","0.928287148475647","0.006757020950317383"
"Val","1","0.9994845390319824","0.47312450408935547","0.47156593203544617","0.0015585720539093018","0.5235810279846191","0.4776117205619812","0.04596930742263794"
"Val","1","0.9969930648803711","0.5728132724761963","0.5713394284248352","0.001473844051361084","0.6194969415664673","0.5771154761314392","0.042381465435028076"
"Val","1","0.99983811378479","0.40749114751815796","0.4058658480644226","0.0016252994537353516","0.4604358375072479","0.4127715826034546","0.047664254903793335"
"Val","1","0.9911613464355469","0.6378334760665894","0.6364221572875977","0.0014113187789916992","0.6811844110488892","0.642256498336792","0.03892791271209717"
"Val","1","0.9999626874923706","0.27994680404663086","0.27826088666915894","0.0016859173774719238","0.3369671106338501","0.2861698567867279","0.05079725384712219"
"Val","1","0.003962744493037462","0.93924480676651","0.9392623901367188","-0.000017583370208740234","0.9261115193367004","0.9373836517333984","-0.011272132396697998"
"Val","1","0.9844198822975159","0.65467369556427","0.6532567739486694","0.001416921615600586","0.6985735297203064","0.6612204909324646","0.0373530387878418"
"Val","1","0.9998243451118469","0.40786492824554443","0.4061959385871887","0.0016689896583557129","0.46243709325790405","0.41320937871932983","0.04922771453857422"
"Val","1","0.9999754428863525","0.26003217697143555","0.2583799958229065","0.0016521811485290527","0.31554028391838074","0.2657959759235382","0.04974430799484253"
"Val","1","0.9999645948410034","0.29634329676628113","0.2946988344192505","0.0016444623470306396","0.35173583030700684","0.3014322519302368","0.05030357837677002"
"Val","1","0.9924553632736206","0.6200289726257324","0.6185199022293091","0.0015090703964233398","0.6684224605560303","0.6253973245620728","0.04302513599395752"
"Val","1","0.9555155038833618","0.7181180715560913","0.716820240020752","0.0012978315353393555","0.757678210735321","0.7226574420928955","0.03502076864242554"
"Val","1","0.9998539686203003","0.3946240544319153","0.3929845094680786","0.00163954496383667","0.44932809472084045","0.4000188708305359","0.049309223890304565"
"Val","1","0.9999885559082031","0.17206960916519165","0.170449361205101","0.0016202479600906372","0.22855812311172485","0.17785963416099548","0.05069848895072937"
"Val","1","0.9999873638153076","0.1815110594034195","0.17991356551647186","0.0015974938869476318","0.23541179299354553","0.1866474449634552","0.04876434803009033"
"Val","1","0.9950264096260071","0.590453028678894","0.5889177918434143","0.0015352368354797363","0.6417572498321533","0.5965945720672607","0.04516267776489258"
"Val","1","0.00005331950160325505","0.7876284122467041","0.7885608673095703","-0.0009324550628662109","0.749017596244812","0.7849022150039673","-0.03588461875915527"
"Val","1","0.9999427795410156","0.3253896236419678","0.32374250888824463","0.0016471147537231445","0.37974536418914795","0.33006763458251953","0.04967772960662842"
"Val","1","0.9998912811279297","0.38017022609710693","0.37854719161987305","0.0016230344772338867","0.4337056875228882","0.3849729597568512","0.04873272776603699"
"Val","1","0.9994581341743469","0.48407113552093506","0.4825006127357483","0.0015705227851867676","0.5361196398735046","0.48974305391311646","0.046376585960388184"
"Val","1","0.9946581721305847","0.6059799194335938","0.604570209980011","0.0014097094535827637","0.648937463760376","0.6106581091880798","0.03827935457229614"
"Val","1","0.9989356398582458","0.5222977995872498","0.5207700729370117","0.0015277266502380371","0.5711461901664734","0.5267667174339294","0.044379472732543945"
"Val","1","0.9976551532745361","0.56214439868927","0.560661792755127","0.0014826059341430664","0.6089193820953369","0.5663667321205139","0.042552649974823"
"Val","1","0.9721277356147766","0.6585980653762817","0.6572482585906982","0.001349806785583496","0.7021936774253845","0.665605902671814","0.03658777475357056"
"Val","1","0.9999451637268066","0.32505157589912415","0.32335713505744934","0.0016944408416748047","0.38085734844207764","0.3305394649505615","0.05031788349151611"
"Val","1","0.9982104301452637","0.5434437990188599","0.5418798923492432","0.0015639066696166992","0.5931817293167114","0.5485272407531738","0.0446544885635376"
"Val","1","0.9819942116737366","0.666607141494751","0.6652172803878784","0.0013898611068725586","0.7086607217788696","0.6718372702598572","0.03682345151901245"
"Val","1","0.9857386350631714","0.6536962985992432","0.6523262858390808","0.0013700127601623535","0.6956573724746704","0.6591920852661133","0.03646528720855713"
"Val","1","0.9993855953216553","0.4823688268661499","0.48074740171432495","0.0016214251518249512","0.535112738609314","0.4875639081001282","0.04754883050918579"
"Val","1","0.99986732006073","0.3908672630786896","0.38925719261169434","0.0016100704669952393","0.44417500495910645","0.39585626125335693","0.04831874370574951"
"Val","1","0.9938777089118958","0.6059197187423706","0.6044792532920837","0.0014404654502868652","0.6516460180282593","0.6115202903747559","0.04012572765350342"
"Val","1","0.9999080896377563","0.37140536308288574","0.369753897190094","0.001651465892791748","0.4249269962310791","0.3764380216598511","0.04848897457122803"
"Val","1","0.7919731140136719","0.7753505706787109","0.7743868231773376","0.000963747501373291","0.8005425930023193","0.7770699262619019","0.02347266674041748"
"Val","1","0.9999234676361084","0.3578910827636719","0.3562179505825043","0.0016731321811676025","0.41250908374786377","0.36425358057022095","0.04825550317764282"
"Val","1","0.14218860864639282","0.8774445056915283","0.8768930435180664","0.0005514621734619141","0.8860890865325928","0.8774918913841248","0.008597195148468018"
"Val","1","0.9976921081542969","0.5591456890106201","0.557615339756012","0.0015303492546081543","0.6080681085586548","0.5639806389808655","0.04408746957778931"
"Val","1","0.999344527721405","0.4930649697780609","0.4915064573287964","0.0015585124492645264","0.5430623292922974","0.49760496616363525","0.04545736312866211"
"Val","1","0.9998301267623901","0.40199050307273865","0.40038061141967773","0.001609891653060913","0.4550667703151703","0.406671941280365","0.0483948290348053"
"Val","1","0.9824535846710205","0.6709027290344238","0.6695517897605896","0.0013509392738342285","0.7118470072746277","0.676214873790741","0.03563213348388672"
"Val","1","0.9998427629470825","0.4029489755630493","0.40132981538772583","0.0016191601753234863","0.4558994770050049","0.4077194929122925","0.0481799840927124"
"Val","1","0.9998255372047424","0.3890213668346405","0.3873525857925415","0.001668781042098999","0.4429757297039032","0.39596879482269287","0.04700693488121033"
"Val","1","0.984160840511322","0.639487087726593","0.6380559802055359","0.001431107521057129","0.6856691837310791","0.6465001106262207","0.0391690731048584"
"Val","1","0.6188437938690186","0.8370264172554016","0.8360111117362976","0.001015305519104004","0.8646669387817383","0.8414604663848877","0.023206472396850586"
"Val","1","0.9999661445617676","0.2850817143917084","0.2834177613258362","0.0016639530658721924","0.33941611647605896","0.2903286814689636","0.04908743500709534"
"Val","1","0.999830961227417","0.40232208371162415","0.4006812572479248","0.0016408264636993408","0.45556381344795227","0.4080810546875","0.04748275876045227"
"Val","1","0.9998815059661865","0.3888895809650421","0.3872162103652954","0.001673370599746704","0.44349604845046997","0.3953516185283661","0.04814442992210388"
"Val","1","0.9999417066574097","0.33488571643829346","0.3332476019859314","0.0016381144523620605","0.38898521661758423","0.3400031626224518","0.048982053995132446"
"Val","1","0.9999724626541138","0.26185333728790283","0.26017260551452637","0.0016807317733764648","0.31705284118652344","0.2676587402820587","0.04939410090446472"
"Val","1","0.9998834133148193","0.37780702114105225","0.3761083483695984","0.0016986727714538574","0.4341159164905548","0.3832811713218689","0.05083474516868591"
"Val","1","0.048190485686063766","0.9127991199493408","0.912420392036438","0.00037872791290283203","0.915048360824585","0.9123005270957947","0.002747833728790283"
"Val","1","0.9999133348464966","0.3606199622154236","0.3590032458305359","0.0016167163848876953","0.4146859645843506","0.3659861087799072","0.04869985580444336"
"Val","1","0.01165749877691269","0.9018492698669434","0.9018000364303589","0.000049233436584472656","0.8982194066047668","0.9027339816093445","-0.004514575004577637"
"Val","1","0.9999815225601196","0.20413251221179962","0.20253734290599823","0.0015951693058013916","0.255991667509079","0.2094961404800415","0.046495527029037476"
"Val","1","0.999482274055481","0.47145113348960876","0.46987229585647583","0.0015788376331329346","0.523321807384491","0.47608068585395813","0.04724112153053284"
"Val","1","0.9930262565612793","0.603359043598175","0.6019079685211182","0.0014510750770568848","0.6488637328147888","0.6091048121452332","0.039758920669555664"
"Val","1","0.9999691247940063","0.2782599925994873","0.2766115367412567","0.0016484558582305908","0.3323458433151245","0.28308650851249695","0.049259334802627563"
"Val","1","0.9939631819725037","0.6204535961151123","0.618990421295166","0.001463174819946289","0.6651173233985901","0.6248433589935303","0.040273964405059814"
"Val","1","0.9905076026916504","0.6289033889770508","0.627425491809845","0.0014778971672058105","0.6756508350372314","0.6341316103935242","0.041519224643707275"
"Val","1","0.37851953506469727","0.8755102753639221","0.8746668696403503","0.0008434057235717773","0.8963908553123474","0.878791093826294","0.017599761486053467"
"Val","1","0.999321699142456","0.48721441626548767","0.4856155216693878","0.0015988945960998535","0.5385628342628479","0.49284985661506653","0.04571297764778137"
"Val","1","0.9998486042022705","0.3998153805732727","0.3981947898864746","0.0016205906867980957","0.45335301756858826","0.4046599268913269","0.04869309067726135"
"Val","1","0.9976335763931274","0.5613492131233215","0.5598258376121521","0.0015233755111694336","0.6098924875259399","0.5668004751205444","0.04309201240539551"
"Val","1","0.531464695930481","0.8406349420547485","0.839734673500061","0.0009002685546875","0.8645972609519958","0.8431161046028137","0.02148115634918213"
"Val","1","0.9548295140266418","0.7024762630462646","0.7011696100234985","0.0013066530227661133","0.7426430583000183","0.7072671055793762","0.03537595272064209"
"Val","1","0.9804791212081909","0.6702044010162354","0.6688320636749268","0.0013723373413085938","0.7125817537307739","0.6745173931121826","0.03806436061859131"
"Val","1","0.9974761605262756","0.5684836506843567","0.566964328289032","0.001519322395324707","0.6168485283851624","0.5732028484344482","0.04364567995071411"
"Val","1","0.9999197721481323","0.35414090752601624","0.35247835516929626","0.0016625523567199707","0.4094693958759308","0.35981088876724243","0.049658507108688354"
"Val","1","0.9971942901611328","0.5704492330551147","0.5689059495925903","0.001543283462524414","0.6195051670074463","0.5755192041397095","0.043985962867736816"
"Val","1","0.9613873958587646","0.7035470604896545","0.7022533416748047","0.0012937188148498535","0.7420647144317627","0.7075017690658569","0.03456294536590576"
"Val","1","0.9897983074188232","0.6229457855224609","0.6214644908905029","0.0014812946319580078","0.6708275079727173","0.6300103068351746","0.040817201137542725"
"Val","1","0.9998576641082764","0.3963916599750519","0.394713819026947","0.0016778409481048584","0.45267432928085327","0.40273618698120117","0.0499381422996521"
"Val","1","0.9967040419578552","0.5849202871322632","0.5834493041038513","0.0014709830284118652","0.6318341493606567","0.5905469655990601","0.04128718376159668"
"Val","1","0.9968277812004089","0.5856848955154419","0.5842291712760925","0.0014557242393493652","0.6298065185546875","0.5910037755966187","0.03880274295806885"
"Val","1","0.9999334812164307","0.34761765599250793","0.34597939252853394","0.001638263463973999","0.40112370252609253","0.3523820638656616","0.04874163866043091"
"Val","1","0.9999567270278931","0.30401259660720825","0.3023619055747986","0.001650691032409668","0.3568858504295349","0.3091839551925659","0.047701895236968994"
"Val","1","0.6593325734138489","0.8113377690315247","0.8103973865509033","0.0009403824806213379","0.8347234129905701","0.8141772150993347","0.02054619789123535"
"Val","1","0.9999082088470459","0.34564346075057983","0.34402239322662354","0.0016210675239562988","0.3977488875389099","0.35167455673217773","0.04607433080673218"
"Val","1","0.9996623992919922","0.4515324532985687","0.44988274574279785","0.001649707555770874","0.5051042437553406","0.4569582939147949","0.048145949840545654"
"Val","1","0.9778863191604614","0.6765884160995483","0.6751589179039001","0.0014294981956481934","0.7202852964401245","0.681869387626648","0.03841590881347656"
"Val","1","0.9999134540557861","0.36277201771736145","0.361141175031662","0.0016308426856994629","0.4164826273918152","0.36752742528915405","0.04895520210266113"
"Val","1","0.9561854004859924","0.7126598358154297","0.7113891839981079","0.0012706518173217773","0.7499918937683105","0.7184274792671204","0.031564414501190186"
"Val","1","0.9998283386230469","0.4091152846813202","0.4075620174407959","0.001553267240524292","0.45900872349739075","0.4130380153656006","0.04597070813179016"
"Val","1","0.9987500905990601","0.5325655937194824","0.5310552716255188","0.001510322093963623","0.5802805423736572","0.5368404388427734","0.04344010353088379"
"Val","1","0.9996401071548462","0.45140963792800903","0.44977736473083496","0.0016322731971740723","0.5049041509628296","0.45653241872787476","0.048371732234954834"
"Val","1","0.9879955649375916","0.6397073268890381","0.6383113861083984","0.0013959407806396484","0.6834683418273926","0.6440123319625854","0.03945600986480713"
"Val","1","0.9998953342437744","0.37048041820526123","0.3688565194606781","0.0016238987445831299","0.42451053857803345","0.37538233399391174","0.049128204584121704"
"Val","1","0.9933255910873413","0.6230242252349854","0.6215792298316956","0.001444995403289795","0.6684937477111816","0.6274545788764954","0.04103916883468628"
"Val","1","0.9096196293830872","0.7447351217269897","0.7435119152069092","0.0012232065200805664","0.780555009841919","0.748593807220459","0.03196120262145996"
"Val","1","0.9998806715011597","0.38589173555374146","0.3843204975128174","0.0015712380409240723","0.43705761432647705","0.3900734484195709","0.04698416590690613"
"Val","1","0.9339128732681274","0.7342979907989502","0.7330441474914551","0.0012538433074951172","0.7719049453735352","0.7383488416671753","0.03355610370635986"
"Val","1","0.9574915170669556","0.7106122970581055","0.7092943787574768","0.0013179183006286621","0.7518515586853027","0.7163428664207458","0.035508692264556885"
"Val","1","0.9826969504356384","0.6741636395454407","0.6728285551071167","0.0013350844383239746","0.7138410806655884","0.6777406930923462","0.03610038757324219"
"Val","1","0.9945486187934875","0.5995820164680481","0.5980169773101807","0.0015650391578674316","0.649552583694458","0.6054031252861023","0.04414945840835571"
"Val","1","0.999940037727356","0.3318527936935425","0.3302341103553772","0.0016186833381652832","0.3866153657436371","0.3369632363319397","0.04965212941169739"
"Val","1","0.989340603351593","0.6358322501182556","0.634385347366333","0.0014469027519226074","0.6812946796417236","0.6404410004615784","0.040853679180145264"
"Val","1","0.9985042810440063","0.530983567237854","0.5294612050056458","0.001522362232208252","0.5799359679222107","0.5354722142219543","0.04446375370025635"
"Val","1","0.7620564699172974","0.7831745147705078","0.7820772528648376","0.001097261905670166","0.8137729167938232","0.7877304553985596","0.026042461395263672"
"Val","1","0.9998964071273804","0.37576887011528015","0.37416285276412964","0.0016060173511505127","0.4282432198524475","0.38047608733177185","0.04776713252067566"
"Val","1","0.11302726715803146","0.9025070667266846","0.9019723534584045","0.0005347132682800293","0.9106049537658691","0.9026679992675781","0.007936954498291016"
"Val","1","0.9999752044677734","0.25271812081336975","0.25109678506851196","0.001621335744857788","0.3060067892074585","0.2578873634338379","0.048119425773620605"
"Val","1","0.9694073796272278","0.6993273496627808","0.6979954242706299","0.001331925392150879","0.7386879920959473","0.7039053440093994","0.03478264808654785"
"Val","1","0.9871182441711426","0.6508575677871704","0.6494746208190918","0.0013829469680786133","0.6934430003166199","0.6549252271652222","0.038517773151397705"
"Val","1","0.9905767440795898","0.6278607845306396","0.6263907551765442","0.001470029354095459","0.6737754344940186","0.6333234310150146","0.040452003479003906"
"Val","1","0.9952648878097534","0.6131277084350586","0.6116867065429688","0.0014410018920898438","0.6572251319885254","0.6176682114601135","0.039556920528411865"
"Val","1","0.9925191402435303","0.6164523363113403","0.6150116324424744","0.0014407038688659668","0.6615661382675171","0.6215767860412598","0.039989352226257324"
"Val","1","0.579326868057251","0.8294060826301575","0.8284908533096313","0.000915229320526123","0.8519545793533325","0.83124840259552","0.0207061767578125"
"Val","1","0.9998550415039062","0.39769309759140015","0.39612478017807007","0.0015683174133300781","0.44826287031173706","0.4017159640789032","0.04654690623283386"
"Val","1","0.9999881982803345","0.17432302236557007","0.17272266745567322","0.0016003549098968506","0.2309160679578781","0.1798364371061325","0.051079630851745605"
"Val","1","0.9999088048934937","0.36232057213783264","0.3606588840484619","0.0016616880893707275","0.4180354177951813","0.36783361434936523","0.05020180344581604"
"Val","1","0.6565384864807129","0.8143694400787354","0.8133713006973267","0.0009981393814086914","0.8412046432495117","0.8183482885360718","0.02285635471343994"
"Val","1","0.9998728036880493","0.38880228996276855","0.3872297406196594","0.0015725493431091309","0.43970900774002075","0.3927638530731201","0.046945154666900635"
"Val","1","0.9999098777770996","0.36323514580726624","0.36160990595817566","0.0016252398490905762","0.4174308180809021","0.36865049600601196","0.04878032207489014"
"Val","1","0.5281924605369568","0.8421605825424194","0.8412372469902039","0.0009233355522155762","0.8672438859939575","0.845177412033081","0.022066473960876465"
"Val","1","0.9709236025810242","0.6839002370834351","0.6825723648071289","0.0013278722763061523","0.7243772745132446","0.6890056133270264","0.03537166118621826"
"Val","1","0.007890756241977215","-0.11459286510944366","-0.11327910423278809","-0.0013137608766555786","-0.15403394401073456","-0.12192562222480774","-0.03210832178592682"
"Val","1","0.9975405931472778","0.5699685215950012","0.5683974027633667","0.0015711188316345215","0.6202758550643921","0.5762230157852173","0.044052839279174805"
"Val","1","0.00399087555706501","0.9533612728118896","0.9533672332763672","-0.0000059604644775390625","0.9422315359115601","0.952656626701355","-0.010425090789794922"
"Val","1","0.9934694766998291","0.6164795160293579","0.615013837814331","0.0014656782150268555","0.6626763343811035","0.6212151050567627","0.04146122932434082"
"Val","1","0.9609867334365845","0.6907267570495605","0.6893852949142456","0.0013414621353149414","0.7313148975372314","0.6966981291770935","0.03461676836013794"
"Val","1","0.9976803064346313","0.5629978179931641","0.5615512132644653","0.0014466047286987305","0.6076037883758545","0.5671305060386658","0.04047328233718872"
"Val","1","0.9995965361595154","0.46349865198135376","0.4619963765144348","0.0015022754669189453","0.5111796259880066","0.46736639738082886","0.043813228607177734"
"Val","1","0.9986302852630615","0.5331312417984009","0.5315695405006409","0.0015617012977600098","0.5827288627624512","0.5378766059875488","0.044852256774902344"
"Val","1","0.9711306095123291","0.6999950408935547","0.6986430883407593","0.0013519525527954102","0.740393340587616","0.7043640613555908","0.036029279232025146"
"Val","1","0.8460693359375","0.7734442353248596","0.7722879648208618","0.0011562705039978027","0.8069504499435425","0.7776013612747192","0.029349088668823242"
"Val","1","0.9803942441940308","0.6715971827507019","0.6702613234519958","0.0013358592987060547","0.7119137644767761","0.6756287813186646","0.03628498315811157"
"Val","1","0.9983592629432678","0.5454985499382019","0.5439627170562744","0.0015358328819274902","0.5939794182777405","0.5502020120620728","0.043777406215667725"
"Val","1","0.9911558628082275","0.6300876140594482","0.6286434531211853","0.0014441609382629395","0.6756975054740906","0.6349617838859558","0.040735721588134766"
"Val","1","0.9998795986175537","0.3852320611476898","0.3836482763290405","0.001583784818649292","0.4372149109840393","0.3895849883556366","0.04762992262840271"
"Val","1","0.03264819458127022","0.9413524866104126","0.9409881830215454","0.0003643035888671875","0.9431303143501282","0.9415758848190308","0.0015544295310974121"
"Val","1","0.9999587535858154","0.29983457922935486","0.2981560528278351","0.0016785264015197754","0.3548758029937744","0.30559149384498596","0.04928430914878845"
"Val","1","0.0003358961548656225","0.9341526031494141","0.9345630407333374","-0.00041043758392333984","0.9078921675682068","0.9305879473686218","-0.02269577980041504"
"Val","1","0.9227831363677979","0.7411656379699707","0.7399218082427979","0.0012438297271728516","0.7785048484802246","0.7454289793968201","0.03307586908340454"
"Val","1","0.7719328999519348","0.7921245098114014","0.7910560369491577","0.0010684728622436523","0.8224068880081177","0.7953294515609741","0.027077436447143555"
"Val","1","0.9996891021728516","0.4502342939376831","0.4486106038093567","0.001623690128326416","0.5029690265655518","0.45588797330856323","0.047081053256988525"
"Val","1","0.9990414977073669","0.5107347369194031","0.5092121958732605","0.0015225410461425781","0.5596457123756409","0.5151005387306213","0.04454517364501953"
"Val","1","0.9992138147354126","0.5023437142372131","0.500809907913208","0.001533806324005127","0.5515856742858887","0.5069413185119629","0.04464435577392578"
"Val","1","0.9992910623550415","0.49577397108078003","0.4941924512386322","0.0015815198421478271","0.5461208820343018","0.5006052255630493","0.04551565647125244"
"Val","1","0.999832272529602","0.4046052098274231","0.40289804339408875","0.0017071664333343506","0.4610447287559509","0.41050970554351807","0.05053502321243286"
"Val","1","0.9993942975997925","0.47413158416748047","0.47249463200569153","0.0016369521617889404","0.5282372236251831","0.4810553789138794","0.04718184471130371"
"Val","1","0.9993337988853455","0.49591127038002014","0.494337260723114","0.001574009656906128","0.5465313792228699","0.5010495781898499","0.04548180103302002"
"Val","1","0.9993876218795776","0.4891248643398285","0.48755842447280884","0.0015664398670196533","0.539789617061615","0.49433624744415283","0.04545336961746216"
"Val","1","0.996665894985199","0.5836670398712158","0.5821395516395569","0.0015274882316589355","0.6326732039451599","0.5900418162345886","0.04263138771057129"
"Val","1","0.9958472847938538","0.5948035717010498","0.5933762192726135","0.0014273524284362793","0.6385743618011475","0.5988788604736328","0.03969550132751465"
"Val","1","0.9999737739562988","0.2532610297203064","0.251578688621521","0.0016823410987854004","0.30949485301971436","0.25885269045829773","0.050642162561416626"
"Val","1","0.9997673630714417","0.4150596857070923","0.41337382793426514","0.0016858577728271484","0.4715864062309265","0.42149072885513306","0.05009567737579346"
"Val","1","0.999588668346405","0.45624980330467224","0.4546188712120056","0.001630932092666626","0.5097808241844177","0.4617612361907959","0.048019587993621826"
"Val","1","0.5093282461166382","0.8479781150817871","0.8470820784568787","0.0008960366249084473","0.8712345957756042","0.8505813479423523","0.020653247833251953"
"Val","1","0.9994333386421204","0.4825570285320282","0.4809522330760956","0.0016047954559326172","0.533522367477417","0.48756739497184753","0.04595497250556946"
"Val","1","0.9242205023765564","0.7440017461776733","0.7427834272384644","0.0012183189392089844","0.7794772386550903","0.7476241588592529","0.0318530797958374"
"Val","1","0.9999444484710693","0.33058109879493713","0.3289564847946167","0.0016246140003204346","0.384391725063324","0.3352767825126648","0.04911494255065918"
"Val","1","0.9999785423278809","0.24953043460845947","0.24787446856498718","0.00165596604347229","0.30452603101730347","0.25463351607322693","0.04989251494407654"
"Val","1","0.9960492253303528","0.5786098837852478","0.5770286917686462","0.0015811920166015625","0.6285730004310608","0.5846459269523621","0.04392707347869873"
"Val","1","0.9998948574066162","0.3750208616256714","0.37335216999053955","0.001668691635131836","0.43091344833374023","0.3807871341705322","0.05012631416320801"
"Val","1","0.9996482133865356","0.45679721236228943","0.4552525281906128","0.0015446841716766357","0.5065330266952515","0.4611820876598358","0.04535093903541565"
"Val","1","0.00151454855222255","0.9416549801826477","0.9418439865112305","-0.00018900632858276367","0.9234499335289001","0.9386875629425049","-0.015237629413604736"
"Val","1","0.999956488609314","0.3011779189109802","0.29949450492858887","0.0016834139823913574","0.35725879669189453","0.3071586787700653","0.050100117921829224"
"Val","1","0.9837797284126282","0.6570355892181396","0.6556317806243896","0.00140380859375","0.701712429523468","0.6621883511543274","0.039524078369140625"
"Val","1","0.9995574355125427","0.4759340286254883","0.47438621520996094","0.0015478134155273438","0.5253930687904358","0.4805576503276825","0.044835418462753296"
"Val","1","0.9953956007957458","0.5964384078979492","0.5949689149856567","0.0014694929122924805","0.6425907611846924","0.6009262800216675","0.0416644811630249"
"Val","1","0.9938593506813049","0.6004602909088135","0.5989535450935364","0.0015067458152770996","0.6489337682723999","0.6057103872299194","0.04322338104248047"
"Val","1","0.9999334812164307","0.34314900636672974","0.34148356318473816","0.0016654431819915771","0.39783284068107605","0.3485523462295532","0.04928049445152283"
"Val","1","0.9993953704833984","0.48328012228012085","0.4817053973674774","0.0015747249126434326","0.5350363850593567","0.4881587326526642","0.046877652406692505"
"Val","1","0.9999215602874756","0.3490551710128784","0.3474019765853882","0.0016531944274902344","0.40486031770706177","0.35433390736579895","0.05052641034126282"
"Val","1","0.9997445940971375","0.44352418184280396","0.4418438673019409","0.0016803145408630371","0.4985707402229309","0.45035040378570557","0.04822033643722534"
"Val","1","0.9727776646614075","0.6805434226989746","0.67926025390625","0.0012831687927246094","0.7192333340644836","0.6850102543830872","0.034223079681396484"
"Val","1","0.9997783303260803","0.4160076081752777","0.414326936006546","0.0016806721687316895","0.4708695411682129","0.42246806621551514","0.048401474952697754"
"Val","1","0.23620064556598663","0.8752513527870178","0.8745628595352173","0.0006884932518005371","0.8905120491981506","0.8765156269073486","0.013996422290802002"
"Val","1","0.9852006435394287","0.6461796164512634","0.6448063254356384","0.001373291015625","0.6901216506958008","0.651648759841919","0.038472890853881836"
"Val","1","0.04808833450078964","0.9173408150672913","0.9168798923492432","0.0004609227180480957","0.9237101674079895","0.9199506044387817","0.0037595629692077637"
"Val","1","0.9808961153030396","0.6732290983200073","0.671918511390686","0.001310586929321289","0.7115442752838135","0.6768562197685242","0.03468805551528931"
"Val","1","0.9997794032096863","0.4196541905403137","0.417994886636734","0.001659303903579712","0.4737129807472229","0.42570263147354126","0.04801034927368164"
"Val","1","0.9998683929443359","0.394341379404068","0.3926692008972168","0.0016721785068511963","0.44905784726142883","0.3996725380420685","0.04938530921936035"
"Val","1","0.9998983144760132","0.376872181892395","0.3752084970474243","0.0016636848449707031","0.4308069050312042","0.3827032446861267","0.048103660345077515"
"Val","1","0.9999111890792847","0.3635328412055969","0.3618687391281128","0.0016641020774841309","0.4181332588195801","0.3687325716018677","0.0494006872177124"
"Val","1","0.9996768236160278","0.44542381167411804","0.44379377365112305","0.0016300380229949951","0.49889862537384033","0.4505665898323059","0.048332035541534424"
"Val","1","0.9993900060653687","0.49467602372169495","0.49311497807502747","0.0015610456466674805","0.544485867023468","0.5000728368759155","0.04441303014755249"
"Val","1","0.9997665286064148","0.4218485355377197","0.4203150272369385","0.00153350830078125","0.4725190997123718","0.42612284421920776","0.04639625549316406"
"Val","1","0.9998713731765747","0.39216604828834534","0.39058157801628113","0.001584470272064209","0.4438481628894806","0.39667949080467224","0.04716867208480835"
"Val","1","0.9990929365158081","0.49756327271461487","0.4959232211112976","0.0016400516033172607","0.5502625107765198","0.5039768815040588","0.04628562927246094"
"Val","1","0.8489050269126892","0.7865161895751953","0.7853569984436035","0.0011591911315917969","0.8207336664199829","0.7904895544052124","0.030244112014770508"
"Val","1","0.9993428587913513","0.4928170442581177","0.491266131401062","0.001550912857055664","0.5422340035438538","0.49735453724861145","0.04487946629524231"
"Val","1","0.03464759886264801","0.9259079694747925","0.9255408048629761","0.00036716461181640625","0.928282618522644","0.9258237481117249","0.0024588704109191895"
"Val","1","0.5504770278930664","0.8419286608695984","0.840968132019043","0.0009605288505554199","0.8669054508209229","0.8452885150909424","0.02161693572998047"
"Val","1","0.0033248222898691893","0.9509361982345581","0.9509395360946655","-0.000003337860107421875","0.9403207898139954","0.9513803720474243","-0.011059582233428955"
"Val","1","0.9996212720870972","0.45934540033340454","0.4577549695968628","0.001590430736541748","0.5113815069198608","0.46430280804634094","0.0470786988735199"
"Val","1","0.999964714050293","0.2938867211341858","0.29221460223197937","0.001672118902206421","0.3492470383644104","0.29913318157196045","0.05011385679244995"
"Val","1","0.9996054768562317","0.46169307827949524","0.46011802554130554","0.0015750527381896973","0.5129445195198059","0.4664256274700165","0.04651889204978943"
"Val","1","0.9999176263809204","0.36082813143730164","0.35914313793182373","0.0016849935054779053","0.41589298844337463","0.36626148223876953","0.0496315062046051"
"Val","1","0.9965750575065613","0.557349443435669","0.5558429956436157","0.0015064477920532227","0.6082628965377808","0.5630598664283752","0.04520303010940552"
"Val","1","0.0003762598498724401","0.9526439309120178","0.9530576467514038","-0.00041371583938598633","0.9273406863212585","0.9497362971305847","-0.022395610809326172"
"Val","1","0.8098115921020508","0.7888652086257935","0.7877741456031799","0.0010910630226135254","0.8189771771430969","0.7922011613845825","0.026776015758514404"
"Val","1","0.8922104239463806","0.7524365186691284","0.751270055770874","0.0011664628982543945","0.7863339781761169","0.7558186650276184","0.030515313148498535"
"Val","1","0.9725580811500549","0.6911662817001343","0.6898031830787659","0.0013630986213684082","0.7317436933517456","0.6959732174873352","0.0357704758644104"
"Val","1","0.9999865293502808","0.1860228180885315","0.18436984717845917","0.0016529709100723267","0.2408071756362915","0.1914130449295044","0.04939413070678711"
"Val","1","0.9999476671218872","0.32579225301742554","0.3241710960865021","0.001621156930923462","0.38007280230522156","0.3308207094669342","0.049252092838287354"
"Val","1","0.9011942148208618","0.7444214820861816","0.7433433532714844","0.0010781288146972656","0.7737835049629211","0.7466084361076355","0.027175068855285645"
"Val","1","0.8597630858421326","0.763007402420044","0.7619014382362366","0.001105964183807373","0.7962889671325684","0.7664188146591187","0.029870152473449707"
"Val","1","0.9998950958251953","0.3787364959716797","0.37713542580604553","0.0016010701656341553","0.43088388442993164","0.3829995095729828","0.04788437485694885"
"Val","1","0.9959291815757751","0.5868964195251465","0.5854607820510864","0.0014356374740600586","0.6323364973068237","0.5917913913726807","0.040545105934143066"
"Val","1","0.24557961523532867","0.8595138788223267","0.8588659763336182","0.0006479024887084961","0.8709051012992859","0.861150860786438","0.0097542405128479"
"Val","1","0.9997506737709045","0.4394324719905853","0.43782198429107666","0.001610487699508667","0.49141570925712585","0.4444652199745178","0.04695048928260803"
"Val","1","0.9868704676628113","0.6395901441574097","0.6381558775901794","0.0014342665672302246","0.6835089921951294","0.6453596353530884","0.038149356842041016"
"Val","1","0.9998675584793091","0.39699023962020874","0.39533868432044983","0.0016515552997589111","0.4502611458301544","0.40192025899887085","0.04834088683128357"
"Val","1","0.9995999932289124","0.46162864565849304","0.4600246548652649","0.0016039907932281494","0.5129218697547913","0.46687987446784973","0.04604199528694153"
"Val","1","0.018666645511984825","0.9424570798873901","0.9421769976615906","0.00028008222579956055","0.9419673085212708","0.9439892172813416","-0.0020219087600708008"
"Test","0","0.00006811676576035097","0.9067420363426208","0.9074622392654419","-0.0007202029228210449","0.8701789975166321","0.9017874002456665","-0.031608402729034424"
"Test","0","0.00001139299274655059","0.8565795421600342","0.8576012849807739","-0.001021742820739746","0.8101374506950378","0.8513647317886353","-0.04122728109359741"
"Test","0","0.000012687926755461376","0.8624926805496216","0.863532304763794","-0.0010396242141723633","0.8157045841217041","0.8570750951766968","-0.041370511054992676"
"Test","0","0.000013492080142896157","0.8689555525779724","0.869978129863739","-0.0010225772857666016","0.8230987191200256","0.8641049861907959","-0.041006267070770264"
"Test","0","0.000013407298865786288","0.86061692237854","0.8615837097167969","-0.0009667873382568359","0.8160508871078491","0.8555940985679626","-0.039543211460113525"
"Test","0","0.00001741152664180845","0.8735232353210449","0.8744832873344421","-0.0009600520133972168","0.8293519616127014","0.8682857751846313","-0.03893381357192993"
"Test","0","0.00002625295746838674","0.8876907229423523","0.8885431885719299","-0.0008524656295776367","0.8463180065155029","0.8828544616699219","-0.036536455154418945"
"Test","0","0.000028780990760424174","0.8935802578926086","0.8944101333618164","-0.0008298754692077637","0.8541359901428223","0.8891696929931641","-0.0350337028503418"
"Test","0","0.00003411481520743109","0.8995401859283447","0.9003486037254333","-0.000808417797088623","0.8605366945266724","0.8950198292732239","-0.034483134746551514"
"Test","0","0.000025002756956382655","0.8878686428070068","0.8887230157852173","-0.0008543729782104492","0.8471943736076355","0.8834109306335449","-0.036216557025909424"
"Test","0","0.000011843771972053219","0.8572516441345215","0.8582618236541748","-0.0010101795196533203","0.8119289875030518","0.8519684076309204","-0.04003942012786865"
"Test","0","0.00001859528674685862","0.8755542039871216","0.8764755725860596","-0.0009213685989379883","0.8326296806335449","0.8706287741661072","-0.037999093532562256"
"Test","0","0.00002480213515809737","0.8896926045417786","0.8905933499336243","-0.0009007453918457031","0.8479481935501099","0.8847104907035828","-0.0367622971534729"
"Test","0","0.00003404406379559077","0.8996270895004272","0.9004707932472229","-0.0008437037467956543","0.8596780300140381","0.8959426879882812","-0.036264657974243164"
"Test","0","0.00001695690480119083","0.8736531734466553","0.8746145963668823","-0.0009614229202270508","0.8294925689697266","0.8682962656021118","-0.038803696632385254"
"Test","0","0.000010954147001029924","0.8532949686050415","0.8543086051940918","-0.001013636589050293","0.8069850206375122","0.8475781083106995","-0.040593087673187256"
"Test","0","0.00002603562461445108","0.8919357657432556","0.8928062319755554","-0.0008704662322998047","0.851080060005188","0.8873779773712158","-0.03629791736602783"
"Test","0","0.00003239151556044817","0.8975890874862671","0.8983899354934692","-0.0008008480072021484","0.8585253953933716","0.8933620452880859","-0.034836649894714355"
"Test","0","0.00002506614509911742","0.8859481811523438","0.8868517875671387","-0.0009036064147949219","0.843687891960144","0.8806995749473572","-0.037011682987213135"
"Test","0","0.000026236841222271323","0.8915532827377319","0.892403781414032","-0.0008504986763000488","0.8509286046028137","0.8870071172714233","-0.03607851266860962"
"Test","0","0.000020908510123263113","0.8736188411712646","0.8745221495628357","-0.0009033083915710449","0.8308587074279785","0.8684466481208801","-0.03758794069290161"
"Test","0","0.00002111856338160578","0.8831853866577148","0.8840914368629456","-0.0009060502052307129","0.8404254913330078","0.8779792785644531","-0.03755378723144531"
"Test","0","0.00004763933247886598","0.911072850227356","0.911790132522583","-0.0007172822952270508","0.8743857741355896","0.9070464372634888","-0.03266066312789917"
"Test","0","0.000016323439922416583","0.8733330965042114","0.8742977380752563","-0.0009646415710449219","0.8291582465171814","0.8680899143218994","-0.03893166780471802"
"Test","0","0.0000380585843231529","0.9022397994995117","0.9030033946037292","-0.0007635951042175293","0.864726185798645","0.8981279134750366","-0.0334017276763916"
"Test","0","0.00002336703983019106","0.8485107421875","0.8494486212730408","-0.0009378790855407715","0.8036537766456604","0.8424575328826904","-0.03880375623703003"
"Test","0","0.00003443070454522967","0.9002960920333862","0.9010986089706421","-0.0008025169372558594","0.8616061210632324","0.8960810899734497","-0.034474968910217285"
"Test","0","0.000020329422113718465","0.8808342814445496","0.8817393779754639","-0.0009050965309143066","0.8388494253158569","0.8758594393730164","-0.037010014057159424"
"Test","0","0.000022713687940267846","0.892452597618103","0.8933587074279785","-0.0009061098098754883","0.8499607443809509","0.8878962993621826","-0.03793555498123169"
"Test","0","0.00003066339922952466","0.8902007937431335","0.8910516500473022","-0.0008508563041687012","0.8488264083862305","0.8852216005325317","-0.03639519214630127"
"Test","0","0.000024934442990343086","0.8844054937362671","0.8852713108062744","-0.0008658170700073242","0.8428792953491211","0.8794184923171997","-0.03653919696807861"
"Test","0","0.000010690747330954764","0.8539443016052246","0.8550125360488892","-0.0010682344436645508","0.806799054145813","0.8481826186180115","-0.041383564472198486"
"Test","0","0.00002300286723766476","0.8867135047912598","0.8875934481620789","-0.0008799433708190918","0.8455082178115845","0.8822887539863586","-0.03678053617477417"
"Test","0","0.000017614800526644103","0.8768302202224731","0.8778249621391296","-0.0009947419166564941","0.831734299659729","0.8718761801719666","-0.04014188051223755"
"Test","0","0.000017774331354303285","0.875006377696991","0.8759169578552246","-0.0009105801582336426","0.8319194912910461","0.8702954053878784","-0.038375914096832275"
"Test","0","0.00002956696152978111","0.8986676335334778","0.8995158672332764","-0.000848233699798584","0.8581104874610901","0.8944001197814941","-0.03628963232040405"
"Test","0","0.00006191950524225831","0.9192492961883545","0.9199209809303284","-0.000671684741973877","0.8844449520111084","0.9155124425888062","-0.031067490577697754"
"Test","0","0.000010692318028304726","0.8493720293045044","0.8504871726036072","-0.0011151432991027832","0.8019354343414307","0.8436620235443115","-0.04172658920288086"
"Test","0","0.000023251117454492487","0.8828214406967163","0.8836711049079895","-0.0008496642112731934","0.8423411250114441","0.8782619833946228","-0.03592085838317871"
"Test","0","0.0003305971622467041","0.941311240196228","0.9416904449462891","-0.00037920475006103516","0.9168578386306763","0.9390073418617249","-0.022149503231048584"
"Test","0","0.000025350096620968543","0.8872096538543701","0.8880594372749329","-0.0008497834205627441","0.8461374044418335","0.8822910189628601","-0.03615361452102661"
"Test","0","0.00002351484727114439","0.8899651765823364","0.8908411264419556","-0.0008759498596191406","0.8487353324890137","0.8854480981826782","-0.03671276569366455"
"Test","0","0.00004956154589308426","0.9097344875335693","0.9104657173156738","-0.0007312297821044922","0.8726942539215088","0.9059194326400757","-0.033225178718566895"
"Test","0","0.00004852731217397377","0.9087255597114563","0.9094897508621216","-0.0007641911506652832","0.8707675933837891","0.9043606519699097","-0.033593058586120605"
"Test","0","0.000014858319445920642","0.8702726364135742","0.871232271194458","-0.0009596347808837891","0.8263759016990662","0.8653534054756165","-0.03897750377655029"
"Test","0","0.000036264809750718996","0.9020698666572571","0.9028967618942261","-0.0008268952369689941","0.8625595569610596","0.8975154757499695","-0.03495591878890991"
"Test","0","0.00005182894892641343","0.9074975252151489","0.9082592129707336","-0.0007616877555847168","0.8695273399353027","0.9032410383224487","-0.033713698387145996"
"Test","0","0.0000545154616702348","0.9152125716209412","0.9159711599349976","-0.0007585883140563965","0.8788038492202759","0.9113255739212036","-0.032521724700927734"
"Test","0","0.00003207288682460785","0.897489607334137","0.8983139991760254","-0.0008243918418884277","0.8578765392303467","0.8929017782211304","-0.03502523899078369"
"Test","0","0.000031487557862419635","0.8940057754516602","0.8948289155960083","-0.0008231401443481445","0.8542206883430481","0.8892053365707397","-0.03498464822769165"
"Test","0","0.000008585540854255669","0.8401456475257874","0.8412652015686035","-0.0011195540428161621","0.7912910580635071","0.8342278599739075","-0.04293680191040039"
"Test","0","0.00001525948755443096","0.8735010623931885","0.8745007514953613","-0.0009996891021728516","0.8283200860023499","0.8685513734817505","-0.040231287479400635"
"Test","0","0.000016208219676627778","0.8713204264640808","0.8722537159919739","-0.0009332895278930664","0.8274009823799133","0.866083025932312","-0.03868204355239868"
"Test","0","0.00003393256338313222","0.8995581865310669","0.9004048109054565","-0.0008466243743896484","0.8603260517120361","0.8949741125106812","-0.03464806079864502"
"Test","0","0.0000741578041925095","0.9093824625015259","0.91008061170578","-0.0006981492042541504","0.8732477426528931","0.9046276807785034","-0.03137993812561035"
"Test","0","0.00002243370545329526","0.8848716020584106","0.8857458829879761","-0.0008742809295654297","0.8436163663864136","0.8802176713943481","-0.03660130500793457"
"Test","0","0.0003420637804083526","0.9537159204483032","0.9541555643081665","-0.00043964385986328125","0.9280490279197693","0.951299250125885","-0.023250222206115723"
"Test","0","0.000017688209482003003","0.8741281032562256","0.8750723600387573","-0.0009442567825317383","0.8306949138641357","0.8690590858459473","-0.03836417198181152"
"Test","0","0.000036215937143424526","0.9039216041564941","0.9047126770019531","-0.0007910728454589844","0.8653422594070435","0.899379312992096","-0.03403705358505249"
"Test","0","0.000022665954020339996","0.884318470954895","0.885222315788269","-0.0009038448333740234","0.8427994847297668","0.8793686032295227","-0.03656911849975586"
"Test","0","0.00005288793909130618","0.9144494533538818","0.9151690006256104","-0.0007195472717285156","0.8790154457092285","0.9110924005508423","-0.03207695484161377"
"Test","0","0.00013877011951990426","0.9393391609191895","0.9398974180221558","-0.0005582571029663086","0.9090200066566467","0.9368901252746582","-0.027870118618011475"
"Test","0","0.000057169214414898306","0.917975902557373","0.9187040328979492","-0.0007281303405761719","0.8819724917411804","0.9141070246696472","-0.0321345329284668"
"Test","0","0.000020447600036277436","0.877379834651947","0.8782966136932373","-0.0009167790412902832","0.8342548608779907","0.8721396327018738","-0.03788477182388306"
"Test","0","0.000017377042240696028","0.8672496676445007","0.8682044744491577","-0.0009548068046569824","0.822687566280365","0.8616714477539062","-0.03898388147354126"
"Test","0","0.000040452599932905287","0.9028335809707642","0.9036038517951965","-0.000770270824432373","0.8649463653564453","0.8987516760826111","-0.03380531072616577"
"Test","0","0.00003747764276340604","0.8982793092727661","0.8990706205368042","-0.0007913112640380859","0.8591285943984985","0.893684983253479","-0.03455638885498047"
"Test","0","0.000022786454792367294","0.8855454921722412","0.8864314556121826","-0.0008859634399414062","0.8436905741691589","0.8807201385498047","-0.03702956438064575"
"Test","0","0.000014319794900075067","0.866917610168457","0.8678930401802063","-0.0009754300117492676","0.8224983215332031","0.8618613481521606","-0.03936302661895752"
"Test","0","0.00003256533818785101","0.8928951621055603","0.8937070965766907","-0.0008119344711303711","0.8532721996307373","0.8881838917732239","-0.03491169214248657"
"Test","0","0.000021755826310254633","0.8846104741096497","0.8855109810829163","-0.0009005069732666016","0.8420982360839844","0.8796721696853638","-0.037573933601379395"
"Test","0","0.000024614362700958736","0.8904598951339722","0.891303300857544","-0.0008434057235717773","0.8501285314559937","0.8862320184707642","-0.03610348701477051"
"Test","0","0.000020717468942166306","0.8873671293258667","0.8883172869682312","-0.000950157642364502","0.8438519239425659","0.8824900984764099","-0.038638174533843994"
"Test","0","0.000028703447242151015","0.8951783180236816","0.8959946632385254","-0.00081634521484375","0.8559954762458801","0.891049325466156","-0.03505384922027588"
"Test","0","0.00001399959819536889","0.8663904070854187","0.8673906326293945","-0.00100022554397583","0.8213748931884766","0.8612754344940186","-0.03990054130554199"
"Test","0","0.000029466667911037803","0.889133632183075","0.8899809122085571","-0.0008472800254821777","0.8484584093093872","0.8841267824172974","-0.035668373107910156"
"Test","0","0.00001557915675221011","0.8726651668548584","0.8736350536346436","-0.0009698867797851562","0.8285753130912781","0.8676420450210571","-0.03906673192977905"
"Test","0","0.000009146056981990114","0.8475316166877747","0.8486467599868774","-0.0011151432991027832","0.7986640930175781","0.8419971466064453","-0.04333305358886719"
"Test","0","0.00007355906564043835","0.922784686088562","0.9234402179718018","-0.0006555318832397461","0.8891259431838989","0.9190751910209656","-0.02994924783706665"
"Test","0","0.000025049130272236653","0.8866013884544373","0.8874837160110474","-0.0008823275566101074","0.8448373079299927","0.8815281391143799","-0.03669083118438721"
"Test","0","0.000031608258723281324","0.8999297618865967","0.9007352590560913","-0.0008054971694946289","0.8608705997467041","0.8956754803657532","-0.03480488061904907"
"Test","0","0.000020294768546591513","0.8844668865203857","0.8853846788406372","-0.0009177923202514648","0.8423762321472168","0.8798311948776245","-0.037454962730407715"
"Test","0","0.00015043078747112304","0.9382615089416504","0.9387730956077576","-0.0005115866661071777","0.9088057279586792","0.9350155591964722","-0.02620983123779297"
"Test","0","0.00009125132783083245","0.9253138303756714","0.9259470701217651","-0.00063323974609375","0.8929908275604248","0.9224137663841248","-0.02942293882369995"
"Test","0","0.000040683054976398125","0.9014422297477722","0.9022254943847656","-0.0007832646369934082","0.862573504447937","0.8975257873535156","-0.03495228290557861"
"Test","0","0.000015218824046314694","0.8651063442230225","0.8660844564437866","-0.0009781122207641602","0.8201158046722412","0.8596117496490479","-0.03949594497680664"
"Test","0","0.000046530716645065695","0.9045851230621338","0.9053390026092529","-0.0007538795471191406","0.8666906952857971","0.9002095460891724","-0.033518850803375244"
"Test","0","0.000021546213247347623","0.8865681290626526","0.887479841709137","-0.000911712646484375","0.8446120023727417","0.8819141387939453","-0.03730213642120361"
"Test","0","0.000006579311957466416","0.8221836686134338","0.8234015703201294","-0.0012179017066955566","0.7712231278419495","0.8159521222114563","-0.044728994369506836"
"Test","0","0.000014592548723157961","0.868666410446167","0.8696355223655701","-0.0009691119194030762","0.8241163492202759","0.8636763691902161","-0.039560019969940186"
"Test","0","0.000011626364539552014","0.8531379699707031","0.854151725769043","-0.0010137557983398438","0.8070350289344788","0.84769606590271","-0.0406610369682312"
"Test","0","0.000016085294191725552","0.8737626075744629","0.8747247457504272","-0.0009621381759643555","0.8299352526664734","0.8686956167221069","-0.038760364055633545"
"Test","0","0.00001806066939025186","0.8795584440231323","0.880489706993103","-0.0009312629699707031","0.8368744850158691","0.8747183084487915","-0.03784382343292236"
"Test","0","0.000013976041373098269","0.8647539019584656","0.8657430410385132","-0.0009891390800476074","0.8198092579841614","0.859616756439209","-0.03980749845504761"
"Test","0","0.00005110122947371565","0.9090171456336975","0.9097897410392761","-0.0007725954055786133","0.871230959892273","0.9047093391418457","-0.033478379249572754"
"Test","0","0.000013287216461321805","0.8651729822158813","0.8661751747131348","-0.001002192497253418","0.820070743560791","0.8600836992263794","-0.04001295566558838"
"Test","0","0.000023698050426901318","0.8890464305877686","0.8899353742599487","-0.0008889436721801758","0.8475162982940674","0.8842518925666809","-0.036735594272613525"
"Test","0","0.000011629668733803555","0.8596532940864563","0.860668420791626","-0.0010151267051696777","0.8139305710792542","0.8542335033416748","-0.040302932262420654"
"Test","0","0.000019446721125859767","0.8781354427337646","0.8790228962898254","-0.000887453556060791","0.8356800079345703","0.873067319393158","-0.037387311458587646"
"Test","0","0.000011912337868125178","0.8628350496292114","0.8638995289802551","-0.0010644793510437012","0.8160233497619629","0.8577343225479126","-0.04171097278594971"
"Test","0","0.0009466269402764738","0.9556294679641724","0.9558385014533997","-0.00020903348922729492","0.9367548227310181","0.9543967247009277","-0.017641901969909668"
"Test","0","0.000017566671886015683","0.873900294303894","0.8748080730438232","-0.0009077787399291992","0.831423282623291","0.8691436648368835","-0.03772038221359253"
"Test","0","0.000043798900151159614","0.9095937013626099","0.910370945930481","-0.0007772445678710938","0.8725189566612244","0.9055752158164978","-0.03305625915527344"
"Test","0","0.00024398147070314735","0.9387979507446289","0.9392481446266174","-0.0004501938819885254","0.9115667343139648","0.9356327652931213","-0.024066030979156494"
"Test","0","0.000016171286915778182","0.8748674392700195","0.8758237957954407","-0.0009563565254211426","0.8313671350479126","0.8699269890785217","-0.03855985403060913"
"Test","0","0.000027848442186950706","0.8937875032424927","0.8946120142936707","-0.0008245110511779785","0.853663980960846","0.8892066478729248","-0.03554266691207886"
"Test","0","0.000036634715797845274","0.8980175256729126","0.8988083004951477","-0.0007907748222351074","0.8586573600769043","0.8937826156616211","-0.0351252555847168"
"Test","0","0.000024983020921354182","0.885762095451355","0.886642336845398","-0.0008802413940429688","0.8441003561019897","0.880729079246521","-0.03662872314453125"
"Test","0","0.000017155049135908484","0.8678644299507141","0.868827760219574","-0.0009633302688598633","0.8228997588157654","0.8624051213264465","-0.03950536251068115"
"Test","0","0.000033073800295824185","0.8992701172828674","0.9000459313392639","-0.0007758140563964844","0.8610216975212097","0.8949700593948364","-0.03394836187362671"
"Test","0","0.000019438060917309485","0.879504919052124","0.8804808855056763","-0.0009759664535522461","0.834815263748169","0.8745366930961609","-0.03972142934799194"
"Test","0","0.00003453178578638472","0.8993595838546753","0.9001407623291016","-0.0007811784744262695","0.8605472445487976","0.8948934078216553","-0.034346163272857666"
"Test","0","0.000046787990868324414","0.9107781648635864","0.9115417003631592","-0.0007635354995727539","0.8734782934188843","0.9066866636276245","-0.033208370208740234"
"Test","0","0.000019028808310395107","0.8827925324440002","0.8837034702301025","-0.0009109377861022949","0.8401964902877808","0.877880334854126","-0.037683844566345215"
"Test","0","0.000019720113414223306","0.8772751688957214","0.878239631652832","-0.0009644627571105957","0.8331542611122131","0.8717608451843262","-0.03860658407211304"
"Test","0","0.000013020569895161316","0.8636094331741333","0.8646137118339539","-0.0010042786598205566","0.8180876970291138","0.8582854270935059","-0.04019773006439209"
"Test","0","0.00002738176772254519","0.894116997718811","0.8949747085571289","-0.0008577108383178711","0.8538179397583008","0.8898175358772278","-0.035999596118927"
"Test","0","0.000012063230315106921","0.8554339408874512","0.8564081788063049","-0.0009742379188537598","0.810438871383667","0.8499132394790649","-0.03947436809539795"
"Test","0","0.00001808140405046288","0.8768628835678101","0.8777951598167419","-0.0009322762489318848","0.8337908983230591","0.8720722794532776","-0.038281381130218506"
"Test","0","0.00043654508772306144","0.9493669271469116","0.9497216939926147","-0.000354766845703125","0.926770806312561","0.9477358460426331","-0.02096503973007202"
"Test","0","0.00000962533158599399","0.8480206727981567","0.8490625619888306","-0.0010418891906738281","0.8013299703598022","0.8424535393714905","-0.04112356901168823"
"Test","0","0.00002331510950170923","0.8869872093200684","0.8878940343856812","-0.000906825065612793","0.8444676399230957","0.8825305104255676","-0.038062870502471924"
"Test","0","0.00002771956496872008","0.8889158964157104","0.8897749185562134","-0.0008590221405029297","0.8476427793502808","0.8839572668075562","-0.03631448745727539"
"Test","0","0.00006002760710543953","0.9176418781280518","0.9183558225631714","-0.0007139444351196289","0.881986141204834","0.9136991500854492","-0.031713008880615234"
"Test","0","0.000026485693524591625","0.8916963934898376","0.89258873462677","-0.000892341136932373","0.8498811721801758","0.8866923451423645","-0.03681117296218872"
"Test","0","0.000035255310649517924","0.8959496021270752","0.8968126177787781","-0.0008630156517028809","0.8549022674560547","0.890616774559021","-0.03571450710296631"
"Test","0","0.000033077016269089654","0.8949086666107178","0.8957144021987915","-0.0008057355880737305","0.8554418087005615","0.8902208209037781","-0.03477901220321655"
"Test","0","0.00003136599843855947","0.8949952125549316","0.89581298828125","-0.0008177757263183594","0.8551401495933533","0.8904444575309753","-0.03530430793762207"
"Test","1","0.9990352392196655","0.5071978569030762","0.5056753754615784","0.0015224814414978027","0.5566993951797485","0.5119930505752563","0.04470634460449219"
"Test","1","0.9995429515838623","0.4662329852581024","0.4646245837211609","0.0016084015369415283","0.5186179876327515","0.4712603688240051","0.04735761880874634"
"Test","1","0.998907208442688","0.49571293592453003","0.4941744804382324","0.0015384554862976074","0.548774778842926","0.5015473365783691","0.047227442264556885"
"Test","1","0.9972207546234131","0.5752402544021606","0.5737264156341553","0.001513838768005371","0.6216714978218079","0.5807527899742126","0.040918707847595215"
"Test","1","0.999815046787262","0.41524651646614075","0.4136383533477783","0.0016081631183624268","0.46827203035354614","0.42026615142822266","0.048005878925323486"
"Test","1","0.9996488094329834","0.44422832131385803","0.4425475299358368","0.0016807913780212402","0.499773770570755","0.45003965497016907","0.04973411560058594"
"Test","1","0.9999808073043823","0.22218412160873413","0.2205415964126587","0.0016425251960754395","0.27673280239105225","0.22788068652153015","0.048852115869522095"
"Test","1","0.999893307685852","0.35767874121665955","0.35598984360694885","0.0016888976097106934","0.41349712014198303","0.3639385402202606","0.04955857992172241"
"Test","1","0.7292006015777588","0.7990717887878418","0.7980543375015259","0.001017451286315918","0.8276537656784058","0.8018243312835693","0.025829434394836426"
"Test","1","0.9999649524688721","0.2731643319129944","0.2715373635292053","0.0016269683837890625","0.3283461630344391","0.2784666419029236","0.0498795211315155"
"Test","1","0.0002792610030155629","0.7228236198425293","0.7236870527267456","-0.0008634328842163086","0.688441276550293","0.7157477140426636","-0.027306437492370605"
"Test","1","0.9999313354492188","0.3488532602787018","0.3472099304199219","0.0016433298587799072","0.4025561511516571","0.3535661995410919","0.048989951610565186"
"Test","1","0.999836802482605","0.4045153260231018","0.4028375744819641","0.0016777515411376953","0.45909440517425537","0.41042834520339966","0.04866605997085571"
"Test","1","0.9584981203079224","0.7158559560775757","0.7145721912384033","0.0012837648391723633","0.7532129287719727","0.7197349071502686","0.0334780216217041"
"Test","1","0.999755322933197","0.4296988844871521","0.42805367708206177","0.001645207405090332","0.4827136993408203","0.43600115180015564","0.04671254754066467"
"Test","1","0.511570155620575","0.8414059281349182","0.8404909372329712","0.0009149909019470215","0.8650470972061157","0.844547688961029","0.02049940824508667"
"Test","1","0.0010763534810394049","0.9437333345413208","0.9439641237258911","-0.0002307891845703125","0.9238255620002747","0.9407369494438171","-0.01691138744354248"
"Test","1","0.9999637603759766","0.2851094603538513","0.2834400534629822","0.0016694068908691406","0.3404766619205475","0.2909187078475952","0.04955795407295227"
"Test","1","0.506354570388794","0.8420957326889038","0.8411735892295837","0.0009221434593200684","0.8673251271247864","0.845506489276886","0.02181863784790039"
"Test","1","0.9997807145118713","0.4231164753437042","0.4215199947357178","0.0015964806079864502","0.475024551153183","0.4281150698661804","0.046909481287002563"
"Test","1","0.9983648657798767","0.5424230098724365","0.5408862829208374","0.001536726951599121","0.5909292697906494","0.5470290780067444","0.04390019178390503"
"Test","1","0.9667497277259827","0.7085521221160889","0.7072082757949829","0.001343846321105957","0.7496373057365417","0.7139211893081665","0.035716116428375244"
"Test","1","0.9986065030097961","0.5356363654136658","0.5341469645500183","0.001489400863647461","0.582290768623352","0.5396090745925903","0.04268169403076172"
"Test","1","0.9998961687088013","0.38143861293792725","0.37984174489974976","0.0015968680381774902","0.43405666947364807","0.38659608364105225","0.047460585832595825"
"Test","1","0.9939769506454468","0.6123583912849426","0.6108688116073608","0.0014895796775817871","0.6588963270187378","0.6172953844070435","0.041600942611694336"
"Test","1","0.9994851350784302","0.47620517015457153","0.474568247795105","0.0016369223594665527","0.5303911566734314","0.48246023058891296","0.04793092608451843"
"Test","1","0.9994863271713257","0.46909937262535095","0.4675169885158539","0.0015823841094970703","0.5193755030632019","0.4746353328227997","0.04474017024040222"
"Test","1","0.9998648166656494","0.390741229057312","0.3891042470932007","0.0016369819641113281","0.44445720314979553","0.3959549069404602","0.04850229620933533"
"Test","1","0.9509710669517517","0.7170536518096924","0.715825080871582","0.0012285709381103516","0.7522304654121399","0.7204043865203857","0.03182607889175415"
"Test","1","0.32653769850730896","0.8742325305938721","0.8734396696090698","0.0007928609848022461","0.8936096429824829","0.8763443827629089","0.017265260219573975"
"Test","1","0.4414156377315521","0.8435590863227844","0.8427122831344604","0.0008468031883239746","0.8637857437133789","0.8454300761222839","0.01835566759109497"
"Test","1","0.6773529648780823","0.827402651309967","0.8263838291168213","0.001018822193145752","0.8556149005889893","0.8315961360931396","0.02401876449584961"
"Test","1","0.9879696369171143","0.6474149823188782","0.6460201740264893","0.001394808292388916","0.6898013353347778","0.6514225602149963","0.038378775119781494"
"Test","1","0.005077524110674858","0.9636923670768738","0.9636431932449341","0.000049173831939697266","0.9547918438911438","0.9629262089729309","-0.00813436508178711"
"Test","1","0.9987245202064514","0.5286991596221924","0.5271774530410767","0.0015217065811157227","0.5768261551856995","0.5334176421165466","0.04340851306915283"
"Test","1","0.9998612403869629","0.39479243755340576","0.39320799708366394","0.0015844404697418213","0.4458632469177246","0.3994813859462738","0.046381860971450806"
"Test","1","0.9989342093467712","0.5192252397537231","0.517683744430542","0.0015414953231811523","0.5676419734954834","0.5245621204376221","0.04307985305786133"
"Test","1","0.999922513961792","0.358685165643692","0.3570380210876465","0.0016471445560455322","0.4122356176376343","0.36353635787963867","0.048699259757995605"
"Test","1","0.9776766300201416","0.682706356048584","0.6813360452651978","0.0013703107833862305","0.7235987782478333","0.6870036125183105","0.036595165729522705"
"Test","1","0.9998387098312378","0.40424349904060364","0.4026206135749817","0.0016228854656219482","0.45714032649993896","0.4092932939529419","0.04784703254699707"
"Test","1","0.9999786615371704","0.21798919141292572","0.2163921296596527","0.0015970617532730103","0.26984167098999023","0.22336730360984802","0.04647436738014221"
"Test","1","0.9999839067459106","0.21474872529506683","0.21309033036231995","0.0016583949327468872","0.2704314589500427","0.2201797068119049","0.05025175213813782"
"Test","1","0.9996048808097839","0.4597986340522766","0.45824071764945984","0.0015579164028167725","0.5098514556884766","0.4644891619682312","0.04536229372024536"
"Test","1","0.9999467134475708","0.32160547375679016","0.31993404030799866","0.001671433448791504","0.37692368030548096","0.327200710773468","0.04972296953201294"
"Test","1","0.8682788014411926","0.7728595733642578","0.7717117071151733","0.0011478662490844727","0.8046462535858154","0.7766129970550537","0.02803325653076172"
"Test","1","0.9783958196640015","0.6764355897903442","0.6750547885894775","0.0013808012008666992","0.7180366516113281","0.6820540428161621","0.035982608795166016"
"Test","1","0.9998002648353577","0.41586410999298096","0.414287805557251","0.0015763044357299805","0.46729838848114014","0.4201059341430664","0.04719245433807373"
"Test","1","0.002488180296495557","0.9528716802597046","0.9529823064804077","-0.000110626220703125","0.9401731491088867","0.953060507774353","-0.012887358665466309"
"Test","1","0.9999678134918213","0.2808661460876465","0.2792043089866638","0.001661837100982666","0.33607497811317444","0.2858005166053772","0.05027446150779724"
"Test","1","0.9998725652694702","0.3887474834918976","0.3871736228466034","0.0015738606452941895","0.4409891963005066","0.3933999538421631","0.047589242458343506"
"Test","1","0.999762237071991","0.42392316460609436","0.42229515314102173","0.0016280114650726318","0.47819140553474426","0.42937731742858887","0.048814088106155396"
"Test","1","0.9997767806053162","0.43127065896987915","0.42961809039115906","0.0016525685787200928","0.484531044960022","0.43653297424316406","0.04799807071685791"
"Test","1","0.6578742861747742","0.817478597164154","0.8164838552474976","0.0009947419166564941","0.845067024230957","0.820504367351532","0.02456265687942505"
"Test","1","0.00019199504458811134","0.9355258345603943","0.9360618591308594","-0.0005360245704650879","0.9050500392913818","0.93166184425354","-0.026611804962158203"
"Test","1","0.9999876022338867","0.18193471431732178","0.18028469383716583","0.0016500204801559448","0.23714521527290344","0.18727073073387146","0.04987448453903198"
"Test","1","0.9998007416725159","0.4203406870365143","0.4186980724334717","0.0016426146030426025","0.4731113314628601","0.42593419551849365","0.047177135944366455"
"Test","1","0.9169459939002991","0.745284378528595","0.7440716028213501","0.001212775707244873","0.7806798219680786","0.7490254640579224","0.03165435791015625"
"Test","1","0.2790164053440094","0.8635275959968567","0.8627052307128906","0.0008223652839660645","0.8824509978294373","0.8665766716003418","0.01587432622909546"
"Test","1","0.9987474679946899","0.5298899412155151","0.528311014175415","0.0015789270401000977","0.580746054649353","0.5348911285400391","0.045854926109313965"
"Test","1","0.9999666213989258","0.27338236570358276","0.2717277407646179","0.0016546249389648438","0.32971251010894775","0.279300719499588","0.05041179060935974"
"Test","1","0.021462516859173775","0.950528621673584","0.9503048062324524","0.0002238154411315918","0.9502475261688232","0.951079785823822","-0.0008322596549987793"
"Test","1","0.9990092515945435","0.5110875368118286","0.5095270276069641","0.001560509204864502","0.5617626309394836","0.5162150859832764","0.045547544956207275"
"Test","1","0.9999018907546997","0.3671380281448364","0.36550211906433105","0.001635909080505371","0.42196008563041687","0.3722478747367859","0.04971221089363098"
"Test","1","0.9576881527900696","0.7002469301223755","0.6988968253135681","0.001350104808807373","0.7425923943519592","0.7072142362594604","0.03537815809249878"
"Test","1","0.9998227953910828","0.4045129120349884","0.4028380215167999","0.0016748905181884766","0.46003979444503784","0.40990325808525085","0.05013653635978699"
"Test","1","0.9999580383300781","0.3004804253578186","0.298849880695343","0.001630544662475586","0.3555443286895752","0.30583518743515015","0.04970914125442505"
"Test","1","0.9878596663475037","0.6405550241470337","0.6391351222991943","0.0014199018478393555","0.6841461062431335","0.6457498073577881","0.03839629888534546"
"Test","1","0.9998216032981873","0.4094969630241394","0.40782982110977173","0.0016671419143676758","0.4645407199859619","0.4147401750087738","0.04980054497718811"
"Test","1","0.9998853206634521","0.35938218235969543","0.3576679825782776","0.0017141997814178467","0.4173796474933624","0.36600905656814575","0.051370590925216675"
"Test","1","0.9608710408210754","0.6989305019378662","0.6976040601730347","0.001326441764831543","0.7387383580207825","0.704028844833374","0.03470951318740845"
"Test","1","0.9995385408401489","0.4637826383113861","0.4621526896953583","0.001629948616027832","0.5179392099380493","0.4694024324417114","0.04853677749633789"
"Test","1","0.8342310786247253","0.7240733504295349","0.7230802774429321","0.0009930729866027832","0.7563939094543457","0.7296467423439026","0.026747167110443115"
"Test","1","0.9996936321258545","0.4391997456550598","0.43752455711364746","0.0016751885414123535","0.49498140811920166","0.44553929567337036","0.0494421124458313"
"Test","1","0.9997418522834778","0.4306516647338867","0.4289965033531189","0.0016551613807678223","0.48488950729370117","0.4362787902355194","0.04861071705818176"
"Test","1","0.9936938881874084","0.6087945699691772","0.6073311567306519","0.0014634132385253906","0.653489351272583","0.6142538785934448","0.039235472679138184"
"Test","1","0.9997363686561584","0.4421485960483551","0.44048213958740234","0.0016664564609527588","0.4956148862838745","0.4480954110622406","0.04751947522163391"
"Test","1","0.39313966035842896","0.8399972915649414","0.8392549753189087","0.0007423162460327148","0.8562760949134827","0.8407046794891357","0.015571415424346924"
"Test","1","0.9998382329940796","0.40221038460731506","0.4006323218345642","0.0015780627727508545","0.45361706614494324","0.4063945412635803","0.047222524881362915"
"Test","1","0.012123334221541882","0.9540801048278809","0.953886866569519","0.0001932382583618164","0.9508528113365173","0.954031765460968","-0.0031789541244506836"
"Test","1","0.9989722967147827","0.5234328508377075","0.5218929052352905","0.0015399456024169922","0.5713325142860413","0.5278084874153137","0.04352402687072754"
"Test","1","0.9997819066047668","0.4168858528137207","0.41522473096847534","0.0016611218452453613","0.4719851613044739","0.4223296046257019","0.04965555667877197"
"Test","1","0.9995296001434326","0.4402279853820801","0.43857553601264954","0.001652449369430542","0.4964993894100189","0.44698265194892883","0.04951673746109009"
"Test","1","0.986438512802124","0.6578996777534485","0.6564633846282959","0.0014362931251525879","0.7021256685256958","0.6631393432617188","0.03898632526397705"
"Test","1","0.9998338222503662","0.4074951708316803","0.4058448076248169","0.0016503632068634033","0.46126893162727356","0.4126458764076233","0.04862305521965027"
"Test","1","0.9998737573623657","0.38948774337768555","0.3879171311855316","0.0015706121921539307","0.4413849711418152","0.39431047439575195","0.04707449674606323"
"Test","1","0.7434636354446411","0.7980878353118896","0.7970316410064697","0.0010561943054199219","0.8285035490989685","0.8017057776451111","0.026797771453857422"
"Test","1","0.9998326301574707","0.41039755940437317","0.40877246856689453","0.0016250908374786377","0.46349358558654785","0.41539549827575684","0.048098087310791016"
"Test","1","0.006196160800755024","-0.10183092951774597","-0.1005072072148323","-0.0013237223029136658","-0.1416172981262207","-0.1089651957154274","-0.032652102410793304"
"Test","1","0.9966875910758972","0.5811697840690613","0.5797005891799927","0.0014691948890686035","0.6279056072235107","0.5855931639671326","0.042312443256378174"
"Test","1","0.9998779296875","0.3875785171985626","0.38601669669151306","0.0015618205070495605","0.43833422660827637","0.39168182015419006","0.046652406454086304"
"Test","1","0.9998780488967896","0.3939903974533081","0.3923252820968628","0.0016651153564453125","0.4485546350479126","0.39943841099739075","0.04911622405052185"
"Test","1","0.9999642372131348","0.29224616289138794","0.29058390855789185","0.0016622543334960938","0.34758034348487854","0.29712623357772827","0.05045410990715027"
"Test","1","0.7159814238548279","0.8104315400123596","0.8093640804290771","0.0010674595832824707","0.8406164646148682","0.814383864402771","0.026232600212097168"
"Test","1","0.9614838361740112","0.7120807766914368","0.7108356356620789","0.0012451410293579102","0.7481697797775269","0.715569794178009","0.03259998559951782"
"Test","1","0.9966102242469788","0.5884530544281006","0.5869896411895752","0.0014634132385253906","0.6340124607086182","0.5928277373313904","0.04118472337722778"
"Test","1","0.989850640296936","0.616455078125","0.6150922179222107","0.0013628602027893066","0.6622571349143982","0.6214784979820251","0.04077863693237305"
"Test","1","0.9894217848777771","0.6375985145568848","0.6362128853797913","0.0013856291770935059","0.6797942519187927","0.6415131688117981","0.03828108310699463"
"Test","1","0.99967360496521","0.4483644664287567","0.44678208231925964","0.0015823841094970703","0.49991339445114136","0.45304080843925476","0.0468725860118866"
"Test","1","0.9991801381111145","0.5015990734100342","0.499991238117218","0.0016078352928161621","0.553237795829773","0.5073651075363159","0.04587268829345703"
"Test","1","0.9979457259178162","0.5612845420837402","0.5598292350769043","0.0014553070068359375","0.6068685054779053","0.5653032660484314","0.04156523942947388"
"Test","1","0.9597988128662109","0.7007027268409729","0.699414849281311","0.0012878775596618652","0.7394531965255737","0.7046582698822021","0.03479492664337158"
"Test","1","0.9989526271820068","0.5113852024078369","0.5098005533218384","0.0015846490859985352","0.5633105635643005","0.5164686441421509","0.04684191942214966"
"Test","1","0.9983262419700623","0.5378376245498657","0.5362783670425415","0.0015592575073242188","0.5877118110656738","0.5433682203292847","0.04434359073638916"
"Test","1","0.9915135502815247","0.6308599710464478","0.6294270157814026","0.001432955265045166","0.676153838634491","0.635735273361206","0.04041856527328491"
"Test","1","0.9996588230133057","0.4544033110141754","0.45277971029281616","0.001623600721359253","0.5070143342018127","0.45948195457458496","0.04753237962722778"
"Test","1","0.9980390667915344","0.5491248369216919","0.5476471781730652","0.001477658748626709","0.5946898460388184","0.554648220539093","0.04004162549972534"
"Test","1","0.9996838569641113","0.43268558382987976","0.430996835231781","0.0016887485980987549","0.4889257848262787","0.43878939747810364","0.05013638734817505"
"Test","1","0.9998428821563721","0.4062354266643524","0.40464460849761963","0.001590818166732788","0.4577663540840149","0.4104509949684143","0.047315359115600586"
"Test","1","0.7791032791137695","0.7813565731048584","0.7802385091781616","0.0011180639266967773","0.8131058812141418","0.7855796813964844","0.02752619981765747"
"Test","1","0.9990817308425903","0.5172293186187744","0.5156671404838562","0.0015621781349182129","0.5665692090988159","0.5218749642372131","0.04469424486160278"
"Test","1","0.9998214840888977","0.3995431959629059","0.39786750078201294","0.0016756951808929443","0.4555782079696655","0.4051631987094879","0.05041500926017761"
"Test","1","0.019415762275457382","0.954704225063324","0.9544842839241028","0.0002199411392211914","0.9526036977767944","0.9551398754119873","-0.002536177635192871"
"Test","1","0.9999707937240601","0.2719618082046509","0.27028292417526245","0.0016788840293884277","0.3269820809364319","0.27746230363845825","0.04951977729797363"
"Test","1","0.27753204107284546","0.8764201402664185","0.875659704208374","0.0007604360580444336","0.8938558101654053","0.8782945871353149","0.015561223030090332"
"Test","1","0.9989956021308899","0.5169596076011658","0.5153083205223083","0.0016512870788574219","0.5704426765441895","0.522953450679779","0.0474892258644104"
"Test","1","0.9999558925628662","0.2913268208503723","0.2896535396575928","0.001673281192779541","0.346172571182251","0.2969089150428772","0.04926365613937378"
"Test","1","0.6478325724601746","0.8078094720840454","0.8067929744720459","0.0010164976119995117","0.834998607635498","0.8120096921920776","0.02298891544342041"
"Test","1","0.9998531341552734","0.4029262661933899","0.4012950658798218","0.0016312003135681152","0.4568782150745392","0.40867775678634644","0.04820045828819275"
"Test","1","0.9876683354377747","0.6572005748748779","0.6557976007461548","0.0014029741287231445","0.7007508873939514","0.6620448231697083","0.038706064224243164"
"Test","1","0.998245358467102","0.5309104323387146","0.5292760133743286","0.0016344189643859863","0.5830596089363098","0.53853440284729","0.044525206089019775"
"Test","1","0.9999146461486816","0.3569856882095337","0.35535764694213867","0.0016280412673950195","0.4114336371421814","0.36240217089653015","0.049031466245651245"
"Test","1","0.9507077932357788","0.7063053250312805","0.7050257921218872","0.0012795329093933105","0.7464986443519592","0.7105227112770081","0.03597593307495117"
"Test","1","0.0004614472563844174","0.9458551406860352","0.9461883902549744","-0.000333249568939209","0.9227367043495178","0.9431753158569336","-0.02043861150741577"
"Test","1","0.999439537525177","0.4856669008731842","0.48406967520713806","0.0015972256660461426","0.5366154909133911","0.49082696437835693","0.04578852653503418"
"Test","1","0.9999879598617554","0.1801334023475647","0.17850667238235474","0.001626729965209961","0.23398542404174805","0.18520145118236542","0.04878397285938263"
"Test","1","0.9999686479568481","0.28169241547584534","0.28005772829055786","0.0016346871852874756","0.3359867334365845","0.28643107414245605","0.04955565929412842"
"Test","1","0.07314048707485199","0.921764612197876","0.9212753772735596","0.0004892349243164062","0.9289630651473999","0.9222660064697266","0.00669705867767334"
"Test","1","0.9968525767326355","0.5757869482040405","0.574285626411438","0.001501321792602539","0.6232528686523438","0.5804157853126526","0.04283708333969116"
"Test","1","0.9957877993583679","0.5866801738739014","0.5851811170578003","0.0014990568161010742","0.6345499753952026","0.5914014577865601","0.04314851760864258"
"Test","1","0.9999169111251831","0.3588225841522217","0.3572070002555847","0.0016155838966369629","0.41240113973617554","0.36346331238746643","0.048937827348709106"
"Test","1","0.999286949634552","0.4869181215763092","0.4852614402770996","0.0016566812992095947","0.5405405759811401","0.49300265312194824","0.047537922859191895"
"Test","1","0.9998775720596313","0.38379013538360596","0.3821941018104553","0.0015960335731506348","0.436214417219162","0.388376384973526","0.047838032245635986"
"Test","1","0.99314945936203","0.605843186378479","0.6043272018432617","0.0015159845352172852","0.6549537777900696","0.6112940907478333","0.04365968704223633"
"Test","1","0.9991793036460876","0.5051075220108032","0.5036139488220215","0.0014935731887817383","0.5523596405982971","0.509053111076355","0.04330652952194214"
"Test","1","0.9992788434028625","0.4911559522151947","0.4895913004875183","0.0015646517276763916","0.5420417785644531","0.49649545550346375","0.04554632306098938"
"Test","1","0.9976366758346558","0.563502848148346","0.5619831085205078","0.0015197396278381348","0.6114743947982788","0.5682006478309631","0.043273746967315674"
"Test","1","0.9998750686645508","0.3886643052101135","0.38704410195350647","0.0016202032566070557","0.441083163022995","0.39338335394859314","0.047699809074401855"
"Test","1","0.9995890259742737","0.4678352177143097","0.4662488102912903","0.0015864074230194092","0.5184410810470581","0.47308725118637085","0.045353829860687256"
"Test","1","0.9993657469749451","0.49745967984199524","0.4958797097206116","0.001579970121383667","0.5486828088760376","0.5031648278236389","0.04551798105239868"
"Test","1","0.9997673630714417","0.430499792098999","0.428909569978714","0.0015902221202850342","0.48243120312690735","0.4351836144924164","0.04724758863449097"