"split","true_label","confidence_score","hcc_cosine_mean","hem_cosine_mean","delta_mean","hcc_cosine_kmeans","hem_cosine_kmeans","delta_kmeans"
"Val","0","0.000055718897783663124","-0.6892661452293396","0.8871145844459534","-1.576380729675293","-0.6143377423286438","0.8421062231063843","-1.4564440250396729"
"Val","0","0.00007690665370319039","-0.6587458848953247","0.9277369379997253","-1.5864827632904053","-0.5838616490364075","0.8666582703590393","-1.4505199193954468"
"Val","0","0.00006943722837604582","-0.693299412727356","0.9608572125434875","-1.6541566848754883","-0.6105818748474121","0.8912118077278137","-1.501793622970581"
"Val","0","0.00005459729800350033","-0.7031574249267578","0.9627568125724792","-1.6659142971038818","-0.6169991493225098","0.8906846642494202","-1.5076837539672852"
"Val","0","0.00020282503101043403","-0.579277753829956","0.8377767205238342","-1.4170544147491455","-0.5089924335479736","0.799517035484314","-1.3085094690322876"
"Val","0","0.00010010647383751348","-0.6614879965782166","0.9322013854980469","-1.5936894416809082","-0.5579477548599243","0.8830819129943848","-1.441029667854309"
"Val","0","0.00005123043229104951","-0.7318400144577026","0.9641823768615723","-1.696022391319275","-0.6511721611022949","0.8897343277931213","-1.5409064292907715"
"Val","0","0.00008669519593240693","-0.6822589635848999","0.9477840662002563","-1.6300430297851562","-0.586490273475647","0.8879215717315674","-1.4744118452072144"
"Val","0","0.00005223448169999756","-0.6777559518814087","0.8943201899528503","-1.5720760822296143","-0.5971906185150146","0.8520801067352295","-1.4492707252502441"
"Val","0","0.00006429146014852449","-0.6887378096580505","0.9482052326202393","-1.6369431018829346","-0.6108592748641968","0.8743935823440552","-1.485252857208252"
"Val","0","0.0000418809759139549","-0.7346212267875671","0.9710918664932251","-1.7057130336761475","-0.642352283000946","0.9078856706619263","-1.5502378940582275"
"Val","0","0.000050769132940331474","-0.711520791053772","0.962988018989563","-1.674508810043335","-0.6260838508605957","0.8946341872215271","-1.5207180976867676"
"Val","0","0.00005140543362358585","-0.7001183032989502","0.9239618182182312","-1.6240801811218262","-0.6160686612129211","0.8758717775344849","-1.4919404983520508"
"Val","0","0.0005013445625081658","-0.6195247173309326","0.8619080781936646","-1.4814327955245972","-0.532918393611908","0.8235816359519958","-1.3565000295639038"
"Val","0","0.00007097268826328218","-0.6703692674636841","0.9490652084350586","-1.6194344758987427","-0.5740336775779724","0.8928786516189575","-1.4669122695922852"
"Val","0","0.000042478372051846236","-0.7244396805763245","0.9617817401885986","-1.6862213611602783","-0.6464759707450867","0.8848496079444885","-1.5313255786895752"
"Val","0","0.0000739033057470806","-0.7179578542709351","0.9683924317359924","-1.6863503456115723","-0.6074846982955933","0.9087080359458923","-1.5161926746368408"
"Val","0","0.00007832606934243813","-0.6743361949920654","0.953619122505188","-1.6279553174972534","-0.5924482345581055","0.887581467628479","-1.4800297021865845"
"Val","0","0.00008215331035898998","-0.6515828371047974","0.9367936849594116","-1.588376522064209","-0.5769497752189636","0.8737748265266418","-1.4507246017456055"
"Val","0","0.00005401567250373773","-0.7042456865310669","0.9565187692642212","-1.660764455795288","-0.6210036277770996","0.8867933750152588","-1.5077970027923584"
"Val","0","0.00007332340464927256","-0.6833170652389526","0.9636437892913818","-1.6469608545303345","-0.5803964734077454","0.9070566296577454","-1.4874531030654907"
"Val","0","0.00005724816583096981","-0.7206645011901855","0.9536592960357666","-1.6743237972259521","-0.643915593624115","0.8769912719726562","-1.520906925201416"
"Val","0","0.000048666479415260255","-0.7041909098625183","0.96257084608078","-1.6667617559432983","-0.6254054307937622","0.8852015733718872","-1.5106070041656494"
"Val","0","0.00006397037941496819","-0.6780591011047363","0.9584500789642334","-1.6365091800689697","-0.5991621017456055","0.8894526362419128","-1.488614797592163"
"Val","0","0.000048723784857429564","-0.7452743649482727","0.9677574634552002","-1.7130317687988281","-0.6578816771507263","0.8952840566635132","-1.5531656742095947"
"Val","0","0.0000591838761465624","-0.6827181577682495","0.9571406245231628","-1.6398587226867676","-0.608644425868988","0.8823047876358032","-1.4909491539001465"
"Val","0","0.00009438671258976683","-0.6381251811981201","0.9343354105949402","-1.572460651397705","-0.5739253163337708","0.8638962507247925","-1.437821626663208"
"Val","0","0.00008054431964410469","-0.7230997085571289","0.9490124583244324","-1.672112226486206","-0.6337907314300537","0.8845950365066528","-1.5183857679367065"
"Val","0","0.00003506084976834245","-0.7209349274635315","0.9436975717544556","-1.6646325588226318","-0.6365281939506531","0.8871613144874573","-1.5236895084381104"
"Val","0","0.00006181584467412904","-0.7162291407585144","0.9577455520629883","-1.6739747524261475","-0.6279656887054443","0.8855717182159424","-1.5135374069213867"
"Val","0","0.00006530894461320713","-0.7087398767471313","0.937411367893219","-1.6461513042449951","-0.6183481812477112","0.8741531372070312","-1.4925012588500977"
"Val","0","0.00006577394378837198","-0.7066469788551331","0.9638576507568359","-1.6705045700073242","-0.6250744462013245","0.8945316672325134","-1.519606113433838"
"Val","0","0.00005393820538301952","-0.6952412724494934","0.9648447632789612","-1.6600860357284546","-0.6124845743179321","0.8932771682739258","-1.505761742591858"
"Val","0","0.0001904271193780005","-0.6505574584007263","0.8961668014526367","-1.5467243194580078","-0.5452257990837097","0.8556656837463379","-1.4008915424346924"
"Val","0","0.00008535122469766065","-0.6801393032073975","0.9268980622291565","-1.6070373058319092","-0.6004819273948669","0.8705019354820251","-1.470983862876892"
"Val","0","0.0000427506492997054","-0.7298093438148499","0.9754757881164551","-1.7052850723266602","-0.6415444612503052","0.9021567106246948","-1.543701171875"
"Val","0","0.00004050509232911281","-0.7515386939048767","0.9730880260467529","-1.7246267795562744","-0.6680160760879517","0.8952487707138062","-1.5632648468017578"
"Val","0","0.00004475301830098033","-0.6833888292312622","0.9118250608444214","-1.5952138900756836","-0.6033613681793213","0.8597186207771301","-1.4630799293518066"
"Val","0","0.00003412301521166228","-0.7019137740135193","0.9252910017967224","-1.6272047758102417","-0.6264315247535706","0.8648960590362549","-1.4913275241851807"
"Val","0","0.00005797079938929528","-0.692629873752594","0.9620887041091919","-1.6547186374664307","-0.6128437519073486","0.8917111158370972","-1.5045548677444458"
"Val","0","0.00005084825897938572","-0.737267255783081","0.9569969773292542","-1.6942641735076904","-0.6595419645309448","0.878698468208313","-1.5382404327392578"
"Val","0","0.000039743965317029506","-0.7435718774795532","0.9682337045669556","-1.7118055820465088","-0.660365879535675","0.892664909362793","-1.5530307292938232"
"Val","0","0.00006287127325776964","-0.7087735533714294","0.9671430587768555","-1.6759166717529297","-0.6161495447158813","0.9057899713516235","-1.5219395160675049"
"Val","0","0.0000466773308289703","-0.7130178213119507","0.9619936943054199","-1.6750115156173706","-0.630461573600769","0.8859965801239014","-1.5164581537246704"
"Val","0","0.00007646816811757162","-0.6934615969657898","0.9546202421188354","-1.6480817794799805","-0.6054847240447998","0.8853491544723511","-1.4908338785171509"
"Val","0","0.000041433944716118276","-0.727645993232727","0.9668756723403931","-1.6945216655731201","-0.6445314884185791","0.8913774490356445","-1.5359089374542236"
"Val","0","0.00005048626189818606","-0.7087748050689697","0.9674893617630005","-1.6762641668319702","-0.6206223964691162","0.899121105670929","-1.5197434425354004"
"Val","0","0.00006745136488461867","-0.694975733757019","0.9056388139724731","-1.6006145477294922","-0.6059387922286987","0.8662261962890625","-1.4721649885177612"
"Val","0","0.00006602588837267831","-0.7087486982345581","0.9376922845840454","-1.6464409828186035","-0.631624698638916","0.8656619787216187","-1.4972866773605347"
"Val","0","0.00004253016959410161","-0.7030096054077148","0.9370222091674805","-1.6400318145751953","-0.6206920742988586","0.8819030523300171","-1.5025951862335205"
"Val","0","0.00006146650412119925","-0.6955925226211548","0.9481688737869263","-1.643761396408081","-0.6169241070747375","0.8784185647964478","-1.49534273147583"
"Val","0","0.00007420873589580879","-0.6606695652008057","0.9455959796905518","-1.6062655448913574","-0.5841897130012512","0.8761061429977417","-1.4602959156036377"
"Val","0","0.00008312147110700607","-0.7047848701477051","0.9538840055465698","-1.658668875694275","-0.6052178740501404","0.8960275650024414","-1.5012454986572266"
"Val","0","0.000047355610149679706","-0.7173573970794678","0.960085391998291","-1.6774427890777588","-0.6323331594467163","0.8945746421813965","-1.5269078016281128"
"Val","0","0.00008531362254871055","-0.6420840620994568","0.9212661981582642","-1.5633502006530762","-0.578769326210022","0.8516927361488342","-1.430462121963501"
"Val","0","0.0000561071683478076","-0.6754539012908936","0.9018027782440186","-1.577256679534912","-0.6093392968177795","0.8404614329338074","-1.449800729751587"
"Val","0","0.00004087964407517575","-0.7217262983322144","0.9644938707351685","-1.6862201690673828","-0.6394761204719543","0.8916425704956055","-1.531118631362915"
"Val","0","0.00006666914123343304","-0.6751897931098938","0.9564607739448547","-1.6316505670547485","-0.5857146978378296","0.8914046287536621","-1.4771193265914917"
"Val","0","0.00013282759755384177","-0.6131805777549744","0.8915226459503174","-1.5047032833099365","-0.5389134287834167","0.836919903755188","-1.37583327293396"
"Val","0","0.00005894551213714294","-0.7282525300979614","0.9591220617294312","-1.6873745918273926","-0.6511930227279663","0.8858643770217896","-1.5370573997497559"
"Val","0","0.00007574749906780198","-0.6790766716003418","0.9678024053573608","-1.6468790769577026","-0.575054943561554","0.9111232161521912","-1.4861781597137451"
"Val","0","0.000049884507461683825","-0.7267897129058838","0.9687070250511169","-1.6954967975616455","-0.6406313180923462","0.8947468400001526","-1.5353782176971436"
"Val","0","0.00011035011993953958","-0.7119278907775879","0.9432840347290039","-1.6552119255065918","-0.6151684522628784","0.8864142894744873","-1.5015827417373657"
"Val","0","0.00006081391984480433","-0.7274689674377441","0.9665349721908569","-1.694003939628601","-0.6419882774353027","0.8957442045211792","-1.537732481956482"
"Val","0","0.0000612855437793769","-0.7009376883506775","0.9643453359603882","-1.665282964706421","-0.6104070544242859","0.9014390707015991","-1.5118460655212402"
"Val","0","0.0000544550312042702","-0.6706938147544861","0.9078866839408875","-1.5785804986953735","-0.602799117565155","0.846718966960907","-1.449518084526062"
"Val","0","0.000047766658099135384","-0.7104635238647461","0.9587970972061157","-1.6692606210708618","-0.6190375089645386","0.892367422580719","-1.5114049911499023"
"Val","0","0.00009431555372430012","-0.7153143286705017","0.9481306076049805","-1.663444995880127","-0.632675051689148","0.8799775838851929","-1.5126526355743408"
"Val","0","0.000041668401536298916","-0.7313314080238342","0.9704659581184387","-1.701797366142273","-0.6407915353775024","0.898267924785614","-1.5390594005584717"
"Val","0","0.00007146751158870757","-0.6916753053665161","0.9661095142364502","-1.6577848196029663","-0.5920314192771912","0.9036898612976074","-1.4957213401794434"
"Val","0","0.0001050783830578439","-0.6332356929779053","0.9368373155593872","-1.5700730085372925","-0.551937460899353","0.8756551146507263","-1.4275925159454346"
"Val","0","0.0001982976245926693","-0.6468781232833862","0.8862901926040649","-1.5331683158874512","-0.5610020756721497","0.833656907081604","-1.3946590423583984"
"Val","0","0.000053570711315842345","-0.743045449256897","0.9668464064598083","-1.7098917961120605","-0.6609979867935181","0.8910612463951111","-1.5520591735839844"
"Val","0","0.000054429590818472207","-0.702314019203186","0.9532402753829956","-1.6555542945861816","-0.6239548921585083","0.8800729513168335","-1.5040278434753418"
"Val","0","0.00007297114643733948","-0.6948580741882324","0.9272958040237427","-1.622153878211975","-0.6321953535079956","0.8511431813240051","-1.4833385944366455"
"Val","0","0.00009629514534026384","-0.7014803886413574","0.9246657490730286","-1.6261460781097412","-0.6238003969192505","0.8604354858398438","-1.4842358827590942"
"Val","0","0.00009386085002915934","-0.6395241022109985","0.876539409160614","-1.5160634517669678","-0.5705345869064331","0.8271781802177429","-1.3977127075195312"
"Val","0","0.00005441635585157201","-0.7172509431838989","0.9677155017852783","-1.6849664449691772","-0.6271588802337646","0.8994128108024597","-1.5265717506408691"
"Val","0","0.00004948282003169879","-0.7167644500732422","0.9671180844306946","-1.683882474899292","-0.6293340921401978","0.8971998691558838","-1.5265339612960815"
"Val","0","0.00004464495214051567","-0.7029812335968018","0.9604305624961853","-1.6634118556976318","-0.6262272596359253","0.8844974040985107","-1.510724663734436"
"Val","0","0.00006821296119596809","-0.6960543394088745","0.9574875235557556","-1.6535418033599854","-0.6205445528030396","0.8883529305458069","-1.5088975429534912"
"Val","0","0.000046266475692391396","-0.7271782159805298","0.9618251323699951","-1.689003348350525","-0.6480856537818909","0.8825341463088989","-1.5306198596954346"
"Val","0","0.000044393116695573553","-0.7294425368309021","0.955796480178833","-1.6852390766143799","-0.6481025815010071","0.8786208033561707","-1.5267233848571777"
"Val","0","0.0000656273405184038","-0.6499302983283997","0.8839784860610962","-1.5339088439941406","-0.5876216888427734","0.8308455944061279","-1.4184672832489014"
"Val","0","0.00015417655231431127","-0.6658729314804077","0.9204572439193726","-1.5863301753997803","-0.5417643189430237","0.8791369199752808","-1.4209012985229492"
"Val","0","0.00008152771624736488","-0.6575331687927246","0.9412110447883606","-1.5987441539764404","-0.5843402147293091","0.8741547465324402","-1.4584949016571045"
"Val","0","0.000045534186938311905","-0.7045820951461792","0.92821204662323","-1.6327941417694092","-0.6297541260719299","0.8679588437080383","-1.4977129697799683"
"Val","0","0.00007105557597242296","-0.7276014089584351","0.9501586556434631","-1.677760124206543","-0.6418231725692749","0.8875144720077515","-1.5293376445770264"
"Val","0","0.00004574274134938605","-0.7273076772689819","0.9661896824836731","-1.6934974193572998","-0.6394506692886353","0.8933975696563721","-1.5328482389450073"
"Val","0","0.00005156549013918266","-0.7098284363746643","0.9586437344551086","-1.668472170829773","-0.626006007194519","0.8882622718811035","-1.5142682790756226"
"Val","0","0.00007498539343941957","-0.6513051986694336","0.9466533660888672","-1.5979585647583008","-0.5750337839126587","0.8803877830505371","-1.4554215669631958"
"Val","0","0.000053549309086520225","-0.7438363432884216","0.9659179449081421","-1.709754228591919","-0.6514385342597961","0.8911432027816772","-1.5425817966461182"
"Val","0","0.00004851181074627675","-0.7006027698516846","0.9656508564949036","-1.6662535667419434","-0.6145798563957214","0.894923746585846","-1.5095036029815674"
"Val","0","0.00005712954589398578","-0.7414535880088806","0.9606414437294006","-1.7020950317382812","-0.6527265310287476","0.8838993310928345","-1.536625862121582"
"Val","0","0.00006775900692446157","-0.6920669078826904","0.9597089886665344","-1.65177583694458","-0.608103334903717","0.8925991058349609","-1.5007023811340332"
"Val","0","0.0000459605835203547","-0.6966328620910645","0.9586047530174255","-1.6552376747131348","-0.6190521121025085","0.8840901255607605","-1.503142237663269"
"Val","0","0.0001205105145345442","-0.6696597933769226","0.9330687522888184","-1.6027286052703857","-0.5673616528511047","0.8766462206840515","-1.4440078735351562"
"Val","0","0.000049842801672639325","-0.7295436859130859","0.9746146202087402","-1.7041583061218262","-0.6367319822311401","0.9050501585006714","-1.5417821407318115"
"Val","0","0.0003905163612216711","-0.5736428499221802","0.8594803214073181","-1.4331231117248535","-0.4413439929485321","0.8416277170181274","-1.282971739768982"
"Val","0","0.00004551065285340883","-0.7568359375","0.9593181014060974","-1.7161540985107422","-0.6759336590766907","0.8867679834365845","-1.56270170211792"
"Val","0","0.00008789313142187893","-0.7121747732162476","0.9574108123779297","-1.6695855855941772","-0.6163468360900879","0.8927006721496582","-1.509047508239746"
"Val","0","0.00008386981789954007","-0.7010011672973633","0.9348056316375732","-1.6358067989349365","-0.6309800148010254","0.857421338558197","-1.4884014129638672"
"Val","0","0.00004139717202633619","-0.7251707315444946","0.9683767557144165","-1.6935474872589111","-0.6396824717521667","0.894890546798706","-1.5345730781555176"
"Val","0","0.00004083109524799511","-0.7138652801513672","0.9734017848968506","-1.6872670650482178","-0.6273847222328186","0.9046632647514343","-1.532047986984253"
"Val","0","0.00004916621765005402","-0.7238287925720215","0.969784140586853","-1.6936129331588745","-0.6394737958908081","0.895989179611206","-1.5354629755020142"
"Val","0","0.00004703528975369409","-0.7333648800849915","0.9658527374267578","-1.6992175579071045","-0.648600161075592","0.8893375992774963","-1.5379377603530884"
"Val","0","0.00006454480171669275","-0.6811041831970215","0.9082377552986145","-1.5893418788909912","-0.6126699447631836","0.8527812957763672","-1.4654512405395508"
"Val","0","0.0000758754467824474","-0.6954182982444763","0.9429237842559814","-1.6383421421051025","-0.6166058778762817","0.8778122663497925","-1.4944181442260742"
"Val","0","0.00006606896931771189","-0.7086234092712402","0.9557016491889954","-1.6643249988555908","-0.6135170459747314","0.8924617767333984","-1.5059788227081299"
"Val","0","0.00008835725020617247","-0.6917151212692261","0.9573256969451904","-1.6490408182144165","-0.5947908759117126","0.895375669002533","-1.4901665449142456"
"Val","0","0.0000899308652151376","-0.6785562634468079","0.9594238996505737","-1.6379802227020264","-0.5801689624786377","0.8988078236579895","-1.4789767265319824"
"Val","0","0.000048841942771105096","-0.7197661399841309","0.9403591156005859","-1.6601252555847168","-0.6494121551513672","0.8623239398002625","-1.5117361545562744"
"Val","0","0.000044857184548163787","-0.735863208770752","0.9760836362838745","-1.7119468450546265","-0.6462089419364929","0.9042319655418396","-1.5504409074783325"
"Val","0","0.00008000067464308813","-0.615654468536377","0.8810511231422424","-1.4967055320739746","-0.548204243183136","0.8292291164398193","-1.3774333000183105"
"Val","0","0.00004153811460128054","-0.7200614213943481","0.9654960632324219","-1.68555748462677","-0.6414915919303894","0.8886328339576721","-1.5301244258880615"
"Val","0","0.00004121809615753591","-0.7000933885574341","0.94999760389328","-1.6500909328460693","-0.6239327192306519","0.8794237971305847","-1.5033564567565918"
"Val","0","0.00006849951751064509","-0.7418521642684937","0.9572157859802246","-1.6990679502487183","-0.6452449560165405","0.89362633228302","-1.5388712882995605"
"Val","0","0.00004570197779685259","-0.7359660267829895","0.9558233022689819","-1.6917893886566162","-0.657027006149292","0.8828302621841431","-1.539857268333435"
"Val","0","0.00007236970850499347","-0.6495822072029114","0.9088322520256042","-1.5584144592285156","-0.5781631469726562","0.8516885042190552","-1.4298516511917114"
"Val","0","0.00007080058276187629","-0.7236759066581726","0.961115300655365","-1.6847912073135376","-0.6427416801452637","0.8886961936950684","-1.531437873840332"
"Val","0","0.00005061391129856929","-0.7045600414276123","0.9593451023101807","-1.663905143737793","-0.6236559152603149","0.8856956958770752","-1.5093516111373901"
"Val","0","0.000051307633839314803","-0.7243529558181763","0.9599868059158325","-1.6843397617340088","-0.6461037993431091","0.8868453502655029","-1.5329492092132568"
"Val","0","0.00004508963684202172","-0.714747428894043","0.9253985285758972","-1.640146017074585","-0.6408153772354126","0.8653483986854553","-1.5061638355255127"
"Val","0","0.000053593805205309764","-0.7206341028213501","0.9648768305778503","-1.6855108737945557","-0.6399648189544678","0.8898527026176453","-1.5298175811767578"
"Val","0","0.00018246522813569754","-0.6783788204193115","0.9238649010658264","-1.6022436618804932","-0.5887024998664856","0.8693264722824097","-1.45802903175354"
"Val","0","0.00009679431968834251","-0.660411536693573","0.9390832781791687","-1.5994948148727417","-0.573614239692688","0.882255494594574","-1.4558696746826172"
"Val","0","0.000049820610001916066","-0.7244576215744019","0.9612671732902527","-1.6857247352600098","-0.642421543598175","0.8870075941085815","-1.5294291973114014"
"Val","0","0.00007131148595362902","-0.6471208333969116","0.8856911063194275","-1.5328118801116943","-0.5753326416015625","0.835006058216095","-1.4103386402130127"
"Val","0","0.00025426450883969665","-0.5615067481994629","0.796028733253479","-1.357535481452942","-0.5008620023727417","0.7525617480278015","-1.2534236907958984"
"Val","0","0.00007457883475581184","-0.6930842399597168","0.937042772769928","-1.630126953125","-0.6234750151634216","0.8667840361595154","-1.490259051322937"
"Val","0","0.00004185063153272495","-0.7370964288711548","0.9740617275238037","-1.7111581563949585","-0.6520271301269531","0.8994208574295044","-1.5514479875564575"
"Val","0","0.00007111834565876052","-0.6769486665725708","0.9358994960784912","-1.612848162651062","-0.6045686602592468","0.8656418323516846","-1.4702105522155762"
"Val","0","0.000048339370550820604","-0.7397881746292114","0.9808773994445801","-1.7206655740737915","-0.6474387645721436","0.912651002407074","-1.5600898265838623"
"Val","0","0.00004578140942612663","-0.7180428504943848","0.9627160429954529","-1.6807589530944824","-0.6411097049713135","0.887788712978363","-1.5288984775543213"
"Val","0","0.00007532739982707426","-0.723626434803009","0.9457208514213562","-1.6693472862243652","-0.641547441482544","0.8711661100387573","-1.5127135515213013"
"Val","0","0.00007237778481794521","-0.7017017006874084","0.9577323794364929","-1.6594340801239014","-0.6244605183601379","0.8861355781555176","-1.5105960369110107"
"Val","0","0.0000857016711961478","-0.6143829226493835","0.8663268685340881","-1.4807097911834717","-0.5464487671852112","0.8207364082336426","-1.367185115814209"
"Val","0","0.00017176535038743168","-0.6197108030319214","0.9012960195541382","-1.5210068225860596","-0.5269776582717896","0.8564872741699219","-1.3834649324417114"
"Val","0","0.00005132392470841296","-0.7359236478805542","0.9636700749397278","-1.6995937824249268","-0.6580415964126587","0.8889601230621338","-1.5470017194747925"
"Val","0","0.00006177077011670917","-0.700730562210083","0.9323775172233582","-1.633108139038086","-0.6285527348518372","0.8625659942626953","-1.4911186695098877"
"Val","0","0.00004509509744821116","-0.7196690440177917","0.9727163314819336","-1.6923854351043701","-0.6331396698951721","0.9007450938224792","-1.5338847637176514"
"Val","0","0.000051584280299721286","-0.6983506679534912","0.9635099172592163","-1.6618605852127075","-0.6082907915115356","0.8907596468925476","-1.4990503787994385"
"Val","0","0.00007129407458705828","-0.7278980016708374","0.9599388241767883","-1.6878368854522705","-0.6499298810958862","0.889179527759552","-1.539109468460083"
"Val","0","0.000045212567783892155","-0.7366060018539429","0.9798534512519836","-1.7164595127105713","-0.6484578847885132","0.9074159860610962","-1.5558738708496094"
"Val","0","0.00004274958700989373","-0.7204434871673584","0.9717426300048828","-1.6921861171722412","-0.6371679306030273","0.8956818580627441","-1.5328497886657715"
"Val","0","0.0000550660042790696","-0.6916017532348633","0.9590216875076294","-1.6506234407424927","-0.6145927906036377","0.8828101754188538","-1.4974029064178467"
"Val","0","0.00005668649100698531","-0.696893036365509","0.9650932550430298","-1.6619863510131836","-0.6091561317443848","0.8933499455451965","-1.5025060176849365"
"Val","0","0.00007735959661658853","-0.6694893836975098","0.9477330446243286","-1.6172224283218384","-0.5853556394577026","0.8890966176986694","-1.474452257156372"
"Val","0","0.00004958707359037362","-0.7358454465866089","0.97025465965271","-1.7061001062393188","-0.6405195593833923","0.9002150893211365","-1.5407346487045288"
"Val","0","0.00008712300041224808","-0.7053699493408203","0.9276334047317505","-1.6330033540725708","-0.629433274269104","0.8542307615280151","-1.4836640357971191"
"Val","0","0.000050864160584751517","-0.7320417165756226","0.9518609046936035","-1.683902621269226","-0.6481146812438965","0.883405327796936","-1.5315200090408325"
"Val","0","0.00004865789378527552","-0.7412986159324646","0.9673274755477905","-1.7086260318756104","-0.6526257395744324","0.8905425667762756","-1.543168306350708"
"Val","0","0.00004205547520541586","-0.733238935470581","0.9610564708709717","-1.6942954063415527","-0.6545780301094055","0.8834950923919678","-1.5380730628967285"
"Val","0","0.0000429998581239488","-0.7344029545783997","0.9643036127090454","-1.6987066268920898","-0.6570224761962891","0.8851373195648193","-1.5421597957611084"
"Val","0","0.00005086246528662741","-0.7190752029418945","0.9609485864639282","-1.6800237894058228","-0.6372178196907043","0.8865532875061035","-1.523771047592163"
"Val","0","0.0001265733881155029","-0.6184878945350647","0.8484660387039185","-1.466953992843628","-0.5543768405914307","0.8040629625320435","-1.3584398031234741"
"Val","0","0.00006722193211317062","-0.6604759097099304","0.9150060415267944","-1.57548189163208","-0.5961652994155884","0.8489039540290833","-1.4450693130493164"
"Val","0","0.00006739735545124859","-0.6824292540550232","0.9573035836219788","-1.639732837677002","-0.6016362309455872","0.888322114944458","-1.4899582862854004"
"Val","0","0.00005649152444675565","-0.6955722570419312","0.9579704999923706","-1.6535427570343018","-0.6189771890640259","0.8836884498596191","-1.502665638923645"
"Val","0","0.00006999814650043845","-0.7045032382011414","0.9593209624290466","-1.663824200630188","-0.6104040145874023","0.9000025391578674","-1.510406494140625"
"Val","0","0.0000456026682513766","-0.7467126250267029","0.971440851688385","-1.718153476715088","-0.6619108319282532","0.8956174850463867","-1.5575282573699951"
"Val","0","0.00011692091356962919","-0.6764199733734131","0.9323235750198364","-1.6087435483932495","-0.5956733822822571","0.8728575706481934","-1.4685308933258057"
"Val","0","0.00005360653449315578","-0.7204331755638123","0.9692878127098083","-1.6897209882736206","-0.6391713619232178","0.8987929224967957","-1.5379643440246582"
"Val","0","0.0000601566607656423","-0.730375349521637","0.9619356989860535","-1.6923110485076904","-0.6363339424133301","0.8966653943061829","-1.5329992771148682"
"Val","0","0.00006065250272513367","-0.681269109249115","0.9019647836685181","-1.5832338333129883","-0.5993375182151794","0.8539150357246399","-1.4532525539398193"
"Val","0","0.000057551078498363495","-0.6956624984741211","0.9710580110549927","-1.6667205095291138","-0.5954386591911316","0.9103496074676514","-1.5057883262634277"
"Val","0","0.00008108733163680881","-0.6442104578018188","0.8826518058776855","-1.5268622636795044","-0.5858868360519409","0.8228441476821899","-1.4087309837341309"
"Val","0","0.000053777599532622844","-0.6462692022323608","0.9054356813430786","-1.5517048835754395","-0.5809948444366455","0.8448245525360107","-1.4258193969726562"
"Val","0","0.00010823910270119086","-0.6506717205047607","0.9382151365280151","-1.5888868570327759","-0.5689083933830261","0.8788451552391052","-1.4477535486221313"
"Val","0","0.000045724162191618234","-0.7226066589355469","0.920835018157959","-1.6434416770935059","-0.6504595279693604","0.8631645441055298","-1.5136240720748901"
"Val","0","0.00006963689520489424","-0.6818631887435913","0.9371637105941772","-1.6190268993377686","-0.6139363050460815","0.861788809299469","-1.4757251739501953"
"Val","0","0.00006314887286862358","-0.7058397531509399","0.9641027450561523","-1.6699424982070923","-0.6204802393913269","0.895035982131958","-1.5155162811279297"
"Val","0","0.00007027665560599416","-0.6756938695907593","0.9174594879150391","-1.5931533575057983","-0.6024573445320129","0.8626072406768799","-1.465064525604248"
"Val","0","0.000058996567531721666","-0.7040190696716309","0.9550904035568237","-1.6591094732284546","-0.622036337852478","0.884082555770874","-1.506118893623352"
"Val","0","0.00011515211372170597","-0.6654388904571533","0.9413994550704956","-1.606838345527649","-0.5820971727371216","0.8861032128334045","-1.468200445175171"
"Val","0","0.000052951829275116324","-0.7152166366577148","0.9657217264175415","-1.6809383630752563","-0.627656102180481","0.8946371674537659","-1.5222933292388916"
"Val","0","0.00006166030652821064","-0.678708553314209","0.9140443801879883","-1.5927529335021973","-0.6116049885749817","0.8551198840141296","-1.4667248725891113"
"Val","0","0.00004738285133498721","-0.712287962436676","0.9635648727416992","-1.6758527755737305","-0.6365928649902344","0.8866948485374451","-1.5232877731323242"
"Val","0","0.00007395216380245984","-0.6574141383171082","0.888053834438324","-1.5454679727554321","-0.589362621307373","0.8335865139961243","-1.4229490756988525"
"Val","0","0.00005995266837999225","-0.7322897911071777","0.9753683805465698","-1.7076581716537476","-0.6357645392417908","0.9118884205818176","-1.5476529598236084"
"Val","0","0.0005350063438527286","-0.5969561338424683","0.8479230403900146","-1.444879174232483","-0.5324904918670654","0.8014251589775085","-1.3339157104492188"
"Val","0","0.00008754774171393365","-0.6910732984542847","0.9506604671478271","-1.6417337656021118","-0.5943652391433716","0.8891765475273132","-1.48354172706604"
"Val","0","0.0001378508604830131","-0.6571075916290283","0.9309701919555664","-1.5880777835845947","-0.5320982933044434","0.8895103931427002","-1.4216086864471436"
"Val","0","0.00012089598021702841","-0.6075952649116516","0.7984786033630371","-1.406073808670044","-0.5511664748191833","0.761528491973877","-1.312695026397705"
"Val","0","0.00006640252831857651","-0.7198677062988281","0.9711427688598633","-1.6910104751586914","-0.6146174669265747","0.9073492288589478","-1.5219666957855225"
"Val","0","0.00005763603621744551","-0.6809433102607727","0.9322726130485535","-1.6132159233093262","-0.6093177199363708","0.867466926574707","-1.4767847061157227"
"Val","0","0.00015604902000632137","-0.6172449588775635","0.9155346155166626","-1.532779574394226","-0.544867753982544","0.8543115854263306","-1.3991793394088745"
"Val","0","0.00006286671850830317","-0.6837782859802246","0.9522150754928589","-1.6359933614730835","-0.6047611236572266","0.8867675065994263","-1.4915286302566528"
"Val","0","0.00007143965922296047","-0.7136144042015076","0.9604952335357666","-1.674109697341919","-0.6332583427429199","0.8885668516159058","-1.5218251943588257"
"Val","0","0.0000498300141771324","-0.7283998727798462","0.9789613485336304","-1.7073612213134766","-0.6318416595458984","0.9155625104904175","-1.547404170036316"
"Val","0","0.00023530043836217374","-0.5717448592185974","0.7373420000076294","-1.309086799621582","-0.5066132545471191","0.7166102528572083","-1.2232234477996826"
"Val","0","0.00007617864321218804","-0.706574022769928","0.9554194211959839","-1.6619935035705566","-0.6222569942474365","0.8911464214324951","-1.5134034156799316"
"Val","0","0.0004686614847742021","-0.6010779142379761","0.8502169847488403","-1.4512948989868164","-0.5163100361824036","0.8160661458969116","-1.33237624168396"
"Val","0","0.0005130913341417909","-0.5761024951934814","0.8450021743774414","-1.4211046695709229","-0.4878727197647095","0.8079990744590759","-1.2958717346191406"
"Val","0","0.00006318416853900999","-0.724416971206665","0.9698321223258972","-1.694249153137207","-0.6297493577003479","0.9042775630950928","-1.534026861190796"
"Val","0","0.000049049191147787496","-0.7272862195968628","0.9553259015083313","-1.6826121807098389","-0.6540005207061768","0.8760883808135986","-1.5300889015197754"
"Val","0","0.00009566490189172328","-0.634716272354126","0.8850164413452148","-1.5197327136993408","-0.5709658265113831","0.8257415294647217","-1.39670729637146"
"Val","0","0.00005500260886037722","-0.6897743344306946","0.9523271918296814","-1.642101526260376","-0.6011600494384766","0.8804055452346802","-1.4815655946731567"
"Val","0","0.00004344170156400651","-0.710940957069397","0.9688504934310913","-1.6797914505004883","-0.6204809546470642","0.8973462581634521","-1.5178272724151611"
"Val","0","0.011296885088086128","-0.3711813688278198","0.6069005131721497","-0.9780818819999695","-0.3101406395435333","0.5985766649246216","-0.9087172746658325"
"Val","0","0.00005835722549818456","-0.6908130645751953","0.9589220285415649","-1.6497350931167603","-0.6150228977203369","0.885097861289978","-1.500120759010315"
"Val","0","0.00004337890277383849","-0.7393490672111511","0.9707538485527039","-1.710102915763855","-0.6483597755432129","0.8990753889083862","-1.5474351644515991"
"Val","0","0.00006719481461914256","-0.6769010424613953","0.9233003258705139","-1.6002013683319092","-0.6035063862800598","0.8589051961898804","-1.462411642074585"
"Val","0","0.00003472440948826261","-0.7183718681335449","0.9462180137634277","-1.6645898818969727","-0.6416857242584229","0.8809927701950073","-1.5226784944534302"
"Val","0","0.00009654367022449151","-0.6372300386428833","0.9364107847213745","-1.5736408233642578","-0.5431326031684875","0.8787858486175537","-1.4219183921813965"
"Val","0","0.00004122603786527179","-0.7273287773132324","0.9661449193954468","-1.6934736967086792","-0.6389617919921875","0.8921810388565063","-1.5311428308486938"
"Val","0","0.00010009425750467926","-0.6454411745071411","0.9317700266838074","-1.5772111415863037","-0.5655539035797119","0.8676692247390747","-1.4332231283187866"
"Val","0","0.00005686917938874103","-0.716476559638977","0.9580978155136108","-1.674574375152588","-0.6309409141540527","0.8835157155990601","-1.5144566297531128"
"Val","0","0.00004255467501934618","-0.7453942894935608","0.9639341235160828","-1.7093284130096436","-0.6680811643600464","0.8847804665565491","-1.5528616905212402"
"Val","0","0.00004895773599855602","-0.7161649465560913","0.9659813642501831","-1.6821463108062744","-0.639931857585907","0.890546977519989","-1.530478835105896"
"Val","0","0.00007405865471810102","-0.6603153944015503","0.8978394269943237","-1.558154821395874","-0.5956997275352478","0.8427234888076782","-1.4384231567382812"
"Val","0","0.0000596343852521386","-0.6946784853935242","0.9627137184143066","-1.6573922634124756","-0.6065177917480469","0.8943642377853394","-1.5008820295333862"
"Val","0","0.00004072555748280138","-0.7368308305740356","0.9771175384521484","-1.713948369026184","-0.6442261934280396","0.9057614803314209","-1.5499876737594604"
"Val","0","0.00006148632382974029","-0.7201228737831116","0.964169979095459","-1.6842927932739258","-0.6336608529090881","0.895639181137085","-1.5292999744415283"
"Val","0","0.00004624666689778678","-0.6852275729179382","0.9092825651168823","-1.5945100784301758","-0.614815354347229","0.8510890007019043","-1.4659043550491333"
"Val","0","0.000056737819249974564","-0.6594622135162354","0.8866971731185913","-1.5461593866348267","-0.5878055095672607","0.8419567942619324","-1.429762363433838"
"Val","0","0.00004842621274292469","-0.7148064374923706","0.9697461128234863","-1.684552550315857","-0.62424236536026","0.8984076380729675","-1.5226500034332275"
"Val","0","0.000049342263082508","-0.6931741237640381","0.9303135871887207","-1.6234877109527588","-0.6203608512878418","0.8650035262107849","-1.4853644371032715"
"Val","0","0.0000428613529948052","-0.7390432953834534","0.967510998249054","-1.7065542936325073","-0.6566034555435181","0.8878735303878784","-1.5444769859313965"
"Val","0","0.000052050352678634226","-0.6776995658874512","0.9179023504257202","-1.5956019163131714","-0.6094001531600952","0.8539851307868958","-1.4633853435516357"
"Val","0","0.00004371564500615932","-0.7395524382591248","0.9638649225234985","-1.7034173011779785","-0.6636201739311218","0.8868938684463501","-1.5505139827728271"
"Val","0","0.000053000978368800133","-0.6867722868919373","0.958511233329773","-1.6452834606170654","-0.6062439680099487","0.8894661664962769","-1.4957101345062256"
"Val","0","0.00006563321949215606","-0.6597076058387756","0.8934478759765625","-1.5531554222106934","-0.5984199047088623","0.8353061676025391","-1.4337260723114014"
"Val","0","0.00007506336987717077","-0.6875820159912109","0.9540503025054932","-1.641632318496704","-0.6097866296768188","0.8823018074035645","-1.4920884370803833"
"Val","0","0.00007631905464222655","-0.6613489985466003","0.8961294889450073","-1.557478427886963","-0.5987910032272339","0.8403058052062988","-1.4390968084335327"
"Val","0","0.00009457690612180158","-0.6522473096847534","0.9383165836334229","-1.5905638933181763","-0.5717683434486389","0.8722976446151733","-1.444066047668457"
"Val","0","0.00007369626109721139","-0.6502506136894226","0.9441248774528503","-1.594375491142273","-0.5771426558494568","0.873772144317627","-1.4509148597717285"
"Val","0","0.00005578843774856068","-0.7304969429969788","0.9645794630050659","-1.6950764656066895","-0.642440140247345","0.8904682993888855","-1.5329084396362305"
"Val","0","0.000041093364416155964","-0.7187389135360718","0.9532903432846069","-1.6720292568206787","-0.6444923877716064","0.8738832473754883","-1.5183756351470947"
"Val","0","0.00007256257231347263","-0.7065898776054382","0.9610540866851807","-1.6676440238952637","-0.6237190961837769","0.8927830457687378","-1.5165021419525146"
"Val","0","0.00006599774496862665","-0.7177387475967407","0.9631558656692505","-1.6808946132659912","-0.6288403868675232","0.8975585103034973","-1.5263988971710205"
"Val","0","0.00004449067637324333","-0.7167593240737915","0.9539846777915955","-1.6707439422607422","-0.6401242017745972","0.8761047720909119","-1.5162289142608643"
"Val","0","0.00005237459481577389","-0.7204126119613647","0.973812460899353","-1.6942250728607178","-0.615858256816864","0.9142818450927734","-1.5301401615142822"
"Val","0","0.00006970752292545512","-0.6935579180717468","0.9487485289573669","-1.6423064470291138","-0.6149827837944031","0.8814346790313721","-1.49641752243042"
"Val","0","0.000042779076466104016","-0.7237579822540283","0.9644899368286133","-1.6882479190826416","-0.6465669870376587","0.8888698816299438","-1.5354368686676025"
"Val","0","0.00004022417851956561","-0.7200559973716736","0.9687497615814209","-1.6888058185577393","-0.634397029876709","0.8979178667068481","-1.5323148965835571"
"Val","0","0.00029746515792794526","-0.6263867616653442","0.866690456867218","-1.493077278137207","-0.5478873252868652","0.8234781622886658","-1.3713655471801758"
"Val","0","0.0000407573752454482","-0.6912278532981873","0.9296813011169434","-1.6209092140197754","-0.6185862421989441","0.8649080395698547","-1.4834942817687988"
"Val","0","0.00004977862408850342","-0.7080348134040833","0.9562456607818604","-1.6642804145812988","-0.6306178569793701","0.8788965344429016","-1.509514331817627"
"Val","0","0.00016440603940282017","-0.5926393866539001","0.8365671038627625","-1.4292064905166626","-0.5397825241088867","0.7909528613090515","-1.330735445022583"
"Val","0","0.00018394376093056053","-0.594299852848053","0.8992050886154175","-1.4935050010681152","-0.5109785199165344","0.8510062098503113","-1.3619847297668457"
"Val","0","0.00017557172395754606","-0.6275367140769958","0.9242787957191467","-1.5518155097961426","-0.5350339412689209","0.8652305006980896","-1.4002645015716553"
"Val","0","0.00006076261342968792","-0.7112869620323181","0.9625832438468933","-1.6738702058792114","-0.6258729100227356","0.8903635144233704","-1.516236424446106"
"Val","0","0.00008042382978601381","-0.649165689945221","0.9041322469711304","-1.553297996520996","-0.5822866559028625","0.8412646055221558","-1.423551321029663"
"Val","0","0.00005051342668593861","-0.7467705011367798","0.977827250957489","-1.724597692489624","-0.6544013023376465","0.9115239381790161","-1.5659252405166626"
"Val","0","0.00008790285210125148","-0.7180496454238892","0.9517331123352051","-1.6697827577590942","-0.6268543601036072","0.8861892223358154","-1.5130436420440674"
"Val","0","0.00005587245323113166","-0.6951632499694824","0.9679351449012756","-1.6630983352661133","-0.6132313013076782","0.897376298904419","-1.5106076002120972"
"Val","0","0.0001525544939795509","-0.6484948396682739","0.9042661190032959","-1.5527609586715698","-0.5845940709114075","0.8375102281570435","-1.4221043586730957"
"Val","0","0.00005983985829516314","-0.6999078392982483","0.9514031410217285","-1.651310920715332","-0.6274983286857605","0.8778027892112732","-1.5053011178970337"
"Val","0","0.00004839167377213016","-0.7227586507797241","0.9599414467811584","-1.6827001571655273","-0.6415451765060425","0.8811643719673157","-1.522709608078003"
"Val","0","0.00004619910760084167","-0.6923711895942688","0.9249284863471985","-1.6172996759414673","-0.6167885065078735","0.8654624223709106","-1.4822509288787842"
"Val","0","0.00004859051477978937","-0.7336087226867676","0.9619872570037842","-1.6955959796905518","-0.6529420018196106","0.8865095376968384","-1.5394515991210938"
"Val","0","0.0000488439472974278","-0.6903604865074158","0.9330668449401855","-1.623427391052246","-0.6161863803863525","0.8682830333709717","-1.4844694137573242"
"Val","1","0.9991558790206909","0.7750191688537598","-0.4959428608417511","1.2709619998931885","0.7575701475143433","-0.42781874537467957","1.1853889226913452"
"Val","1","0.9999812841415405","0.9484219551086426","-0.7052737474441528","1.6536957025527954","0.8289182782173157","-0.6608294248580933","1.4897477626800537"
"Val","1","0.9999749660491943","0.9474594593048096","-0.694727897644043","1.6421873569488525","0.8375080227851868","-0.6479503512382507","1.4854583740234375"
"Val","1","0.999954342842102","0.8899075984954834","-0.6615785956382751","1.5514862537384033","0.7738274335861206","-0.6204046607017517","1.3942320346832275"
"Val","1","0.9999802112579346","0.9651725888252258","-0.7139251828193665","1.6790977716445923","0.8655763268470764","-0.6669269800186157","1.532503366470337"
"Val","1","0.9999806880950928","0.9614787101745605","-0.7363090515136719","1.6977877616882324","0.8459108471870422","-0.6892637610435486","1.5351746082305908"
"Val","1","0.999808132648468","0.8692082166671753","-0.6078791618347168","1.477087378501892","0.8265981674194336","-0.5400042533874512","1.3666024208068848"
"Val","1","0.582603394985199","0.18766054511070251","0.040252383798360825","0.1474081575870514","0.2791137397289276","0.10149628669023514","0.17761746048927307"
"Val","1","0.34676602482795715","0.14464187622070312","0.12172254920005798","0.02291932702064514","0.2535645365715027","0.18782982230186462","0.06573471426963806"
"Val","1","0.9975588321685791","0.651542067527771","-0.4514774680137634","1.1030194759368896","0.587182879447937","-0.3952973186969757","0.9824801683425903"
"Val","1","0.9999762773513794","0.9482451677322388","-0.7405638098716736","1.6888089179992676","0.8435971736907959","-0.695329487323761","1.538926601409912"
"Val","1","0.9998877048492432","0.8880943655967712","-0.6549947261810303","1.5430891513824463","0.8111104965209961","-0.5930579304695129","1.4041683673858643"
"Val","1","0.9999812841415405","0.958392858505249","-0.7242459058761597","1.6826387643814087","0.8458013534545898","-0.6797949075698853","1.525596261024475"
"Val","1","0.9974477291107178","0.697844922542572","-0.44700077176094055","1.144845724105835","0.7062743902206421","-0.38988253474235535","1.0961569547653198"
"Val","1","0.9999713897705078","0.9473075866699219","-0.6760573387145996","1.6233649253845215","0.8577522039413452","-0.628263533115387","1.486015796661377"
"Val","1","0.9999352693557739","0.9211254715919495","-0.6587406396865845","1.5798661708831787","0.8431543111801147","-0.6003801226615906","1.4435343742370605"
"Val","1","0.11160615086555481","-0.10338261723518372","0.3392532467842102","-0.4426358640193939","0.04098053276538849","0.3660542070865631","-0.3250736594200134"
"Val","1","0.9998904466629028","0.9095377922058105","-0.6383161544799805","1.547853946685791","0.8592175245285034","-0.5785393714904785","1.437756896018982"
"Val","1","0.9999845027923584","0.9580444693565369","-0.7440320253372192","1.7020764350891113","0.8310781121253967","-0.7012657523155212","1.532343864440918"
"Val","1","0.9995854496955872","0.8123006820678711","-0.5862783789634705","1.3985791206359863","0.7941218614578247","-0.5222252011299133","1.3163471221923828"
"Val","1","0.9999690055847168","0.9156926870346069","-0.6771284937858582","1.5928211212158203","0.7931599617004395","-0.6318684220314026","1.4250283241271973"
"Val","1","0.9935764670372009","0.6598550081253052","-0.44901201128959656","1.1088670492172241","0.7030566930770874","-0.3629603981971741","1.0660171508789062"
"Val","1","0.9999810457229614","0.9405887126922607","-0.7299630641937256","1.6705517768859863","0.8113033771514893","-0.6868430376052856","1.498146414756775"
"Val","1","0.8278331756591797","0.36248472332954407","-0.12231380492448807","0.48479852080345154","0.45205220580101013","-0.05586164817214012","0.5079138278961182"
"Val","1","0.9757708311080933","0.49331700801849365","-0.22109073400497437","0.714407742023468","0.5841880440711975","-0.14666083455085754","0.7308489084243774"
"Val","1","0.9999425411224365","0.926728367805481","-0.6703953742980957","1.5971237421035767","0.8563916683197021","-0.6174683570861816","1.4738600254058838"
"Val","1","0.9999668598175049","0.9431014657020569","-0.6997194290161133","1.6428208351135254","0.8570789694786072","-0.652961015701294","1.510040044784546"
"Val","1","0.999502420425415","0.781282901763916","-0.4566691517829895","1.2379519939422607","0.7611769437789917","-0.3977483808994293","1.1589252948760986"
"Val","1","0.9999226331710815","0.8918626308441162","-0.6598882079124451","1.551750898361206","0.8036175966262817","-0.6042850613594055","1.407902717590332"
"Val","1","0.9999781847000122","0.9477801322937012","-0.7103116512298584","1.6580917835235596","0.8282736539840698","-0.6659133434295654","1.4941869974136353"
"Val","1","0.9999490976333618","0.9117523431777954","-0.6909955739974976","1.602747917175293","0.8208093047142029","-0.638617992401123","1.4594273567199707"
"Val","1","0.9998528957366943","0.8665856719017029","-0.6199122071266174","1.4864978790283203","0.8035967350006104","-0.5608559846878052","1.3644527196884155"
"Val","1","0.9999332427978516","0.8619825839996338","-0.6152666211128235","1.4772491455078125","0.7610183954238892","-0.5750985741615295","1.3361170291900635"
"Val","1","0.9997695088386536","0.8328229188919067","-0.6078733205795288","1.4406962394714355","0.762687623500824","-0.5397816896438599","1.302469253540039"
"Val","1","0.9878984093666077","0.5744360685348511","-0.3234517574310303","0.8978878259658813","0.6486746668815613","-0.2445589303970337","0.893233597278595"
"Val","1","0.9981687068939209","0.7179826498031616","-0.42722442746162415","1.1452070474624634","0.723899245262146","-0.3584173321723938","1.0823166370391846"
"Val","1","0.9999796152114868","0.9653517007827759","-0.7013844847679138","1.666736125946045","0.8591660261154175","-0.6506038308143616","1.5097699165344238"
"Val","1","0.998936116695404","0.7737314105033875","-0.4876670837402344","1.2613985538482666","0.7852505445480347","-0.4162522256374359","1.201502799987793"
"Val","1","0.9966692328453064","0.6510048508644104","-0.3476555049419403","0.9986603260040283","0.6571905612945557","-0.2969346046447754","0.954125165939331"
"Val","1","0.9971444010734558","0.6823662519454956","-0.37485942244529724","1.0572257041931152","0.7079636454582214","-0.30437514185905457","1.0123387575149536"
"Val","1","0.9967325925827026","0.5696752071380615","-0.31794995069503784","0.8876251578330994","0.5321102142333984","-0.27660349011421204","0.8087136745452881"
"Val","1","0.9999703168869019","0.9239362478256226","-0.677386999130249","1.6013232469558716","0.8103712201118469","-0.6306503415107727","1.4410215616226196"
"Val","1","0.9999161958694458","0.8957436084747314","-0.6321414709091187","1.52788507938385","0.8132641911506653","-0.581390380859375","1.3946545124053955"
"Val","1","0.999890923500061","0.8817741870880127","-0.6363139152526855","1.5180881023406982","0.8152151107788086","-0.578947901725769","1.3941630125045776"
"Val","1","0.9993999004364014","0.7332097887992859","-0.5486139059066772","1.2818236351013184","0.6476680636405945","-0.49558305740356445","1.1432511806488037"
"Val","1","0.9998724460601807","0.8859411478042603","-0.6478672623634338","1.5338084697723389","0.8097805380821228","-0.5870065689086914","1.396787166595459"
"Val","1","0.9996620416641235","0.8428516387939453","-0.5865720510482788","1.4294236898422241","0.7880970239639282","-0.5199840664863586","1.3080811500549316"
"Val","1","0.0017271413234993815","-0.37462449073791504","0.7102707028388977","-1.084895133972168","-0.2597661316394806","0.7024015784263611","-0.9621677398681641"
"Val","1","0.9999209642410278","0.8942360877990723","-0.6238614320755005","1.5180975198745728","0.8314553499221802","-0.5705333352088928","1.4019887447357178"
"Val","1","0.9988148212432861","0.7365633845329285","-0.4607478976249695","1.197311282157898","0.736736536026001","-0.39700889587402344","1.1337454319000244"
"Val","1","0.9999549388885498","0.9349114298820496","-0.6881614923477173","1.623072862625122","0.8594812750816345","-0.6298454403877258","1.4893267154693604"
"Val","1","0.9999798536300659","0.94007408618927","-0.695286750793457","1.635360836982727","0.8197292685508728","-0.6514637470245361","1.4711930751800537"
"Val","1","0.9999710321426392","0.9309000968933105","-0.6898891925811768","1.6207892894744873","0.8185300827026367","-0.6461166143417358","1.4646466970443726"
"Val","1","0.9999815225601196","0.9540172815322876","-0.7101439237594604","1.664161205291748","0.8402730822563171","-0.6635881066322327","1.5038611888885498"
"Val","1","0.9999457597732544","0.9103488326072693","-0.6742637157440186","1.5846126079559326","0.8124617338180542","-0.6281248331069946","1.4405865669250488"
"Val","1","0.999976634979248","0.9411353468894958","-0.6966032981872559","1.6377387046813965","0.8299854397773743","-0.651913046836853","1.481898546218872"
"Val","1","0.9999085664749146","0.8980090618133545","-0.6298788785934448","1.5278879404067993","0.8520718812942505","-0.5730180740356445","1.425089955329895"
"Val","1","0.9998893737792969","0.8686277866363525","-0.6378418207168579","1.5064696073532104","0.7782164812088013","-0.5771504044532776","1.3553669452667236"
"Val","1","0.9999853372573853","0.9704604148864746","-0.7474645376205444","1.717924952507019","0.8585458397865295","-0.701048731803894","1.5595946311950684"
"Val","1","0.9993029832839966","0.7799832224845886","-0.4900397062301636","1.2700228691101074","0.7610453963279724","-0.4198005199432373","1.1808459758758545"
"Val","1","0.010318156331777573","-0.24135293066501617","0.5669974684715271","-0.8083503842353821","-0.14528055489063263","0.5646268129348755","-0.7099073529243469"
"Val","1","0.9999747276306152","0.9409434795379639","-0.6686594486236572","1.609602928161621","0.8386999368667603","-0.623190701007843","1.461890697479248"
"Val","1","0.9794332981109619","0.48901045322418213","-0.2693721055984497","0.7583825588226318","0.45151641964912415","-0.21851426362991333","0.6700307130813599"
"Val","1","0.9980517625808716","0.6903856992721558","-0.46867167949676514","1.159057378768921","0.6700900793075562","-0.39732104539871216","1.067411184310913"
"Val","1","0.999950647354126","0.9103431701660156","-0.6782530546188354","1.588596224784851","0.8023006916046143","-0.6254274249076843","1.4277281761169434"
"Val","1","0.994400680065155","0.6648528575897217","-0.411185085773468","1.076037883758545","0.7102270126342773","-0.32916027307510376","1.0393872261047363"
"Val","1","0.9999366998672485","0.9092770218849182","-0.6390426158905029","1.5483195781707764","0.8350986242294312","-0.5859058499336243","1.4210045337677002"
"Val","1","0.9996304512023926","0.8241488933563232","-0.5306178331375122","1.3547667264938354","0.7982012033462524","-0.46671608090400696","1.264917254447937"
"Val","1","0.9935471415519714","0.5200583934783936","-0.23545986413955688","0.7555182576179504","0.5021169781684875","-0.1921788901090622","0.6942958831787109"
"Val","1","0.9999663829803467","0.9508466124534607","-0.7049390077590942","1.6557855606079102","0.8592975735664368","-0.6529521346092224","1.5122497081756592"
"Val","1","0.021103037521243095","-0.2960721552371979","0.5151022672653198","-0.8111743927001953","-0.13474491238594055","0.5593387484550476","-0.6940836906433105"
"Val","1","0.999426007270813","0.7460149526596069","-0.4980025589466095","1.244017481803894","0.7204594612121582","-0.43014657497406006","1.1506060361862183"
"Val","1","0.9967413544654846","0.6540586352348328","-0.4271089732646942","1.0811675786972046","0.6092404127120972","-0.3662513494491577","0.9754917621612549"
"Val","1","0.9998879432678223","0.884670615196228","-0.6197059154510498","1.5043765306472778","0.8242689371109009","-0.5622002482414246","1.3864691257476807"
"Val","1","0.9999816417694092","0.9547028541564941","-0.7244143486022949","1.679117202758789","0.8313451409339905","-0.6767928600311279","1.5081379413604736"
"Val","1","0.999738872051239","0.8324954509735107","-0.5537148118019104","1.3862102031707764","0.7990522384643555","-0.49012377858161926","1.2891759872436523"
"Val","1","0.999970555305481","0.9166812896728516","-0.6856920123100281","1.6023733615875244","0.8004639148712158","-0.6449178457260132","1.445381760597229"
"Val","1","0.9998894929885864","0.8546532392501831","-0.6151527762413025","1.4698059558868408","0.7538367509841919","-0.5627238154411316","1.3165605068206787"
"Val","1","0.9999699592590332","0.922408938407898","-0.6676986217498779","1.5901075601577759","0.808310329914093","-0.6202635765075684","1.4285738468170166"
"Val","1","0.9999829530715942","0.9657949805259705","-0.7437126636505127","1.709507703781128","0.8509795069694519","-0.6953561305999756","1.5463356971740723"
"Val","1","0.9999812841415405","0.946438729763031","-0.7236279249191284","1.6700665950775146","0.8172299265861511","-0.6794635057449341","1.4966933727264404"
"Val","1","0.9999810457229614","0.9595247507095337","-0.7120541334152222","1.6715788841247559","0.8481432199478149","-0.6676493883132935","1.5157926082611084"
"Val","1","0.9990705847740173","0.7295369505882263","-0.5031530857086182","1.2326900959014893","0.6961106061935425","-0.46016764640808105","1.1562782526016235"
"Val","1","0.9995169639587402","0.7995663285255432","-0.5364475250244141","1.3360137939453125","0.7929115891456604","-0.4644085466861725","1.2573201656341553"
"Val","1","0.9999239444732666","0.8454153537750244","-0.6238332390785217","1.4692485332489014","0.7282691597938538","-0.5809969902038574","1.3092660903930664"
"Val","1","0.9999756813049316","0.9261329770088196","-0.7026965618133545","1.6288294792175293","0.8067728281021118","-0.6598527431488037","1.4666255712509155"
"Val","1","0.9999639987945557","0.9057158827781677","-0.6673403382301331","1.5730562210083008","0.7930617332458496","-0.6218765377998352","1.41493821144104"
"Val","1","0.9999806880950928","0.9615987539291382","-0.7409017086029053","1.7025004625320435","0.848006010055542","-0.6926822662353516","1.5406882762908936"
"Val","1","0.9997872710227966","0.8388084769248962","-0.6313526034355164","1.4701610803604126","0.7679585814476013","-0.5663828253746033","1.3343414068222046"
"Val","1","0.9999418258666992","0.9126471281051636","-0.6642798185348511","1.5769269466400146","0.8161476850509644","-0.6112497448921204","1.4273974895477295"
"Val","1","0.9999681711196899","0.948379635810852","-0.6914570927619934","1.6398367881774902","0.8581695556640625","-0.6377904415130615","1.495959997177124"
"Val","1","0.9999822378158569","0.9384599924087524","-0.7362303733825684","1.6746903657913208","0.8045252561569214","-0.6955865621566772","1.5001118183135986"
"Val","1","0.9997709393501282","0.853520929813385","-0.5878667831420898","1.44138765335083","0.8038139939308167","-0.5233763456344604","1.3271903991699219"
"Val","1","0.999901533126831","0.8680155873298645","-0.6025177240371704","1.4705333709716797","0.788619875907898","-0.5526280403137207","1.3412479162216187"
"Val","1","0.9999580383300781","0.9422839879989624","-0.6894100904464722","1.6316940784454346","0.8552960157394409","-0.6347262859344482","1.4900223016738892"
"Val","1","0.9995619654655457","0.7614789009094238","-0.4859026074409485","1.2473814487457275","0.6995817422866821","-0.4307609796524048","1.130342721939087"
"Val","1","0.9912821054458618","0.5765736103057861","-0.35740959644317627","0.9339832067489624","0.6338188648223877","-0.27949878573417664","0.9133176803588867"
"Val","1","0.9999762773513794","0.9538812637329102","-0.712092936038971","1.6659741401672363","0.849097490310669","-0.6615824103355408","1.5106799602508545"
"Val","1","0.9993361830711365","0.7666348218917847","-0.47079673409461975","1.237431526184082","0.7360358834266663","-0.40540656447410583","1.1414424180984497"
"Val","1","0.9999688863754272","0.9207807779312134","-0.6631647348403931","1.5839455127716064","0.8037211894989014","-0.6193761229515076","1.4230973720550537"
"Val","1","0.9999431371688843","0.8954620361328125","-0.6534635424613953","1.5489256381988525","0.7925256490707397","-0.6046310663223267","1.3971567153930664"
"Val","1","0.9999352693557739","0.8646242618560791","-0.6195846796035767","1.4842089414596558","0.7568190097808838","-0.582099437713623","1.3389184474945068"
"Val","1","0.9815378189086914","0.41492873430252075","-0.15071041882038116","0.5656391382217407","0.40764638781547546","-0.11386904865503311","0.521515429019928"
"Val","1","0.9999738931655884","0.9243769645690918","-0.6811071634292603","1.605484127998352","0.8147891163825989","-0.6358635425567627","1.4506525993347168"
"Val","1","0.9996438026428223","0.8117645382881165","-0.5600640177726746","1.371828556060791","0.7564603686332703","-0.5064043998718262","1.2628648281097412"
"Val","1","0.9999635219573975","0.9137100577354431","-0.6553101539611816","1.5690202713012695","0.7973408699035645","-0.6085790395736694","1.4059199094772339"
"Val","1","0.9974731802940369","0.7067776322364807","-0.4518093466758728","1.1585869789123535","0.7127254009246826","-0.37484243512153625","1.0875678062438965"
"Val","1","0.99954754114151","0.8143121600151062","-0.5646558403968811","1.3789680004119873","0.7935249209403992","-0.49583935737609863","1.2893643379211426"
"Val","1","0.9997425675392151","0.8473104238510132","-0.5901573896408081","1.4374678134918213","0.779486894607544","-0.5286794304847717","1.308166265487671"
"Val","1","0.99997878074646","0.9629747867584229","-0.7452465295791626","1.7082213163375854","0.8589434623718262","-0.7001757621765137","1.5591192245483398"
"Val","1","0.9999786615371704","0.9400111436843872","-0.7208946347236633","1.6609058380126953","0.8106741309165955","-0.6758356094360352","1.4865097999572754"
"Val","1","0.9999657869338989","0.9376335144042969","-0.6822309494018555","1.6198644638061523","0.8277652263641357","-0.631563663482666","1.4593288898468018"
"Val","1","0.9999788999557495","0.9298484325408936","-0.7449485063552856","1.6747969388961792","0.8014381527900696","-0.6998658180236816","1.5013039112091064"
"Val","1","0.9929342269897461","0.5771152377128601","-0.32828208804130554","0.9053972959518433","0.5437843799591064","-0.27038705348968506","0.8141714334487915"
"Val","1","0.9997618794441223","0.7912489771842957","-0.5549215078353882","1.346170425415039","0.7049228549003601","-0.5174994468688965","1.2224223613739014"
"Val","1","0.9999752044677734","0.9293526411056519","-0.6904181241989136","1.6197707653045654","0.8243111371994019","-0.6450372934341431","1.469348430633545"
"Val","1","0.9962978959083557","0.6728081703186035","-0.3664133846759796","1.0392215251922607","0.6565036773681641","-0.3103669285774231","0.9668706059455872"
"Val","1","0.9999794960021973","0.9322360754013062","-0.6944754123687744","1.6267114877700806","0.8094683289527893","-0.6548845767974854","1.4643528461456299"
"Val","1","0.9999064207077026","0.8317153453826904","-0.606690526008606","1.4384058713912964","0.7363543510437012","-0.5634748339653015","1.2998292446136475"
"Val","1","0.9999852180480957","0.9642467498779297","-0.7189302444458008","1.6831769943237305","0.8491535186767578","-0.6753701567649841","1.5245237350463867"
"Val","1","0.9999797344207764","0.9596989154815674","-0.7051678895950317","1.6648668050765991","0.852347195148468","-0.6588841080665588","1.5112313032150269"
"Val","1","0.9974185228347778","0.6901677846908569","-0.43448737263679504","1.1246551275253296","0.6865605115890503","-0.3772602081298828","1.063820719718933"
"Val","1","0.9999290704727173","0.8589521646499634","-0.6019383668899536","1.460890531539917","0.7591925859451294","-0.5554696321487427","1.314662218093872"
"Val","1","0.9997567534446716","0.8354123830795288","-0.6251273155212402","1.460539698600769","0.7680450677871704","-0.5571682453155518","1.3252133131027222"
"Val","1","0.9999822378158569","0.9482288360595703","-0.7162465453147888","1.664475440979004","0.8229286670684814","-0.6739934682846069","1.4969221353530884"
"Val","1","0.9999687671661377","0.9303632378578186","-0.6704566478729248","1.6008198261260986","0.8387390375137329","-0.6194313764572144","1.4581704139709473"
"Val","1","0.9994059801101685","0.7758203148841858","-0.5136134624481201","1.2894337177276611","0.7345449924468994","-0.4558282494544983","1.190373182296753"
"Val","1","0.9999512434005737","0.8995745778083801","-0.6656448841094971","1.5652194023132324","0.7828986644744873","-0.6153463125228882","1.3982449769973755"
"Val","1","0.9999443292617798","0.9112895727157593","-0.6728389263153076","1.584128499031067","0.8357018232345581","-0.6121281385421753","1.4478299617767334"
"Val","1","0.9996479749679565","0.8415712118148804","-0.6084823608398438","1.4500535726547241","0.8136836290359497","-0.5470830798149109","1.3607666492462158"
"Val","1","0.9998961687088013","0.8410031199455261","-0.6168276071548462","1.4578306674957275","0.7358518838882446","-0.5708591938018799","1.3067110776901245"
"Val","1","0.995941698551178","0.6105449795722961","-0.3778262138366699","0.9883711934089661","0.5484461188316345","-0.32954922318458557","0.8779953718185425"
"Val","1","0.9998974800109863","0.883656919002533","-0.5961488485336304","1.4798057079315186","0.8334546089172363","-0.5454028844833374","1.3788574934005737"
"Val","1","0.999945878982544","0.8953846096992493","-0.6512984037399292","1.5466830730438232","0.7974238991737366","-0.6049140691757202","1.4023380279541016"
"Val","1","0.8244165182113647","0.33053380250930786","-0.034208834171295166","0.364742636680603","0.44931474328041077","0.03290785849094391","0.41640686988830566"
"Val","1","0.9999719858169556","0.9315065145492554","-0.6853468418121338","1.6168533563613892","0.8275794982910156","-0.6401153802871704","1.467694878578186"
"Val","1","0.9256436824798584","0.44231343269348145","-0.23141950368881226","0.6737329363822937","0.5000578761100769","-0.1561574637889862","0.6562153100967407"
"Val","1","0.9994599223136902","0.7903693318367004","-0.4978051781654358","1.2881745100021362","0.7793267369270325","-0.4380986988544464","1.2174254655838013"
"Val","1","0.999889612197876","0.8498849272727966","-0.6032174825668335","1.4531023502349854","0.7710469961166382","-0.5564044117927551","1.327451467514038"
"Val","1","0.9999597072601318","0.9339379072189331","-0.6873456239700317","1.6212835311889648","0.8470954895019531","-0.6299166083335876","1.4770121574401855"
"Val","1","0.9996790885925293","0.8451831936836243","-0.63680100440979","1.4819841384887695","0.8053727746009827","-0.5708965063095093","1.3762693405151367"
"Val","1","0.9994780421257019","0.7453625202178955","-0.5199286937713623","1.2652912139892578","0.6807372570037842","-0.46116289496421814","1.1419001817703247"
"Val","1","0.999977707862854","0.9417346715927124","-0.6981812715530396","1.639915943145752","0.8264298439025879","-0.654198408126831","1.480628252029419"
"Val","1","0.999984622001648","0.9537556171417236","-0.753476619720459","1.7072322368621826","0.8234859704971313","-0.7099412083625793","1.5334272384643555"
"Val","1","0.9999359846115112","0.8846544027328491","-0.6280547976493835","1.512709140777588","0.780950129032135","-0.5838014483451843","1.3647515773773193"
"Val","1","0.9999687671661377","0.925952136516571","-0.6721944808959961","1.598146677017212","0.8240326046943665","-0.6247352361679077","1.448767900466919"
"Val","1","0.9999760389328003","0.9437805414199829","-0.7105733156204224","1.6543538570404053","0.8259642124176025","-0.6656977534294128","1.4916620254516602"
"Val","1","0.999896764755249","0.8655436635017395","-0.6699865460395813","1.5355302095413208","0.7464896440505981","-0.6179900765419006","1.3644797801971436"
"Val","1","0.9999767541885376","0.9310678839683533","-0.7253607511520386","1.656428575515747","0.8058953285217285","-0.6795828342437744","1.485478162765503"
"Val","1","0.9999861717224121","0.9692374467849731","-0.744128406047821","1.7133657932281494","0.8497905135154724","-0.6969010829925537","1.546691656112671"
"Val","1","0.9999594688415527","0.9099222421646118","-0.6926952004432678","1.6026175022125244","0.8043749332427979","-0.638660728931427","1.44303560256958"
"Val","1","0.9999779462814331","0.9524530172348022","-0.7201316356658936","1.6725846529006958","0.8355973362922668","-0.6728851795196533","1.5084824562072754"
"Val","1","0.9999732971191406","0.9265789985656738","-0.708642840385437","1.6352218389511108","0.8073182106018066","-0.6633428335189819","1.4706610441207886"
"Val","1","0.9999091625213623","0.8934853672981262","-0.6146173477172852","1.5081026554107666","0.8100743889808655","-0.5606273412704468","1.370701789855957"
"Val","1","0.9988495111465454","0.6775842905044556","-0.46448227763175964","1.1420665979385376","0.6078150868415833","-0.42388978600502014","1.0317049026489258"
"Val","1","0.9999159574508667","0.8654506206512451","-0.6160190105438232","1.4814696311950684","0.7603674530982971","-0.5696484446525574","1.3300158977508545"
"Val","1","0.9997914433479309","0.7983847260475159","-0.5692319869995117","1.3676166534423828","0.6998804211616516","-0.5273822546005249","1.2272627353668213"
"Val","1","0.9999507665634155","0.912129282951355","-0.6687958240509033","1.5809251070022583","0.8147355318069458","-0.6229983568191528","1.4377338886260986"
"Val","1","0.9995138645172119","0.798774003982544","-0.5144420862197876","1.3132160902023315","0.7809180021286011","-0.45338988304138184","1.234307885169983"
"Val","1","0.5613735914230347","0.2342505306005478","-0.003747249022126198","0.23799778521060944","0.3194356858730316","0.06286537647247314","0.25657030940055847"
"Val","1","0.999981164932251","0.9533752202987671","-0.7203458547592163","1.6737210750579834","0.838113009929657","-0.6757028102874756","1.5138158798217773"
"Val","1","0.9999699592590332","0.9353628754615784","-0.728550910949707","1.6639137268066406","0.8369162082672119","-0.6810736060142517","1.5179898738861084"
"Val","1","0.9999324083328247","0.8574419617652893","-0.6259766817092896","1.4834187030792236","0.7643977403640747","-0.5814565420150757","1.3458542823791504"
"Val","1","0.9997879862785339","0.8277069330215454","-0.5758118629455566","1.403518795967102","0.762988269329071","-0.5229697227478027","1.2859580516815186"
"Val","1","0.999957799911499","0.9316695928573608","-0.6985527276992798","1.6302223205566406","0.8534504175186157","-0.6473218202590942","1.50077223777771"
"Val","1","0.9999815225601196","0.9339085817337036","-0.7118735313415527","1.6457821130752563","0.8021692037582397","-0.6743578910827637","1.4765270948410034"
"Val","1","0.9965091347694397","0.6963670253753662","-0.4277583360671997","1.124125361442566","0.704827606678009","-0.3592943549156189","1.064121961593628"
"Val","1","0.9992271661758423","0.7607854008674622","-0.5002768039703369","1.2610621452331543","0.7194581031799316","-0.43520569801330566","1.1546638011932373"
"Val","1","0.4373319149017334","0.17413024604320526","0.11708542704582214","0.05704481899738312","0.2551516890525818","0.16846567392349243","0.08668601512908936"
"Val","1","0.9999740123748779","0.9410854578018188","-0.6901050209999084","1.631190538406372","0.827564537525177","-0.644504189491272","1.4720687866210938"
"Val","1","0.07945027947425842","-0.18138371407985687","0.4738314151763916","-0.6552151441574097","-0.02893616259098053","0.518421471118927","-0.5473576188087463"
"Val","1","0.9999685287475586","0.920627772808075","-0.6841316223144531","1.6047594547271729","0.8130587935447693","-0.6356779932975769","1.4487367868423462"
"Val","1","0.7886962294578552","0.3018963932991028","-0.07489700615406036","0.37679338455200195","0.38553765416145325","0.002041235566139221","0.38349640369415283"
"Val","1","0.4256349503993988","0.08520733565092087","0.21704019606113434","-0.13183286786079407","0.1850770115852356","0.26929306983947754","-0.08421605825424194"
"Val","1","0.48283201456069946","0.1409018188714981","0.11765502393245697","0.023246794939041138","0.22377410531044006","0.16088183224201202","0.06289227306842804"
"Val","1","0.9998681545257568","0.8546267747879028","-0.6205542087554932","1.475180983543396","0.7659168243408203","-0.5631576180458069","1.3290743827819824"
"Val","1","0.9999309778213501","0.9315063953399658","-0.6841644048690796","1.6156708002090454","0.8700801134109497","-0.6269056797027588","1.4969857931137085"
"Val","1","0.9786418676376343","0.5608733892440796","-0.291221022605896","0.8520944118499756","0.5994694828987122","-0.21162864565849304","0.8110980987548828"
"Val","1","0.9997237324714661","0.8337122797966003","-0.5338050127029419","1.3675172328948975","0.7856920957565308","-0.4746394753456116","1.260331630706787"
"Val","1","0.9999796152114868","0.9296841621398926","-0.7124142050743103","1.6420984268188477","0.801432192325592","-0.6749507188796997","1.4763829708099365"
"Val","1","0.9999713897705078","0.9446661472320557","-0.7160079479217529","1.6606740951538086","0.8266913294792175","-0.6696572303771973","1.4963486194610596"
"Val","1","0.9976176619529724","0.6548278331756592","-0.33987221121788025","0.9947000741958618","0.6427956819534302","-0.2880125939846039","0.9308083057403564"
"Val","1","0.9999758005142212","0.9421398639678955","-0.6980746984481812","1.6402145624160767","0.8358947038650513","-0.6466832160949707","1.482577919960022"
"Val","1","0.9999322891235352","0.8685961365699768","-0.6060959100723267","1.4746921062469482","0.7745465040206909","-0.5641455054283142","1.3386919498443604"
"Val","1","0.9987541437149048","0.7705588340759277","-0.5239061117172241","1.2944649457931519","0.7753283977508545","-0.44360774755477905","1.2189362049102783"
"Val","1","0.9998501539230347","0.8648717403411865","-0.6062345504760742","1.4711062908172607","0.8038454055786133","-0.5563700795173645","1.360215425491333"
"Val","1","0.999969482421875","0.904250979423523","-0.7044984102249146","1.6087493896484375","0.7739548683166504","-0.6604272723197937","1.4343822002410889"
"Val","1","0.9999765157699585","0.9231823682785034","-0.6715930104255676","1.5947754383087158","0.8069360852241516","-0.6317074298858643","1.438643455505371"
"Val","1","0.988771378993988","0.5168673992156982","-0.23197241127490997","0.748839795589447","0.5411522388458252","-0.17572841048240662","0.7168806791305542"
"Val","1","0.9990744590759277","0.7729552984237671","-0.44578906893730164","1.2187443971633911","0.7549038529396057","-0.39093053340911865","1.1458344459533691"
"Val","1","0.9998121857643127","0.8072953820228577","-0.5436184406280518","1.3509137630462646","0.7396665811538696","-0.4888146221637726","1.2284811735153198"
"Val","1","0.9997965693473816","0.8160661458969116","-0.5567412972450256","1.372807502746582","0.7492538094520569","-0.4987584352493286","1.2480123043060303"
"Val","1","0.9998873472213745","0.8746422529220581","-0.6370640993118286","1.5117063522338867","0.7856287956237793","-0.5821031928062439","1.367732048034668"
"Val","1","0.9999818801879883","0.9622359871864319","-0.742255687713623","1.7044916152954102","0.8510444760322571","-0.6910750865936279","1.5421195030212402"
"Val","1","0.9996623992919922","0.8283066153526306","-0.5649712085723877","1.393277883529663","0.7779936194419861","-0.5009357333183289","1.278929352760315"
"Val","1","0.16401636600494385","-0.11353440582752228","0.329645574092865","-0.4431799650192261","0.04131064563989639","0.38782641291618347","-0.3465157747268677"
"Val","1","0.9985539317131042","0.7113585472106934","-0.48244041204452515","1.1937990188598633","0.649032711982727","-0.42407190799713135","1.0731046199798584"
"Val","1","0.9999825954437256","0.9560216665267944","-0.707484245300293","1.6635059118270874","0.8355420827865601","-0.6643496155738831","1.499891757965088"
"Val","1","0.9997602105140686","0.844086766242981","-0.601477861404419","1.4455646276474","0.8006302714347839","-0.5413702130317688","1.3420004844665527"
"Val","1","0.9999594688415527","0.9166296720504761","-0.6449077725410461","1.561537504196167","0.8256568908691406","-0.5979318618774414","1.423588752746582"
"Val","1","0.006688164081424475","-0.3795677423477173","0.6279850006103516","-1.0075527429580688","-0.25992467999458313","0.6310563683509827","-0.8909810781478882"
"Val","1","0.9999634027481079","0.9051117897033691","-0.6651231050491333","1.5702348947525024","0.793502926826477","-0.6261488199234009","1.419651746749878"
"Val","1","0.0016429830575361848","-0.47170522809028625","0.689408540725708","-1.1611137390136719","-0.34784388542175293","0.6975897550582886","-1.0454336404800415"
"Val","1","0.9993834495544434","0.8012784719467163","-0.5148806571960449","1.3161591291427612","0.7837553024291992","-0.4522608518600464","1.2360161542892456"
"Val","1","0.9375026822090149","0.449653685092926","-0.20321448147296906","0.6528681516647339","0.5352259874343872","-0.12641222774982452","0.6616382002830505"
"Val","1","0.9999600648880005","0.9182145595550537","-0.6626260280609131","1.5808405876159668","0.8088308572769165","-0.6145117282867432","1.4233425855636597"
"Val","1","0.9998124241828918","0.8398398160934448","-0.5688638091087341","1.4087035655975342","0.7906689047813416","-0.5105564594268799","1.3012254238128662"
"Val","1","0.9999330043792725","0.9136062860488892","-0.6562520265579224","1.5698583126068115","0.8235878944396973","-0.6014476418495178","1.4250354766845703"
"Val","1","0.9999752044677734","0.9547466039657593","-0.7076841592788696","1.662430763244629","0.849568784236908","-0.657379150390625","1.5069479942321777"
"Val","1","0.9792268872261047","0.5225841999053955","-0.27469494938850403","0.7972791194915771","0.6119289398193359","-0.19405223429203033","0.8059811592102051"
"Val","1","0.9999692440032959","0.9253525733947754","-0.7038249969482422","1.6291775703430176","0.8066534399986267","-0.6535812020301819","1.4602346420288086"
"Val","1","0.9997841715812683","0.835991382598877","-0.5401327610015869","1.3761241436004639","0.7814736366271973","-0.4867604970932007","1.268234133720398"
"Val","1","0.3523615300655365","-0.00907474011182785","0.33100154995918274","-0.3400762975215912","0.05949369817972183","0.35520586371421814","-0.2957121729850769"
"Val","1","0.9999507665634155","0.8881540298461914","-0.662606954574585","1.5507609844207764","0.7650122046470642","-0.6157069802284241","1.3807191848754883"
"Val","1","0.9976493716239929","0.7192822098731995","-0.4819163680076599","1.2011985778808594","0.7293303608894348","-0.4033485949039459","1.1326789855957031"
"Val","1","0.9999744892120361","0.9363728761672974","-0.7154676914215088","1.6518405675888062","0.8171645402908325","-0.6683607697486877","1.485525369644165"
"Val","1","0.9999632835388184","0.9336874485015869","-0.7077981233596802","1.641485571861267","0.8225938081741333","-0.6610090732574463","1.4836028814315796"
"Val","1","0.9999676942825317","0.9276357889175415","-0.6967318058013916","1.624367594718933","0.822417676448822","-0.6461794376373291","1.468597173690796"
"Val","1","0.9998729228973389","0.8663331270217896","-0.6321172118186951","1.4984502792358398","0.8103629350662231","-0.5741119384765625","1.3844748735427856"
"Val","1","0.9999041557312012","0.8913834095001221","-0.6678640842437744","1.5592474937438965","0.8169510960578918","-0.6208953857421875","1.4378464221954346"
"Val","1","0.9997733235359192","0.8667550683021545","-0.6106817722320557","1.4774367809295654","0.8247921466827393","-0.5414416790008545","1.3662338256835938"
"Val","1","0.9999808073043823","0.9497040510177612","-0.7057868242263794","1.6554908752441406","0.8274202346801758","-0.6598008871078491","1.487221121788025"
"Val","1","0.9999725818634033","0.9395676255226135","-0.7137537598609924","1.653321385383606","0.8242795467376709","-0.662552535533905","1.4868321418762207"
"Val","1","0.9996263980865479","0.8225877285003662","-0.6078110933303833","1.4303988218307495","0.7769486308097839","-0.5425024032592773","1.319451093673706"
"Val","1","0.999976634979248","0.9252133369445801","-0.6887617707252502","1.6139750480651855","0.8003159761428833","-0.6478570699691772","1.4481730461120605"
"Val","1","0.9994290471076965","0.8067281246185303","-0.5327895879745483","1.3395177125930786","0.7870389223098755","-0.46603697538375854","1.2530758380889893"
"Val","1","0.47059914469718933","0.11358501017093658","0.12754136323928833","-0.013956353068351746","0.17472785711288452","0.1748630702495575","-0.00013521313667297363"
"Val","1","0.9999709129333496","0.9084947109222412","-0.6660981178283691","1.5745928287506104","0.7885472774505615","-0.6307065486907959","1.4192538261413574"
"Val","1","0.9999330043792725","0.9148038029670715","-0.6632645130157471","1.5780682563781738","0.8309839963912964","-0.6062723398208618","1.4372563362121582"
"Val","1","0.9987297654151917","0.6999369859695435","-0.5117110013961792","1.2116479873657227","0.6172091364860535","-0.4598894715309143","1.0770986080169678"
"Val","1","0.9989105463027954","0.7457253336906433","-0.4897801876068115","1.2355055809020996","0.7098900079727173","-0.42670679092407227","1.1365967988967896"
"Val","1","0.9981056451797485","0.7639808654785156","-0.5462425947189331","1.3102234601974487","0.7759431004524231","-0.4754738211631775","1.2514169216156006"
"Val","1","0.9999649524688721","0.9224869012832642","-0.7027935981750488","1.625280499458313","0.807902455329895","-0.6533453464508057","1.4612478017807007"
"Val","1","0.9990109205245972","0.7791454792022705","-0.5019975900650024","1.281143069267273","0.7902289628982544","-0.42968878149986267","1.2199177742004395"
"Val","1","0.997982382774353","0.7184928059577942","-0.42030370235443115","1.1387965679168701","0.7386558055877686","-0.35810381174087524","1.096759557723999"
"Val","1","0.9999655485153198","0.8966473340988159","-0.6366782188415527","1.5333255529403687","0.7916845083236694","-0.5965832471847534","1.3882677555084229"
"Val","1","0.9998369216918945","0.8158167004585266","-0.568466305732727","1.3842830657958984","0.7412726879119873","-0.5227043628692627","1.26397705078125"
"Val","1","0.9998264908790588","0.8583868741989136","-0.5958921909332275","1.4542790651321411","0.8121583461761475","-0.5315949320793152","1.3437533378601074"
"Val","1","0.9969749450683594","0.6904021501541138","-0.4282904863357544","1.1186926364898682","0.6917966604232788","-0.357374370098114","1.049170970916748"
"Val","1","0.9992175102233887","0.707957923412323","-0.4407880902290344","1.1487460136413574","0.647783100605011","-0.39702486991882324","1.0448079109191895"
"Val","1","0.6886850595474243","0.2365693747997284","0.01278751716017723","0.22378185391426086","0.3278557360172272","0.0660279393196106","0.2618277966976166"
"Val","1","0.9999444484710693","0.8845763206481934","-0.6172754168510437","1.5018517971038818","0.7832112312316895","-0.5703679919242859","1.3535792827606201"
"Val","1","0.9999321699142456","0.9001669883728027","-0.6285828351974487","1.5287498235702515","0.8252509236335754","-0.5788818001747131","1.4041327238082886"
"Val","1","0.9995881915092468","0.8043056726455688","-0.5268698930740356","1.3311755657196045","0.7869042754173279","-0.46005183458328247","1.2469561100006104"
"Val","1","0.9999837875366211","0.9617711305618286","-0.71766597032547","1.6794371604919434","0.8441287279129028","-0.6741836071014404","1.5183123350143433"
"Val","1","0.999977707862854","0.9493329524993896","-0.7072393894195557","1.6565723419189453","0.8445624113082886","-0.6582329273223877","1.5027953386306763"
"Val","1","0.9999781847000122","0.9373469352722168","-0.7214754819869995","1.6588224172592163","0.8155335783958435","-0.6753458976745605","1.4908795356750488"
"Val","1","0.9999716281890869","0.9314207434654236","-0.6906826496124268","1.6221034526824951","0.8198864459991455","-0.6467793583869934","1.4666657447814941"
"Val","1","0.9997418522834778","0.7733824253082275","-0.5398211479187012","1.3132035732269287","0.6871713399887085","-0.4978407621383667","1.1850121021270752"
"Val","1","0.9998534917831421","0.8514456748962402","-0.5757122039794922","1.4271578788757324","0.792489230632782","-0.5188837647438049","1.311372995376587"
"Val","1","0.9999713897705078","0.9467507600784302","-0.6969969272613525","1.6437476873397827","0.8522788882255554","-0.64691162109375","1.4991905689239502"
"Val","1","0.999902606010437","0.9013339281082153","-0.6473846435546875","1.5487185716629028","0.8494957685470581","-0.5820522308349609","1.431547999382019"
"Val","1","0.9999631643295288","0.9312248826026917","-0.6859434843063354","1.6171684265136719","0.8244004249572754","-0.6367773413658142","1.4611778259277344"
"Val","1","0.5168484449386597","0.24949879944324493","-0.022832337766885757","0.2723311483860016","0.2838916778564453","0.029332445934414864","0.2545592188835144"
"Val","1","0.053331904113292694","-0.2253398895263672","0.4505884349346161","-0.6759283542633057","-0.14150014519691467","0.47003352642059326","-0.6115336418151855"
"Val","1","0.11301352083683014","-0.07218338549137115","0.35123831033706665","-0.4234216809272766","0.022118303924798965","0.37823015451431274","-0.3561118543148041"
"Val","1","0.999822199344635","0.8133723139762878","-0.5510858297348022","1.3644580841064453","0.734818160533905","-0.5069435834884644","1.2417616844177246"
"Val","1","0.9999825954437256","0.9564182162284851","-0.7216448783874512","1.678063154220581","0.8406145572662354","-0.6786729693412781","1.5192875862121582"
"Val","1","0.9999434947967529","0.9199821949005127","-0.6537867784500122","1.573768973350525","0.8295366764068604","-0.5989084243774414","1.4284451007843018"
"Val","1","0.9999723434448242","0.9432153105735779","-0.7048134207725525","1.6480287313461304","0.8461890816688538","-0.6554222106933594","1.5016112327575684"
"Val","1","0.9999747276306152","0.9209134578704834","-0.7054906487464905","1.626404047012329","0.8026766777038574","-0.6604681015014648","1.4631447792053223"
"Val","1","0.9999399185180664","0.9007797241210938","-0.6349318027496338","1.5357115268707275","0.8343855142593384","-0.5830206274986267","1.4174060821533203"
"Val","1","0.9988908171653748","0.7423382997512817","-0.4680676758289337","1.210405945777893","0.7174904942512512","-0.3969062864780426","1.1143968105316162"
"Val","1","0.8627362251281738","0.32718926668167114","-0.08253096044063568","0.409720242023468","0.35736024379730225","-0.022504489868879318","0.37986472249031067"
"Val","1","0.9995133876800537","0.7651903629302979","-0.546345591545105","1.3115359544754028","0.7099870443344116","-0.49136218428611755","1.2013492584228516"
"Val","1","0.9999836683273315","0.9511270523071289","-0.7414422035217285","1.6925692558288574","0.8262491226196289","-0.6973272562026978","1.5235763788223267"
"Val","1","0.9996250867843628","0.7360708117485046","-0.47599050402641296","1.2120612859725952","0.6683403253555298","-0.43544405698776245","1.1037843227386475"
"Val","1","0.999832272529602","0.8618159890174866","-0.6141942739486694","1.4760103225708008","0.7927182912826538","-0.5516676902770996","1.3443859815597534"
"Val","1","0.9998568296432495","0.8813232779502869","-0.6438160538673401","1.525139331817627","0.8299597501754761","-0.5828971862792969","1.412856936454773"
"Val","1","0.9999436140060425","0.9129073619842529","-0.6425315141677856","1.5554388761520386","0.8246150612831116","-0.5888683199882507","1.4134833812713623"
"Val","1","0.9710049629211426","0.376012921333313","-0.09286479651927948","0.46887773275375366","0.3843749165534973","-0.053351499140262604","0.4377264082431793"
"Val","1","0.9998594522476196","0.8351867198944092","-0.6250896453857422","1.4602763652801514","0.736947774887085","-0.5716642737388611","1.3086121082305908"
"Val","1","0.999323844909668","0.7081869840621948","-0.43143194913864136","1.1396188735961914","0.643895149230957","-0.39060330390930176","1.0344984531402588"
"Val","1","0.9989513158798218","0.727294385433197","-0.5579822063446045","1.2852766513824463","0.640487790107727","-0.4969196915626526","1.1374075412750244"
"Val","1","0.9999788999557495","0.9405093789100647","-0.7040033936500549","1.6445127725601196","0.8237676620483398","-0.6602712273597717","1.4840388298034668"
"Val","1","0.9999569654464722","0.9263742566108704","-0.6987426280975342","1.6251168251037598","0.8277587890625","-0.64548659324646","1.47324538230896"
"Val","1","0.998256504535675","0.713297426700592","-0.4527667760848999","1.1660642623901367","0.7230008244514465","-0.3879086375236511","1.1109094619750977"
"Test","0","0.0001268967753276229","-0.6778444051742554","0.9407570958137512","-1.6186015605926514","-0.5874173045158386","0.8864178657531738","-1.4738352298736572"
"Test","0","0.000050507595005910844","-0.699568510055542","0.9540525674819946","-1.6536210775375366","-0.6173851490020752","0.8819215893745422","-1.4993066787719727"
"Test","0","0.00005527376924874261","-0.6708149909973145","0.9049540758132935","-1.575769066810608","-0.6036161184310913","0.8489320874214172","-1.4525482654571533"
"Test","0","0.00006097941877669655","-0.6930292844772339","0.900946855545044","-1.5939761400222778","-0.619986891746521","0.8507354855537415","-1.4707224369049072"
"Test","0","0.0000428569401265122","-0.7397445440292358","0.9558985233306885","-1.6956430673599243","-0.661584734916687","0.880799412727356","-1.542384147644043"
"Test","0","0.00010726605978561565","-0.6439292430877686","0.9324150085449219","-1.5763442516326904","-0.5562593340873718","0.8750180006027222","-1.4312772750854492"
"Test","0","0.0000412098816013895","-0.7223694324493408","0.9723429679870605","-1.6947124004364014","-0.6350428462028503","0.8983149528503418","-1.533357858657837"
"Test","0","0.0000429302453994751","-0.7464977502822876","0.9685190916061401","-1.7150168418884277","-0.6610521078109741","0.8922872543334961","-1.5533393621444702"
"Test","0","0.000059750051150331274","-0.6727285385131836","0.9531939029693604","-1.625922441482544","-0.5945947766304016","0.8863267302513123","-1.4809215068817139"
"Test","0","0.00005228715963312425","-0.7298538684844971","0.9679327011108398","-1.697786569595337","-0.644548773765564","0.8949353694915771","-1.5394841432571411"
"Test","0","0.000043553696741582826","-0.7328291535377502","0.9653235077857971","-1.6981526613235474","-0.6511251926422119","0.8888487815856934","-1.5399739742279053"
"Test","0","0.00005933996362728067","-0.7358826398849487","0.959742546081543","-1.6956251859664917","-0.6565616726875305","0.8885852098464966","-1.5451469421386719"
"Test","0","0.00008528507896699011","-0.6710742115974426","0.9467886090278625","-1.6178628206253052","-0.5981405973434448","0.8786622285842896","-1.4768028259277344"
"Test","0","0.00011056392395403236","-0.6292960047721863","0.8589309453964233","-1.4882268905639648","-0.5731676816940308","0.8068373203277588","-1.3800050020217896"
"Test","0","0.00004860214903601445","-0.7343635559082031","0.9663093686103821","-1.7006728649139404","-0.652622640132904","0.8895822763442993","-1.5422048568725586"
"Test","0","0.000045130331272957847","-0.7021530866622925","0.9171677231788635","-1.6193208694458008","-0.6332931518554688","0.855137825012207","-1.4884309768676758"
"Test","0","0.000057461740652797744","-0.7091396450996399","0.9583874940872192","-1.667527198791504","-0.6332719326019287","0.8837841749191284","-1.5170561075210571"
"Test","0","0.00004918510967399925","-0.7096520662307739","0.9632006287574768","-1.6728527545928955","-0.6288772225379944","0.88797926902771","-1.5168564319610596"
"Test","0","0.00011021193495253101","-0.6394987106323242","0.933710515499115","-1.573209285736084","-0.5592479705810547","0.8737355470657349","-1.4329835176467896"
"Test","0","0.000055406970204785466","-0.7241134643554688","0.9583896994590759","-1.6825032234191895","-0.6421698331832886","0.8883041739463806","-1.5304739475250244"
"Test","0","0.00004874293153989129","-0.7193264365196228","0.9623116254806519","-1.6816380023956299","-0.6342270970344543","0.8912649750709534","-1.5254920721054077"
"Test","0","0.00007218608516268432","-0.6942500472068787","0.9396378993988037","-1.6338880062103271","-0.6159334778785706","0.8681263327598572","-1.4840598106384277"
"Test","0","0.000051830334996338934","-0.668166995048523","0.9182292819023132","-1.5863962173461914","-0.5891701579093933","0.866815447807312","-1.4559855461120605"
"Test","0","0.00004962383536621928","-0.7154481410980225","0.9650977253913879","-1.6805458068847656","-0.6379227638244629","0.8911194205284119","-1.5290422439575195"
"Test","0","0.00008818123751552776","-0.6438665390014648","0.9343155026435852","-1.5781819820404053","-0.5609015822410583","0.8758143782615662","-1.4367159605026245"
"Test","0","0.00006653805758105591","-0.6531838178634644","0.9089713096618652","-1.5621551275253296","-0.5852675437927246","0.8481017351150513","-1.4333692789077759"
"Test","0","0.00006426430627470836","-0.6941791772842407","0.9642612934112549","-1.6584404706954956","-0.6081323027610779","0.8976218104362488","-1.5057541131973267"
"Test","0","0.00004683665247284807","-0.7142407894134521","0.9694358706474304","-1.6836767196655273","-0.6307560205459595","0.8983255624771118","-1.5290815830230713"
"Test","0","0.000053791907703271136","-0.6937578320503235","0.9225123524665833","-1.6162701845169067","-0.6134566068649292","0.8718820214271545","-1.4853386878967285"
"Test","0","0.00007237909449031577","-0.6647566556930542","0.9599626064300537","-1.624719262123108","-0.5777838826179504","0.8965339660644531","-1.4743177890777588"
"Test","0","0.00004335763878771104","-0.6996514201164246","0.9683091044425964","-1.667960524559021","-0.6207059621810913","0.8951936364173889","-1.515899658203125"
"Test","0","0.00004828602322959341","-0.727432131767273","0.9661159515380859","-1.6935480833053589","-0.6476238369941711","0.8925772905349731","-1.540201187133789"
"Test","0","0.00005397884888225235","-0.7017837762832642","0.956393837928772","-1.6581776142120361","-0.6164312362670898","0.8837233185768127","-1.5001544952392578"
"Test","0","0.0000663442988297902","-0.6701366901397705","0.9027911424636841","-1.5729278326034546","-0.60479336977005","0.8461795449256897","-1.4509729146957397"
"Test","0","0.00005654348206007853","-0.7166638374328613","0.9584978818893433","-1.6751617193222046","-0.6347134709358215","0.8870339393615723","-1.521747350692749"
"Test","0","0.000048172423703363165","-0.6964848041534424","0.9133762717247009","-1.609861135482788","-0.6221049427986145","0.8596094846725464","-1.4817144870758057"
"Test","0","0.000056333414249820635","-0.7372434139251709","0.9776372909545898","-1.7148807048797607","-0.6365058422088623","0.9127298593521118","-1.5492357015609741"
"Test","0","0.00010286604810971767","-0.6682063341140747","0.9251164793968201","-1.59332275390625","-0.5913538932800293","0.866517961025238","-1.457871913909912"
"Test","0","0.000053050738642923534","-0.7336755990982056","0.970295250415802","-1.7039709091186523","-0.6395807266235352","0.8994193077087402","-1.5390000343322754"
"Test","0","0.0011045165592804551","-0.4251672923564911","0.5244336128234863","-0.9496009349822998","-0.3678249716758728","0.5248981714248657","-0.8927231431007385"
"Test","0","0.0000474588196084369","-0.7177454829216003","0.9715346097946167","-1.6892800331115723","-0.6306304931640625","0.9029449224472046","-1.533575415611267"
"Test","0","0.00006677164492430165","-0.6734742522239685","0.9115316867828369","-1.5850059986114502","-0.6057660579681396","0.8503240346908569","-1.4560900926589966"
"Test","0","0.00006200494681252167","-0.6910736560821533","0.9547300934791565","-1.645803689956665","-0.6046063303947449","0.8860618472099304","-1.4906681776046753"
"Test","0","0.00005488739043357782","-0.720100998878479","0.9652740359306335","-1.6853749752044678","-0.6337859630584717","0.8948813676834106","-1.5286673307418823"
"Test","0","0.00004323129905969836","-0.7306919097900391","0.9753274321556091","-1.706019401550293","-0.6416842937469482","0.903795599937439","-1.5454798936843872"
"Test","0","0.00012121352483518422","-0.6402633190155029","0.9145616292953491","-1.554824948310852","-0.5725018978118896","0.8540856838226318","-1.4265875816345215"
"Test","0","0.0005804271786473691","-0.5523074269294739","0.8202322721481323","-1.372539758682251","-0.4835982024669647","0.7789585590362549","-1.262556791305542"
"Test","0","0.00006442452286137268","-0.7142795920372009","0.9535709023475647","-1.6678504943847656","-0.6368518471717834","0.8762966394424438","-1.513148546218872"
"Test","0","0.0001612141786608845","-0.6258160471916199","0.9181696176528931","-1.5439856052398682","-0.5350866317749023","0.868500828742981","-1.4035874605178833"
"Test","0","0.00005246197179076262","-0.6846439242362976","0.9591996669769287","-1.643843650817871","-0.6037826538085938","0.892500638961792","-1.4962832927703857"
"Test","0","0.00005500271436176263","-0.7264886498451233","0.9534521102905273","-1.6799407005310059","-0.6480549573898315","0.8760794401168823","-1.5241343975067139"
"Test","0","0.00005043679630034603","-0.6974349021911621","0.9270678162574768","-1.6245026588439941","-0.6214182376861572","0.8743665218353271","-1.4957847595214844"
"Test","0","0.00004944451939081773","-0.732453465461731","0.9673191905021667","-1.699772596359253","-0.6408419013023376","0.8946051001548767","-1.5354470014572144"
"Test","0","0.00005708319804398343","-0.6934022903442383","0.9179246425628662","-1.6113269329071045","-0.6222329139709473","0.8585848212242126","-1.4808177947998047"
"Test","0","0.00007042302604531869","-0.7039536833763123","0.9511480331420898","-1.6551017761230469","-0.625347375869751","0.881415843963623","-1.506763219833374"
"Test","0","0.000042873456550296396","-0.7216639518737793","0.9690195918083191","-1.6906836032867432","-0.6348037719726562","0.8973336219787598","-1.532137393951416"
"Test","0","0.014367073774337769","-0.24200451374053955","0.537879228591919","-0.7798837423324585","-0.21904617547988892","0.5175646543502808","-0.7366108298301697"
"Test","0","0.00004890295531367883","-0.7485207319259644","0.9652125835418701","-1.7137333154678345","-0.6670310497283936","0.8891129493713379","-1.5561439990997314"
"Test","0","0.000057784684031503275","-0.6683650016784668","0.8993738293647766","-1.5677387714385986","-0.5994911789894104","0.8439172506332397","-1.443408489227295"
"Test","0","0.00004814086787519045","-0.7386518716812134","0.9677093029022217","-1.706361174583435","-0.6585167050361633","0.8918254971504211","-1.5503422021865845"
"Test","0","0.00003833863593172282","-0.7190693020820618","0.9744299054145813","-1.693499207496643","-0.6301752328872681","0.9027905464172363","-1.5329657793045044"
"Test","0","0.00010943655070150271","-0.618738055229187","0.8391551971435547","-1.4578932523727417","-0.5353896617889404","0.8145492672920227","-1.3499388694763184"
"Test","0","0.000050035054300678894","-0.6861142516136169","0.959847092628479","-1.6459612846374512","-0.6010986566543579","0.8900071382522583","-1.4911057949066162"
"Test","0","0.000049631311412667856","-0.7129424810409546","0.9716372489929199","-1.6845797300338745","-0.624150276184082","0.9022518992424011","-1.526402235031128"
"Test","0","0.00005371828956413083","-0.7207893133163452","0.957158088684082","-1.6779474020004272","-0.6412954330444336","0.8788495659828186","-1.5201449394226074"
"Test","0","0.0004886203678324819","-0.5742142796516418","0.8497321605682373","-1.4239463806152344","-0.49546265602111816","0.8086519241333008","-1.304114580154419"
"Test","0","0.000044297834392637014","-0.6971076130867004","0.9635179042816162","-1.6606254577636719","-0.608873188495636","0.8935993313789368","-1.5024725198745728"
"Test","0","0.00005230257011135109","-0.7177579998970032","0.9691939353942871","-1.6869518756866455","-0.629661500453949","0.8956736326217651","-1.5253350734710693"
"Test","0","0.00005356259134714492","-0.7314146161079407","0.9629130959510803","-1.694327712059021","-0.6444876194000244","0.8908449411392212","-1.5353325605392456"
"Test","0","0.00004654052827390842","-0.7102242112159729","0.9670279622077942","-1.677252173423767","-0.6297665238380432","0.8922262191772461","-1.5219926834106445"
"Test","0","0.00005810751099488698","-0.7094177007675171","0.9511760473251343","-1.6605937480926514","-0.6369320154190063","0.8748970031738281","-1.5118290185928345"
"Test","0","0.00005827347922604531","-0.7187383770942688","0.9590002298355103","-1.6777386665344238","-0.632542073726654","0.885710597038269","-1.5182526111602783"
"Test","0","0.00004758943396154791","-0.7055654525756836","0.9276216626167297","-1.6331870555877686","-0.6332248449325562","0.868061900138855","-1.5012867450714111"
"Test","0","0.00003970419129473157","-0.7293179035186768","0.9724364280700684","-1.7017543315887451","-0.6437079310417175","0.8983877301216125","-1.54209566116333"
"Test","0","0.000054795182222733274","-0.7153749465942383","0.9503445029258728","-1.6657195091247559","-0.6432151794433594","0.8734887838363647","-1.5167039632797241"
"Test","0","0.00005219549348112196","-0.7001307010650635","0.9595755934715271","-1.6597063541412354","-0.6211886405944824","0.8910728693008423","-1.5122615098953247"
"Test","0","0.00006771753396606073","-0.6826674938201904","0.9493979215621948","-1.6320654153823853","-0.6129172444343567","0.8766475915908813","-1.4895648956298828"
"Test","0","0.00007700917922193184","-0.6457633376121521","0.890454113483429","-1.536217451095581","-0.5739831328392029","0.8402866125106812","-1.4142696857452393"
"Test","0","0.00005734273872803897","-0.7094855308532715","0.9670152068138123","-1.6765007972717285","-0.6247856020927429","0.9014104008674622","-1.526196002960205"
"Test","0","0.000046234014007495716","-0.7122023105621338","0.960291862487793","-1.6724941730499268","-0.6379340887069702","0.8838144540786743","-1.5217485427856445"
"Test","0","0.000042066301830345765","-0.7282641530036926","0.9718109369277954","-1.7000751495361328","-0.6451412439346313","0.897361695766449","-1.5425028800964355"
"Test","0","0.00009806078014662489","-0.7009232044219971","0.9211581349372864","-1.6220812797546387","-0.6252622604370117","0.8565609455108643","-1.481823205947876"
"Test","0","0.0002228519442724064","-0.5456932783126831","0.8104290962219238","-1.356122374534607","-0.4879826605319977","0.7713886499404907","-1.259371280670166"
"Test","0","0.00005866953870281577","-0.7170650362968445","0.9716323614120483","-1.688697338104248","-0.6251169443130493","0.9024112820625305","-1.5275282859802246"
"Test","0","0.00007407101657008752","-0.7138696312904358","0.9557968974113464","-1.6696665287017822","-0.6167042255401611","0.8932888507843018","-1.509993076324463"
"Test","0","0.000049812817451311275","-0.7063285112380981","0.9667162895202637","-1.6730448007583618","-0.6264077425003052","0.8928346037864685","-1.519242286682129"
"Test","0","0.00006481420859927312","-0.6899968385696411","0.9512530565261841","-1.6412498950958252","-0.6030376553535461","0.882271409034729","-1.48530912399292"
"Test","0","0.00005075146327726543","-0.7267392873764038","0.9681460857391357","-1.6948853731155396","-0.6405238509178162","0.8950845003128052","-1.5356082916259766"
"Test","0","0.00015692217857576907","-0.6374400854110718","0.9019588232040405","-1.5393989086151123","-0.5552278161048889","0.8480731248855591","-1.4033010005950928"
"Test","0","0.0001424645888619125","-0.6244947910308838","0.8967792987823486","-1.5212740898132324","-0.560299813747406","0.8392406105995178","-1.3995404243469238"
"Test","0","0.00005003877595299855","-0.7322489023208618","0.9576430320739746","-1.6898919343948364","-0.653985857963562","0.8871644735336304","-1.5411503314971924"
"Test","0","0.00005747040268033743","-0.7020041942596436","0.955875039100647","-1.6578792333602905","-0.6204078197479248","0.8835808634757996","-1.5039887428283691"
"Test","0","0.00006678215140709653","-0.6876434683799744","0.9542063474655151","-1.6418497562408447","-0.5890934467315674","0.8872541189193726","-1.47634756565094"
"Test","0","0.00005458199302665889","-0.7314841747283936","0.967194676399231","-1.6986788511276245","-0.6477075219154358","0.8945022821426392","-1.5422098636627197"
"Test","0","0.00019029786926694214","-0.6739073395729065","0.9336252212524414","-1.6075325012207031","-0.5736712217330933","0.8790748715400696","-1.4527461528778076"
"Test","0","0.0000554145808564499","-0.7117756009101868","0.9525896310806274","-1.664365291595459","-0.6384463906288147","0.874686598777771","-1.5131330490112305"
"Test","0","0.00006469514482887462","-0.664898157119751","0.9067996740341187","-1.5716978311538696","-0.5994876027107239","0.8425859212875366","-1.4420735836029053"
"Test","0","0.00006172578287078068","-0.6649821996688843","0.9282097816467285","-1.5931919813156128","-0.5896140336990356","0.865791916847229","-1.4554059505462646"
"Test","0","0.00008106938912533224","-0.6566515564918518","0.8945169448852539","-1.551168441772461","-0.5886224508285522","0.8397133350372314","-1.4283357858657837"
"Test","0","0.00005259040335658938","-0.6796677112579346","0.9140065312385559","-1.5936741828918457","-0.6118744015693665","0.8539796471595764","-1.4658540487289429"
"Test","0","0.0001353565021418035","-0.6568613052368164","0.9266829490661621","-1.5835442543029785","-0.5662440061569214","0.8724114894866943","-1.4386554956436157"
"Test","0","0.00003982428461313248","-0.7328108549118042","0.9723348021507263","-1.7051455974578857","-0.6490448713302612","0.8975376486778259","-1.5465824604034424"
"Test","0","0.00006466875493060797","-0.7141712307929993","0.9545847773551941","-1.6687560081481934","-0.6319823861122131","0.8848937749862671","-1.516876220703125"
"Test","0","0.002149994485080242","-0.4228728711605072","0.6991101503372192","-1.1219830513000488","-0.2911737859249115","0.7123143672943115","-1.0034881830215454"
"Test","0","0.00011395731416996568","-0.624992311000824","0.8769684433937073","-1.5019607543945312","-0.5578999519348145","0.8258843421936035","-1.383784294128418"
"Test","0","0.000049244059482589364","-0.6950152516365051","0.9615496397018433","-1.6565649509429932","-0.6021303534507751","0.9025943875312805","-1.5047247409820557"
"Test","0","0.00010183326958213001","-0.6887008547782898","0.9203711748123169","-1.609071969985962","-0.6134055852890015","0.8559530973434448","-1.4693586826324463"
"Test","0","0.00005440499444375746","-0.7039213180541992","0.9614005088806152","-1.6653218269348145","-0.6235365867614746","0.8886016607284546","-1.5121382474899292"
"Test","0","0.000059348847571527585","-0.7069797515869141","0.9555575847625732","-1.6625373363494873","-0.630074143409729","0.8775765299797058","-1.50765061378479"
"Test","0","0.00003998929969384335","-0.7131035327911377","0.9272922277450562","-1.6403957605361938","-0.6320823431015015","0.874033510684967","-1.5061159133911133"
"Test","0","0.00007489213749067858","-0.664382815361023","0.9038363695144653","-1.5682191848754883","-0.603080689907074","0.844241738319397","-1.4473223686218262"
"Test","0","0.00016699174011591822","-0.5856278538703918","0.833594560623169","-1.419222354888916","-0.5195395350456238","0.7973796129226685","-1.3169190883636475"
"Test","0","0.00005750033960794099","-0.7203034162521362","0.9642572402954102","-1.6845606565475464","-0.6300244927406311","0.8924432992935181","-1.522467851638794"
"Test","0","0.00006302770634647459","-0.6906658411026001","0.9305400848388672","-1.6212059259414673","-0.6196753978729248","0.8622043132781982","-1.481879711151123"
"Test","0","0.00014953453501220793","-0.6089057922363281","0.9122162461280823","-1.5211219787597656","-0.5400418043136597","0.8551163673400879","-1.3951581716537476"
"Test","0","0.00004505374454311095","-0.7174566984176636","0.9723575711250305","-1.6898143291473389","-0.6346768736839294","0.8974407911300659","-1.5321176052093506"
"Test","0","0.000047215999074978754","-0.7142526507377625","0.957030177116394","-1.6712827682495117","-0.639480471611023","0.8812088370323181","-1.5206892490386963"
"Test","0","0.00008399027137784287","-0.6463222503662109","0.8931739330291748","-1.5394961833953857","-0.5760709047317505","0.8402948379516602","-1.4163657426834106"
"Test","0","0.00005083022188046016","-0.7398337125778198","0.9648948907852173","-1.704728603363037","-0.6529439091682434","0.8926309943199158","-1.5455749034881592"
"Test","0","0.0004871396813541651","-0.5833879113197327","0.8847037553787231","-1.4680917263031006","-0.47271931171417236","0.849398672580719","-1.3221180438995361"
"Test","0","0.000050532409659354016","-0.6661064624786377","0.9207797646522522","-1.5868861675262451","-0.5982533097267151","0.8558544516563416","-1.4541077613830566"
"Test","0","0.000049985603254754096","-0.6659253835678101","0.904374361038208","-1.570299744606018","-0.5993955135345459","0.848250687122345","-1.447646141052246"
"Test","0","0.00007019434269750491","-0.6862182021141052","0.9208688735961914","-1.6070871353149414","-0.6174097657203674","0.8476763963699341","-1.4650862216949463"
"Test","0","0.00012750286259688437","-0.617903470993042","0.868037223815918","-1.48594069480896","-0.5548287630081177","0.8126948475837708","-1.3675236701965332"
"Test","0","0.00006700873927911744","-0.6773880124092102","0.9543722867965698","-1.6317603588104248","-0.6043872833251953","0.8808224201202393","-1.4852097034454346"
"Test","0","0.00008642296597827226","-0.6948181390762329","0.9519698619842529","-1.6467880010604858","-0.5986753106117249","0.8964219093322754","-1.4950971603393555"
"Test","0","0.00003829968409263529","-0.7225008010864258","0.9641577005386353","-1.686658501625061","-0.6414523124694824","0.8904753923416138","-1.5319277048110962"
"Test","0","0.00006260873487917706","-0.6823755502700806","0.9534065127372742","-1.63578200340271","-0.6047507524490356","0.8875546455383301","-1.4923053979873657"
"Test","1","0.9999252557754517","0.8906779289245605","-0.6420905590057373","1.5327684879302979","0.8289097547531128","-0.5883334279060364","1.417243242263794"
"Test","1","0.9999829530715942","0.9632476568222046","-0.7366095185279846","1.699857234954834","0.8456754684448242","-0.6906000375747681","1.5362755060195923"
"Test","1","0.9999510049819946","0.880536675453186","-0.6363949179649353","1.5169315338134766","0.7715779542922974","-0.5970467329025269","1.3686246871948242"
"Test","1","0.9999762773513794","0.9418011903762817","-0.7086286544799805","1.6504298448562622","0.8279968500137329","-0.6597118377685547","1.4877086877822876"
"Test","1","0.9999798536300659","0.9573217630386353","-0.7269980907440186","1.6843198537826538","0.8489211201667786","-0.6772431135177612","1.5261642932891846"
"Test","1","0.9998735189437866","0.8415122628211975","-0.5753446817398071","1.4168570041656494","0.775611162185669","-0.5216198563575745","1.2972309589385986"
"Test","1","0.9999830722808838","0.9502526521682739","-0.7368199825286865","1.6870726346969604","0.8260059952735901","-0.6950286626815796","1.5210347175598145"
"Test","1","0.999815046787262","0.8366538286209106","-0.6124186515808105","1.4490724802017212","0.7548080682754517","-0.557874321937561","1.3126823902130127"
"Test","1","0.9985766410827637","0.7492357492446899","-0.5015652179718018","1.2508009672164917","0.779461145401001","-0.4252046048641205","1.2046657800674438"
"Test","1","0.9999741315841675","0.9328081607818604","-0.7140783071517944","1.6468864679336548","0.8253201842308044","-0.670587420463562","1.4959075450897217"
"Test","1","0.9998412132263184","0.8265411257743835","-0.6324543952941895","1.4589955806732178","0.7049567699432373","-0.583131730556488","1.2880885601043701"
"Test","1","0.9999616146087646","0.9295867681503296","-0.7126765847206116","1.642263412475586","0.825318455696106","-0.658071756362915","1.483390212059021"
"Test","1","0.9997137188911438","0.8194851875305176","-0.5815868377685547","1.4010720252990723","0.7417843341827393","-0.5163400769233704","1.2581243515014648"
"Test","1","0.9990737438201904","0.7467736005783081","-0.4707491993904114","1.2175228595733643","0.6851921081542969","-0.41286423802375793","1.0980563163757324"
"Test","1","0.9999610185623169","0.9110314846038818","-0.6675971150398254","1.5786285400390625","0.7919107675552368","-0.620331883430481","1.4122426509857178"
"Test","1","0.9999760389328003","0.9343292713165283","-0.7177433371543884","1.6520726680755615","0.8149109482765198","-0.6695530414581299","1.4844639301300049"
"Test","1","0.00859401747584343","-0.33321520686149597","0.5868703126907349","-0.9200855493545532","-0.19674518704414368","0.6146289110183716","-0.8113740682601929"
"Test","1","0.9999715089797974","0.9075601100921631","-0.6818792819976807","1.5894393920898438","0.7826539278030396","-0.6447336077690125","1.4273874759674072"
"Test","1","0.03764425590634346","-0.2226727455854416","0.4850815534591675","-0.7077543139457703","-0.07029654085636139","0.5169416069984436","-0.5872381329536438"
"Test","1","0.9999629259109497","0.9229040145874023","-0.6829338073730469","1.6058378219604492","0.8144854307174683","-0.6334336400032043","1.4479191303253174"
"Test","1","0.9999823570251465","0.9591473340988159","-0.7395387887954712","1.698686122894287","0.8377641439437866","-0.693391740322113","1.5311558246612549"
"Test","1","0.9993317723274231","0.7460373640060425","-0.48432379961013794","1.2303612232208252","0.6875905990600586","-0.4275953471660614","1.1151859760284424"
"Test","1","0.9999487400054932","0.9252862930297852","-0.665244996547699","1.590531349182129","0.8371917605400085","-0.6082855463027954","1.4454772472381592"
"Test","1","0.9999772310256958","0.9326794147491455","-0.7010149359703064","1.6336944103240967","0.8096084594726562","-0.6583772897720337","1.46798574924469"
"Test","1","0.9998973608016968","0.8653444647789001","-0.621701717376709","1.487046241760254","0.7782094478607178","-0.5754218101501465","1.3536312580108643"
"Test","1","0.9999756813049316","0.9257915616035461","-0.6874078512191772","1.6131994724273682","0.7986213564872742","-0.6502716541290283","1.4488930702209473"
"Test","1","0.9799673557281494","0.5532708764076233","-0.26211556792259216","0.8153864145278931","0.5475609302520752","-0.21753066778182983","0.765091598033905"
"Test","1","0.999858021736145","0.8733527064323425","-0.5843451023101807","1.457697868347168","0.8117357492446899","-0.5269054770469666","1.3386411666870117"
"Test","1","0.9999088048934937","0.9029221534729004","-0.6813578009605408","1.584280014038086","0.8229442834854126","-0.6234441995620728","1.4463884830474854"
"Test","1","0.9995556473731995","0.8151304721832275","-0.5770127773284912","1.3921432495117188","0.79514479637146","-0.5015268325805664","1.2966716289520264"
"Test","1","0.9978049397468567","0.705216109752655","-0.44868582487106323","1.1539019346237183","0.7019330263137817","-0.38676679134368896","1.0886998176574707"
"Test","1","0.9845172762870789","0.47640901803970337","-0.1667253077030182","0.643134355545044","0.49367183446884155","-0.12140387296676636","0.6150757074356079"
"Test","1","0.9994295239448547","0.8014096021652222","-0.550512433052063","1.3519220352172852","0.7761812210083008","-0.4797965884208679","1.2559778690338135"
"Test","1","0.9850587844848633","0.555402934551239","-0.2871962785720825","0.8425992131233215","0.6108118891716003","-0.21363131701946259","0.8244432210922241"
"Test","1","0.9999686479568481","0.9585788249969482","-0.6994560956954956","1.6580349206924438","0.8720488548278809","-0.6482017040252686","1.5202505588531494"
"Test","1","0.9999417066574097","0.8756526708602905","-0.6311472058296204","1.5067999362945557","0.7775677442550659","-0.5866512060165405","1.3642189502716064"
"Test","1","0.9086116552352905","0.43424975872039795","-0.1462898850440979","0.5805396437644958","0.4760889708995819","-0.07953876256942749","0.555627703666687"
"Test","1","0.9999468326568604","0.8736367225646973","-0.6285102367401123","1.5021469593048096","0.770869791507721","-0.587104082107544","1.3579738140106201"
"Test","1","0.9996922016143799","0.8369089961051941","-0.5946161150932312","1.4315251111984253","0.7944507598876953","-0.5285314321517944","1.3229821920394897"
"Test","1","0.9999821186065674","0.9685823917388916","-0.7419395446777344","1.710521936416626","0.8520014882087708","-0.6949328780174255","1.5469343662261963"
"Test","1","0.9999756813049316","0.9261374473571777","-0.69336998462677","1.6195074319839478","0.8145405054092407","-0.6472339034080505","1.4617743492126465"
"Test","1","0.9998524188995361","0.8353841304779053","-0.6195676326751709","1.4549517631530762","0.731803297996521","-0.5646277666091919","1.296431064605713"
"Test","1","0.9999572038650513","0.9517809152603149","-0.7076926827430725","1.6594736576080322","0.874037504196167","-0.653194785118103","1.52723228931427"
"Test","1","0.9996887445449829","0.8466694355010986","-0.5846218466758728","1.4312913417816162","0.8187808394432068","-0.526031494140625","1.3448123931884766"
"Test","1","0.9999512434005737","0.9174586534500122","-0.666598916053772","1.5840575695037842","0.8136735558509827","-0.617257833480835","1.4309313297271729"
"Test","1","0.9991927742958069","0.7461559772491455","-0.49754416942596436","1.2437001466751099","0.7034105658531189","-0.430349737405777","1.1337603330612183"
"Test","1","0.9952770471572876","0.6179090738296509","-0.4349655508995056","1.0528745651245117","0.5831775069236755","-0.3681870698928833","0.9513645768165588"
"Test","1","0.9284072518348694","0.4083934426307678","-0.2319459766149521","0.6403394341468811","0.4750516712665558","-0.14811185002326965","0.6231635212898254"
"Test","1","0.9999792575836182","0.954590916633606","-0.7178146243095398","1.672405481338501","0.8353821635246277","-0.6700417995452881","1.5054240226745605"
"Test","1","0.9996138215065002","0.7269097566604614","-0.4696846008300781","1.1965943574905396","0.6522169709205627","-0.43074047565460205","1.0829575061798096"
"Test","1","0.9999539852142334","0.9051889777183533","-0.65953129529953","1.5647202730178833","0.8053532838821411","-0.6158995628356934","1.4212528467178345"
"Test","1","0.9999803304672241","0.9487740993499756","-0.7146046161651611","1.6633787155151367","0.8335864543914795","-0.6694948673248291","1.5030813217163086"
"Test","1","0.6919499039649963","0.2702184319496155","-0.10599768161773682","0.3762161135673523","0.34988829493522644","-0.03211995214223862","0.38200825452804565"
"Test","1","0.9996591806411743","0.7533141374588013","-0.5436074733734131","1.2969216108322144","0.6728326082229614","-0.4955121874809265","1.1683447360992432"
"Test","1","0.9999828338623047","0.948352038860321","-0.7318800687789917","1.680232048034668","0.8211686611175537","-0.6911942958831787","1.5123629570007324"
"Test","1","0.999958872795105","0.8912358283996582","-0.6710069179534912","1.5622427463531494","0.7759354114532471","-0.63009113073349","1.4060266017913818"
"Test","1","0.9999078512191772","0.889430046081543","-0.6495857238769531","1.539015769958496","0.805137038230896","-0.5914154648780823","1.396552562713623"
"Test","1","0.9999037981033325","0.8989858627319336","-0.6804193258285522","1.5794051885604858","0.8477848768234253","-0.6199923753738403","1.4677772521972656"
"Test","1","0.9999657869338989","0.9297298192977905","-0.6559677124023438","1.5856975317001343","0.8380823135375977","-0.6085902452468872","1.4466725587844849"
"Test","1","0.9999816417694092","0.9425756931304932","-0.7307307720184326","1.6733064651489258","0.8127321600914001","-0.6899422407150269","1.5026743412017822"
"Test","1","0.9977216124534607","0.7107945680618286","-0.46293720602989197","1.173731803894043","0.7012151479721069","-0.38691258430480957","1.0881277322769165"
"Test","1","0.9913184642791748","0.632210373878479","-0.3544122874736786","0.98662269115448","0.6631308794021606","-0.277136892080307","0.94026780128479"
"Test","1","0.9999799728393555","0.9582949876785278","-0.7204039096832275","1.6786988973617554","0.8435474038124084","-0.673493504524231","1.5170409679412842"
"Test","1","0.9944487810134888","0.6028676629066467","-0.32393550872802734","0.9268031716346741","0.6116025447845459","-0.2645314037799835","0.876133918762207"
"Test","1","0.9999778270721436","0.9669702649116516","-0.7184063196182251","1.6853766441345215","0.8741353154182434","-0.6625092029571533","1.536644458770752"
"Test","1","0.9999631643295288","0.8999638557434082","-0.6615544557571411","1.5615183115005493","0.792752742767334","-0.6179558038711548","1.4107085466384888"
"Test","1","0.9368214011192322","0.47789251804351807","-0.1896955668926239","0.6675881147384644","0.5414186120033264","-0.12058556079864502","0.6620041728019714"
"Test","1","0.9995741248130798","0.7587525248527527","-0.5183972716331482","1.2771497964859009","0.6921292543411255","-0.4641311764717102","1.1562604904174805"
"Test","1","0.9999628067016602","0.917327880859375","-0.7077155709266663","1.6250433921813965","0.8086590766906738","-0.6604360938072205","1.469095230102539"
"Test","1","0.9964578747749329","0.6716141700744629","-0.37445178627967834","1.0460659265518188","0.6932249069213867","-0.3014460802078247","0.9946709871292114"
"Test","1","0.9995076656341553","0.8224292397499084","-0.56984943151474","1.3922786712646484","0.7967572212219238","-0.5097163915634155","1.3064736127853394"
"Test","1","0.9998630285263062","0.860792875289917","-0.6439354419708252","1.5047283172607422","0.7895474433898926","-0.5788334012031555","1.3683807849884033"
"Test","1","0.9999698400497437","0.9390318989753723","-0.7117284536361694","1.6507604122161865","0.8292409181594849","-0.6635985374450684","1.4928394556045532"
"Test","1","0.9999805688858032","0.9493715763092041","-0.7355361580848694","1.6849076747894287","0.8286033868789673","-0.6935080289840698","1.522111415863037"
"Test","1","0.9999313354492188","0.8832851052284241","-0.6556980609893799","1.5389831066131592","0.7780981063842773","-0.6085605621337891","1.3866586685180664"
"Test","1","0.9999641180038452","0.9255772829055786","-0.6909881234169006","1.616565465927124","0.8170003890991211","-0.6358340978622437","1.4528344869613647"
"Test","1","0.9998313188552856","0.8493608236312866","-0.5791441202163696","1.4285049438476562","0.7742505073547363","-0.5227370262145996","1.296987533569336"
"Test","1","0.9986452460289001","0.7355116009712219","-0.4699200987815857","1.2054316997528076","0.7246657609939575","-0.3963696360588074","1.1210353374481201"
"Test","1","0.9997542500495911","0.858048677444458","-0.593277633190155","1.4513263702392578","0.8207836151123047","-0.5282948017120361","1.3490784168243408"
"Test","1","0.9887492656707764","0.5526944994926453","-0.3308257460594177","0.883520245552063","0.5067121982574463","-0.2755040228366852","0.7822161912918091"
"Test","1","0.9999793767929077","0.9753039479255676","-0.7357909679412842","1.711094856262207","0.8807156682014465","-0.6854038238525391","1.5661194324493408"
"Test","1","0.999969482421875","0.9243371486663818","-0.6932060122489929","1.6175432205200195","0.8152039647102356","-0.6504820585250854","1.4656860828399658"
"Test","1","0.9999532699584961","0.9195047616958618","-0.6667265295982361","1.5862312316894531","0.8197201490402222","-0.6088950634002686","1.4286152124404907"
"Test","1","0.9999697208404541","0.9541891813278198","-0.6985427141189575","1.6527318954467773","0.8647499084472656","-0.641837477684021","1.5065873861312866"
"Test","1","0.9997103810310364","0.7496020793914795","-0.49278005957603455","1.2423821687698364","0.6695782542228699","-0.45581480860710144","1.125393033027649"
"Test","1","0.04385030269622803","-0.18066121637821198","0.4542849063873291","-0.6349461078643799","-0.08384747058153152","0.4721068739891052","-0.5559543371200562"
"Test","1","0.9999282360076904","0.900664210319519","-0.6352565288543701","1.5359207391738892","0.8206728100776672","-0.5811784863471985","1.4018512964248657"
"Test","1","0.9999463558197021","0.8866990804672241","-0.6183115243911743","1.5050106048583984","0.7821581959724426","-0.5744215250015259","1.3565797805786133"
"Test","1","0.6340886354446411","0.16121284663677216","0.07138226926326752","0.08983057737350464","0.23951680958271027","0.12799125909805298","0.11152555048465729"
"Test","1","0.9999628067016602","0.9347520470619202","-0.691868782043457","1.6266207695007324","0.8335899114608765","-0.6392475366592407","1.4728374481201172"
"Test","1","0.999975323677063","0.9244735240936279","-0.6770074367523193","1.6014809608459473","0.7977141737937927","-0.6380611658096313","1.4357752799987793"
"Test","1","0.9999823570251465","0.9724583625793457","-0.7401347160339355","1.7125930786132812","0.8645614385604858","-0.6892990469932556","1.5538604259490967"
"Test","1","0.9858952164649963","0.5836045742034912","-0.313634991645813","0.8972395658493042","0.6432676911354065","-0.235136941075325","0.8784046173095703"
"Test","1","0.999567449092865","0.7978246212005615","-0.5380953550338745","1.335919976234436","0.7683724164962769","-0.475050687789917","1.2434231042861938"
"Test","1","0.9988658428192139","0.7393943071365356","-0.4352194368839264","1.1746137142181396","0.7363566160202026","-0.3660992681980133","1.1024558544158936"
"Test","1","0.9999439716339111","0.869807779788971","-0.6219807863235474","1.491788625717163","0.7652161121368408","-0.5828166007995605","1.3480327129364014"
"Test","1","0.9723972082138062","0.515518307685852","-0.26984572410583496","0.785364031791687","0.5081543922424316","-0.20935259759426117","0.717507004737854"
"Test","1","0.9999551773071289","0.9370560646057129","-0.6940637826919556","1.6311198472976685","0.8517811894416809","-0.6397284865379333","1.4915096759796143"
"Test","1","0.9982253909111023","0.6860500574111938","-0.4264342784881592","1.112484335899353","0.624825119972229","-0.3745727241039276","0.999397873878479"
"Test","1","0.9999023675918579","0.8833585381507874","-0.6094398498535156","1.4927983283996582","0.8033037781715393","-0.5548908710479736","1.3581945896148682"
"Test","1","0.9938791990280151","0.6454018354415894","-0.44023597240448","1.0856378078460693","0.6608855724334717","-0.3580928444862366","1.0189783573150635"
"Test","1","0.9417824745178223","0.42351242899894714","-0.14782124757766724","0.571333646774292","0.5099949836730957","-0.0782671868801117","0.5882622003555298"
"Test","1","0.999966025352478","0.9413787126541138","-0.6944984197616577","1.6358771324157715","0.8499985933303833","-0.6441072225570679","1.4941058158874512"
"Test","1","0.9999738931655884","0.9538239240646362","-0.7061818838119507","1.660005807876587","0.846487283706665","-0.6577318906784058","1.5042191743850708"
"Test","1","0.9999804496765137","0.9615468382835388","-0.7066036462783813","1.6681504249572754","0.8561272621154785","-0.6589505076408386","1.515077829360962"
"Test","1","0.999976634979248","0.9436167478561401","-0.6948297619819641","1.638446569442749","0.835811972618103","-0.652803897857666","1.488615870475769"
"Test","1","0.9999586343765259","0.8991920948028564","-0.6629067063331604","1.562098741531372","0.796027421951294","-0.6203927397727966","1.4164202213287354"
"Test","1","0.9999088048934937","0.8848601579666138","-0.6548014283180237","1.5396616458892822","0.7979636788368225","-0.594143807888031","1.3921074867248535"
"Test","1","0.9973457455635071","0.7160488367080688","-0.45915985107421875","1.1752086877822876","0.7263398766517639","-0.3887130916118622","1.1150529384613037"
"Test","1","0.9994382262229919","0.7877258062362671","-0.5323659777641296","1.320091724395752","0.7540345191955566","-0.4723178744316101","1.2263524532318115"
"Test","1","0.9999696016311646","0.9251710176467896","-0.6814379692077637","1.6066089868545532","0.8131729364395142","-0.6341680288314819","1.447340965270996"
"Test","1","0.9999631643295288","0.9126681089401245","-0.6590031385421753","1.5716712474822998","0.8235281705856323","-0.6103790998458862","1.4339072704315186"
"Test","1","0.9999768733978271","0.9394527673721313","-0.7229975461959839","1.6624503135681152","0.8188968300819397","-0.6779475212097168","1.4968442916870117"
"Test","1","0.9358947277069092","0.43186450004577637","-0.18947772681713104","0.6213422417640686","0.464887797832489","-0.12394050508737564","0.5888283252716064"
"Test","1","0.9997925162315369","0.8316434621810913","-0.5438632965087891","1.3755067586898804","0.776411235332489","-0.4886934757232666","1.2651047706604004"
"Test","1","0.9999781847000122","0.9267491102218628","-0.7278250455856323","1.6545741558074951","0.7961812615394592","-0.6878300905227661","1.4840114116668701"
"Test","1","0.8193686008453369","0.2691669762134552","0.020722247660160065","0.24844473600387573","0.36651936173439026","0.08497227728366852","0.28154706954956055"
"Test","1","0.9999797344207764","0.9529602527618408","-0.7140436172485352","1.667003870010376","0.8336615562438965","-0.6706966757774353","1.5043582916259766"
"Test","1","0.995376706123352","0.5468915700912476","-0.3210647404193878","0.867956280708313","0.5121563673019409","-0.263469398021698","0.7756257653236389"
"Test","1","0.9999759197235107","0.9355472326278687","-0.6854526996612549","1.6209999322891235","0.8245875239372253","-0.6449183225631714","1.469505786895752"
"Test","1","0.9999430179595947","0.8704664707183838","-0.6104497909545898","1.4809162616729736","0.7691331505775452","-0.5683388710021973","1.3374719619750977"
"Test","1","0.9986236095428467","0.7536817789077759","-0.5154486894607544","1.2691304683685303","0.7446594834327698","-0.4524414539337158","1.1971008777618408"
"Test","1","0.9991853833198547","0.6998550891876221","-0.5489935874938965","1.2488486766815186","0.6181776523590088","-0.4956319332122803","1.113809585571289"
"Test","1","0.9999393224716187","0.9032419919967651","-0.6307688355445862","1.534010887145996","0.8264201879501343","-0.5748507380485535","1.401270866394043"
"Test","1","0.9999805688858032","0.9495317935943604","-0.7255357503890991","1.6750675439834595","0.8294652104377747","-0.6800252795219421","1.5094904899597168"
"Test","1","0.9999772310256958","0.9306306838989258","-0.7199018001556396","1.6505324840545654","0.8099461197853088","-0.675350546836853","1.4852967262268066"
"Test","1","0.9992189407348633","0.7861186265945435","-0.5499640703201294","1.3360826969146729","0.7950324416160583","-0.47127288579940796","1.2663053274154663"
"Test","1","0.9998691082000732","0.8856070637702942","-0.6502295732498169","1.5358366966247559","0.8322369456291199","-0.5956193804740906","1.4278563261032104"
"Test","1","0.9998989105224609","0.885446310043335","-0.6340398788452148","1.5194861888885498","0.8250537514686584","-0.5729864835739136","1.3980402946472168"
"Test","1","0.9999797344207764","0.9578704833984375","-0.6998213529586792","1.6576918363571167","0.8471873998641968","-0.6546535491943359","1.5018409490585327"
"Test","1","0.9999499320983887","0.9091670513153076","-0.6816485524177551","1.590815544128418","0.8211570978164673","-0.6279278993606567","1.449084997177124"
"Test","1","0.9999650716781616","0.9317572116851807","-0.69917893409729","1.6309361457824707","0.8346349596977234","-0.6530917286872864","1.4877266883850098"
"Test","1","0.938088595867157","0.40731990337371826","-0.16245892643928528","0.5697788000106812","0.4757603108882904","-0.10055624693632126","0.5763165354728699"
"Test","1","0.9999779462814331","0.958819568157196","-0.7122805118560791","1.67110013961792","0.8547165393829346","-0.6625142097473145","1.517230749130249"
"Test","1","0.9999295473098755","0.8830562233924866","-0.6289732456207275","1.5120294094085693","0.7928070425987244","-0.5770261287689209","1.36983323097229"
"Test","1","0.9998843669891357","0.9027705192565918","-0.681728720664978","1.5844992399215698","0.8375446200370789","-0.6153061985969543","1.4528508186340332"
"Test","1","0.9999786615371704","0.9451520442962646","-0.7130753993988037","1.6582274436950684","0.8288670182228088","-0.6643768548965454","1.493243932723999"
"Test","1","0.9999147653579712","0.8718203902244568","-0.6435211300849915","1.5153415203094482","0.769805908203125","-0.587436854839325","1.3572428226470947"
"Test","1","0.9999760389328003","0.9490146636962891","-0.6932991743087769","1.642313838005066","0.8401118516921997","-0.6523442268371582","1.492456078529358"
"Test","1","0.9999706745147705","0.9361695647239685","-0.6964231729507446","1.6325926780700684","0.8364255428314209","-0.6464194059371948","1.4828449487686157"