split,true_label,confidence_score,hcc_cosine_mean,hem_cosine_mean,delta_mean,hcc_cosine_kmeans,hem_cosine_kmeans,delta_kmeans
Val,0,6.010619836160913e-05,-0.2282310426235199,0.9837686419487,-1.2119996547698975,-0.1968657374382019,0.9718592762947083,-1.1687250137329102
Val,0,0.00010376827412983403,-0.17282284796237946,0.9867864847183228,-1.159609317779541,-0.14084506034851074,0.9777944087982178,-1.1186394691467285
Val,0,9.520469029666856e-05,-0.18435439467430115,0.9872367978096008,-1.1715911626815796,-0.15160328149795532,0.9758555889129639,-1.1274588108062744
Val,0,5.6468197726644576e-05,-0.22691486775875092,0.9845213890075684,-1.2114362716674805,-0.19473613798618317,0.970724880695343,-1.1654610633850098
Val,0,0.00014510528126265854,-0.1389639973640442,0.9753092527389526,-1.1142733097076416,-0.10706876218318939,0.9687619209289551,-1.0758306980133057
Val,0,0.00012468380737118423,-0.162541925907135,0.988683819770813,-1.1512258052825928,-0.1296553760766983,0.980038046836853,-1.1096934080123901
Val,0,5.941391282249242e-05,-0.24073795974254608,0.9877467155456543,-1.2284846305847168,-0.2086597979068756,0.9742855429649353,-1.1829453706741333
Val,0,7.973137689987198e-05,-0.1870805323123932,0.9831330180168152,-1.1702135801315308,-0.15497790277004242,0.9716184735298157,-1.1265963315963745
Val,0,7.291800284292549e-05,-0.2199346423149109,0.9861061573028564,-1.206040859222412,-0.18790969252586365,0.975525975227356,-1.163435697555542
Val,0,6.622356886509806e-05,-0.20868287980556488,0.9848257899284363,-1.1935086250305176,-0.17652443051338196,0.9719641208648682,-1.1484885215759277
Val,0,5.629679071716964e-05,-0.23518052697181702,0.9884134531021118,-1.2235939502716064,-0.2026377022266388,0.9748296141624451,-1.1774673461914062
Val,0,5.8720921515487134e-05,-0.228917196393013,0.9852714538574219,-1.2141886949539185,-0.19661840796470642,0.9716290235519409,-1.1682474613189697
Val,0,8.528206672053784e-05,-0.19349564611911774,0.9871442317962646,-1.1806398630142212,-0.16133446991443634,0.9774318933486938,-1.1387664079666138
Val,0,0.00024557262076996267,-0.11877648532390594,0.9768140316009521,-1.0955904722213745,-0.0867975652217865,0.9700031280517578,-1.0568007230758667
Val,0,0.00010270206985296682,-0.17970475554466248,0.9876558780670166,-1.1673606634140015,-0.14788198471069336,0.9765949249267578,-1.1244769096374512
Val,0,4.7372461267514154e-05,-0.24984195828437805,0.9822226762771606,-1.2320646047592163,-0.21775054931640625,0.9671330451965332,-1.1848835945129395
Val,0,4.292345329304226e-05,-0.26270410418510437,0.9877231121063232,-1.25042724609375,-0.23035980761051178,0.9725630879402161,-1.2029229402542114
Val,0,9.30512833292596e-05,-0.181491881608963,0.9879031181335449,-1.1693949699401855,-0.14944502711296082,0.9769633412361145,-1.126408338546753
Val,0,7.367996295215562e-05,-0.20709818601608276,0.9855624437332153,-1.1926605701446533,-0.17441196739673615,0.9734552502632141,-1.147867202758789
Val,0,8.063409040914848e-05,-0.20678550004959106,0.9868618249893188,-1.1936473846435547,-0.17489692568778992,0.9741322994232178,-1.14902925491333
Val,0,8.366213296540082e-05,-0.201999694108963,0.9853435754776001,-1.1873432397842407,-0.16998539865016937,0.9730761051177979,-1.1430615186691284
Val,0,5.409138975664973e-05,-0.23380222916603088,0.9853178262710571,-1.2191200256347656,-0.2013441026210785,0.9716709852218628,-1.1730151176452637
Val,0,5.8010999055113643e-05,-0.22613844275474548,0.9896552562713623,-1.2157937288284302,-0.19355981051921844,0.9764134287834167,-1.1699732542037964
Val,0,9.52925329329446e-05,-0.17262767255306244,0.9885461330413818,-1.1611738204956055,-0.13991597294807434,0.9783168435096741,-1.1182328462600708
Val,0,4.8389367293566465e-05,-0.2412624955177307,0.9880719184875488,-1.2293343544006348,-0.20920786261558533,0.9733529090881348,-1.1825608015060425
Val,0,7.909345731604844e-05,-0.19885754585266113,0.9871624708175659,-1.186020016670227,-0.1663929969072342,0.975201427936554,-1.141594409942627
Val,0,0.0001523274404462427,-0.1405273824930191,0.9799901843070984,-1.120517611503601,-0.10774582624435425,0.9708504676818848,-1.0785963535308838
Val,0,6.376489182002842e-05,-0.21125586330890656,0.9848959445953369,-1.196151852607727,-0.17980976402759552,0.971662163734436,-1.1514719724655151
Val,0,4.575792627292685e-05,-0.2570679485797882,0.9844427108764648,-1.2415106296539307,-0.22498208284378052,0.9712239503860474,-1.1962060928344727
Val,0,3.720302629517391e-05,-0.263640820980072,0.983415961265564,-1.2470567226409912,-0.23176942765712738,0.9674347043037415,-1.1992040872573853
Val,0,0.0001113343532779254,-0.16539521515369415,0.9865522384643555,-1.1519474983215332,-0.13261087238788605,0.9768153429031372,-1.1094262599945068
Val,0,4.85219425172545e-05,-0.25155550241470337,0.9829185605049133,-1.2344740629196167,-0.21931812167167664,0.967772364616394,-1.187090516090393
Val,0,3.8052847230574116e-05,-0.26681894063949585,0.984261155128479,-1.25108003616333,-0.23456701636314392,0.9682479500770569,-1.2028149366378784
Val,0,0.00017661981109995395,-0.14877861738204956,0.9827070832252502,-1.1314857006072998,-0.116038978099823,0.9754897356033325,-1.0915286540985107
Val,0,0.0001464628439862281,-0.13397365808486938,0.9708252549171448,-1.1047989130020142,-0.10300776362419128,0.9624771475791931,-1.065484881401062
Val,0,4.086452099727467e-05,-0.2613627016544342,0.9861810207366943,-1.2475436925888062,-0.22922028601169586,0.9706462025642395,-1.199866533279419
Val,0,3.2674273825250566e-05,-0.2873258590698242,0.984539270401001,-1.2718651294708252,-0.2554504871368408,0.9675851464271545,-1.2230355739593506
Val,0,5.339210474630818e-05,-0.21901966631412506,0.98045814037323,-1.1994777917861938,-0.18768377602100372,0.9685012102127075,-1.1561850309371948
Val,0,4.33827044616919e-05,-0.2544012665748596,0.9852699041366577,-1.239671230316162,-0.22237379848957062,0.9717756509780884,-1.1941494941711426
Val,0,5.865326238563284e-05,-0.2345890998840332,0.987463653087616,-1.222052812576294,-0.2019617110490799,0.9738284945487976,-1.1757901906967163
Val,0,3.6203091440256685e-05,-0.2643963396549225,0.98255455493927,-1.2469508647918701,-0.23286162316799164,0.9664868116378784,-1.1993484497070312
Val,0,4.1807827074080706e-05,-0.26975589990615845,0.9846895337104797,-1.2544454336166382,-0.23768596351146698,0.9691000580787659,-1.206786036491394
Val,0,8.364027598872781e-05,-0.20963023602962494,0.9892288446426392,-1.1988590955734253,-0.1768733561038971,0.9776381254196167,-1.1545114517211914
Val,0,6.243744428502396e-05,-0.21901120245456696,0.9877921342849731,-1.206803321838379,-0.18638063967227936,0.9747962951660156,-1.1611769199371338
Val,0,8.711867849342525e-05,-0.20022806525230408,0.9805054664611816,-1.180733561515808,-0.1688944399356842,0.9676722884178162,-1.1365667581558228
Val,0,4.306761911720969e-05,-0.26096242666244507,0.9864653944969177,-1.2474278211593628,-0.228525772690773,0.9714888334274292,-1.200014591217041
Val,0,4.051730138598941e-05,-0.2565368413925171,0.9858638048171997,-1.2424006462097168,-0.2243380844593048,0.9707139730453491,-1.1950520277023315
Val,0,7.378803275059909e-05,-0.22458931803703308,0.9855129718780518,-1.2101023197174072,-0.19234250485897064,0.9753174781799316,-1.1676599979400635
Val,0,5.0029135309159756e-05,-0.2468164563179016,0.9843932390213013,-1.2312097549438477,-0.21520628035068512,0.9695302248001099,-1.1847364902496338
Val,0,5.3234445658745244e-05,-0.24237900972366333,0.9849308729171753,-1.2273099422454834,-0.21062442660331726,0.9717556238174438,-1.1823800802230835
Val,0,5.953313666395843e-05,-0.21564710140228271,0.9848016500473022,-1.200448751449585,-0.18328751623630524,0.9722385406494141,-1.155526041984558
Val,0,5.6031458370853215e-05,-0.2291060984134674,0.9891552925109863,-1.2182613611221313,-0.19686046242713928,0.9756863713264465,-1.1725468635559082
Val,0,9.657497867010534e-05,-0.17554067075252533,0.9840252995491028,-1.1595659255981445,-0.14301884174346924,0.9737867712974548,-1.1168055534362793
Val,0,8.961736602941528e-05,-0.17779847979545593,0.976607084274292,-1.1544055938720703,-0.14663851261138916,0.9655572175979614,-1.1121957302093506
Val,0,0.00010158478107769042,-0.179151251912117,0.9803924560546875,-1.159543752670288,-0.14662285149097443,0.9690724611282349,-1.1156953573226929
Val,0,4.597268343786709e-05,-0.2497849017381668,0.9819218516349792,-1.2317067384719849,-0.21827659010887146,0.9673798084259033,-1.1856564283370972
Val,0,5.0478560297051445e-05,-0.24567553400993347,0.9872428774833679,-1.232918381690979,-0.21383017301559448,0.9727285504341125,-1.186558723449707
Val,0,0.00010627167648635805,-0.15970861911773682,0.9842718839645386,-1.1439805030822754,-0.12707319855690002,0.9743594527244568,-1.1014326810836792
Val,0,6.2702783907298e-05,-0.21762269735336304,0.981438934803009,-1.199061632156372,-0.18637824058532715,0.9687161445617676,-1.1550943851470947
Val,0,7.059765630401671e-05,-0.19738861918449402,0.9867414236068726,-1.184130072593689,-0.1659611463546753,0.9743229746818542,-1.1402840614318848
Val,0,6.133774149930105e-05,-0.22585077583789825,0.9905754923820496,-1.2164262533187866,-0.19389571249485016,0.9771976470947266,-1.1710933446884155
Val,0,3.9883379940874875e-05,-0.266398549079895,0.9871601462364197,-1.25355863571167,-0.23429808020591736,0.9714159965515137,-1.2057141065597534
Val,0,0.00011888588778674603,-0.1641148328781128,0.9869304299354553,-1.151045322418213,-0.13215325772762299,0.9773855805397034,-1.1095387935638428
Val,0,4.999175143893808e-05,-0.2507854998111725,0.9878748059272766,-1.2386603355407715,-0.2185100018978119,0.9731737375259399,-1.1916837692260742
Val,0,6.598307663807645e-05,-0.2203367054462433,0.9883108735084534,-1.208647608757019,-0.1875292956829071,0.9753718972206116,-1.1629011631011963
Val,0,6.336833030218259e-05,-0.21715524792671204,0.9852460026741028,-1.2024012804031372,-0.1851518601179123,0.974190890789032,-1.1593427658081055
Val,0,5.47044983250089e-05,-0.22839584946632385,0.9882627129554749,-1.216658592224121,-0.1963368058204651,0.9744774103164673,-1.1708142757415771
Val,0,5.570434586843476e-05,-0.24517327547073364,0.9835913777351379,-1.2287646532058716,-0.2130054086446762,0.9693475961685181,-1.1823530197143555
Val,0,3.860499418806285e-05,-0.2765169143676758,0.9855797290802002,-1.262096643447876,-0.24367187917232513,0.96962970495224,-1.2133015394210815
Val,0,5.340569987311028e-05,-0.22621473670005798,0.9873510003089905,-1.213565707206726,-0.19399666786193848,0.9739797711372375,-1.1679763793945312
Val,0,9.256577322958037e-05,-0.18638598918914795,0.9825668334960938,-1.1689528226852417,-0.15368162095546722,0.971642017364502,-1.1253236532211304
Val,0,0.0001142460823757574,-0.16019603610038757,0.9871532917022705,-1.1473493576049805,-0.1278369277715683,0.9777204990386963,-1.1055574417114258
Val,0,3.752355769393034e-05,-0.2703193426132202,0.9844774007797241,-1.2547967433929443,-0.23828426003456116,0.9685063362121582,-1.206790566444397
Val,0,5.324002995621413e-05,-0.22755400836467743,0.9879557490348816,-1.2155097723007202,-0.19574736058712006,0.9739289283752441,-1.1696763038635254
Val,0,6.036877675796859e-05,-0.2178197205066681,0.984775185585022,-1.2025948762893677,-0.18614716827869415,0.971014142036438,-1.1571613550186157
Val,0,7.441580237355083e-05,-0.20879137516021729,0.9845861196517944,-1.1933774948120117,-0.1775277554988861,0.972022294998169,-1.1495500802993774
Val,0,9.286284330300987e-05,-0.19335609674453735,0.9792840480804443,-1.172640085220337,-0.16209863126277924,0.9690240025520325,-1.1311225891113281
Val,0,3.802133142016828e-05,-0.2726172208786011,0.9848016500473022,-1.2574188709259033,-0.240517720580101,0.9686358571052551,-1.2091535329818726
Val,0,4.3472238758113235e-05,-0.24619874358177185,0.9852240085601807,-1.231422781944275,-0.21411561965942383,0.9703537225723267,-1.1844693422317505
Val,0,5.133699596626684e-05,-0.23467403650283813,0.9873615503311157,-1.2220356464385986,-0.20247726142406464,0.9730819463729858,-1.175559163093567
Val,0,5.4491498303832486e-05,-0.24800848960876465,0.982869029045105,-1.2308775186538696,-0.21568980813026428,0.9680473804473877,-1.1837371587753296
Val,0,3.515948628773913e-05,-0.2807886004447937,0.9836518168449402,-1.2644404172897339,-0.2489272952079773,0.9670904278755188,-1.216017723083496
Val,0,4.405081199365668e-05,-0.24522832036018372,0.9835618734359741,-1.2287901639938354,-0.21352140605449677,0.968816339969635,-1.182337760925293
Val,0,6.6179629357066e-05,-0.21941165626049042,0.9871030449867249,-1.2065147161483765,-0.1874111294746399,0.9765765070915222,-1.163987636566162
Val,0,0.00015831088239792734,-0.14778155088424683,0.9857101440429688,-1.1334917545318604,-0.11477424949407578,0.9781129956245422,-1.092887282371521
Val,0,9.575983131071553e-05,-0.17655597627162933,0.9863390326499939,-1.1628949642181396,-0.1442287415266037,0.9756815433502197,-1.1199102401733398
Val,0,5.1845956477336586e-05,-0.2411128580570221,0.9854999780654907,-1.2266128063201904,-0.20907123386859894,0.9735190868377686,-1.182590365409851
Val,0,5.59112049813848e-05,-0.23493976891040802,0.9872623682022095,-1.222202181816101,-0.2030525505542755,0.9735820293426514,-1.1766345500946045
Val,0,2.905452492996119e-05,-0.29087650775909424,0.9800974726676941,-1.2709739208221436,-0.25895872712135315,0.9628742337226868,-1.2218329906463623
Val,0,3.5975739592686296e-05,-0.26869121193885803,0.9843959212303162,-1.2530871629714966,-0.2366601824760437,0.9686188697814941,-1.2052791118621826
Val,0,0.00010939043568214402,-0.16448841989040375,0.9856076836585999,-1.15009605884552,-0.1322794258594513,0.9754750728607178,-1.1077544689178467
Val,0,4.794775668415241e-05,-0.25652748346328735,0.9902654886245728,-1.2467930316925049,-0.22390471398830414,0.9756892919540405,-1.1995940208435059
Val,0,7.049237319733948e-05,-0.20092234015464783,0.9894795417785645,-1.1904019117355347,-0.168850839138031,0.9767559170722961,-1.1456067562103271
Val,0,4.931078728986904e-05,-0.2464970201253891,0.9848371744155884,-1.2313342094421387,-0.21463297307491302,0.9698337912559509,-1.1844667196273804
Val,0,9.67060259426944e-05,-0.18410061299800873,0.9911726713180542,-1.1752732992172241,-0.15122593939304352,0.9806259870529175,-1.1318519115447998
Val,0,5.0854705477831885e-05,-0.23142307996749878,0.9855043888092041,-1.2169275283813477,-0.19941100478172302,0.9712228775024414,-1.1706339120864868
Val,0,9.502067405264825e-05,-0.18947143852710724,0.9882962107658386,-1.1777676343917847,-0.15737411379814148,0.9773002862930298,-1.1346744298934937
Val,0,4.3215804907958955e-05,-0.2524033784866333,0.9883724451065063,-1.2407758235931396,-0.22017933428287506,0.9737452268600464,-1.1939245462417603
Val,0,0.0002895713842008263,-0.0816260278224945,0.9749440550804138,-1.056570053100586,-0.048844993114471436,0.9712609052658081,-1.0201058387756348
Val,0,4.368934969534166e-05,-0.2588982880115509,0.9826646447181702,-1.2415629625320435,-0.22682735323905945,0.9674280881881714,-1.1942554712295532
Val,0,9.525427594780922e-05,-0.18866832554340363,0.9844454526901245,-1.1731138229370117,-0.15684355795383453,0.9735971093177795,-1.1304407119750977
Val,0,7.031465793261304e-05,-0.21351304650306702,0.9846574068069458,-1.1981704235076904,-0.18183733522891998,0.9712976217269897,-1.1531349420547485
Val,0,3.3838463423307985e-05,-0.2782762050628662,0.9779613018035889,-1.256237506866455,-0.2461746484041214,0.961458683013916,-1.207633376121521
Val,0,4.015629747300409e-05,-0.2574703097343445,0.9873220324516296,-1.2447923421859741,-0.22493252158164978,0.9724313020706177,-1.1973638534545898
Val,0,4.9216549086850137e-05,-0.24510446190834045,0.9891247749328613,-1.2342292070388794,-0.212591752409935,0.9752487540245056,-1.187840461730957
Val,0,3.887898492394015e-05,-0.27862828969955444,0.9837486743927002,-1.2623770236968994,-0.24665632843971252,0.9675547480583191,-1.214211106300354
Val,0,9.572742419550195e-05,-0.19725225865840912,0.9878941178321838,-1.1851463317871094,-0.1648666113615036,0.9791847467422485,-1.1440513134002686
Val,0,7.55183573346585e-05,-0.20708009600639343,0.9885421991348267,-1.1956223249435425,-0.17529074847698212,0.9763058423995972,-1.1515965461730957
Val,0,6.805922748753801e-05,-0.20436955988407135,0.9828709363937378,-1.187240481376648,-0.17208094894886017,0.9699603915214539,-1.1420413255691528
Val,0,8.331096614710987e-05,-0.19888481497764587,0.9846498966217041,-1.1835347414016724,-0.16712191700935364,0.9727447628974915,-1.1398667097091675
Val,0,5.6644239521119744e-05,-0.2318599820137024,0.9835003018379211,-1.2153602838516235,-0.20024219155311584,0.9692909717559814,-1.169533133506775
Val,0,4.8327347030863166e-05,-0.24979786574840546,0.9845714569091797,-1.2343692779541016,-0.21746158599853516,0.9697055816650391,-1.1871671676635742
Val,0,4.022670691483654e-05,-0.2698543071746826,0.9867497086524963,-1.2566039562225342,-0.2373804748058319,0.9711213707923889,-1.2085018157958984
Val,0,7.042282959446311e-05,-0.19911950826644897,0.9842696785926819,-1.1833891868591309,-0.1678389459848404,0.9732345342636108,-1.14107346534729
Val,0,3.923018812201917e-05,-0.2605013847351074,0.9869147539138794,-1.2474161386489868,-0.22875772416591644,0.9713672399520874,-1.200124979019165
Val,0,4.9856160330818966e-05,-0.2426689714193344,0.9878615140914917,-1.2305305004119873,-0.21070975065231323,0.9749207496643066,-1.1856305599212646
Val,0,6.689521978842095e-05,-0.22473004460334778,0.9828340411186218,-1.207564115524292,-0.19314946234226227,0.9690042734146118,-1.162153720855713
Val,0,4.0424867620458826e-05,-0.2704363167285919,0.9822657704353333,-1.2527021169662476,-0.23843064904212952,0.9663071036338806,-1.2047377824783325
Val,0,5.47642630408518e-05,-0.23131826519966125,0.9871899485588074,-1.218508243560791,-0.19940470159053802,0.9748415946960449,-1.1742463111877441
Val,0,5.265212166705169e-05,-0.24223294854164124,0.984580397605896,-1.2268133163452148,-0.21056005358695984,0.9699866771697998,-1.180546760559082
Val,0,5.897046867175959e-05,-0.23494133353233337,0.9884594082832336,-1.2234007120132446,-0.20252741873264313,0.9745329022407532,-1.1770603656768799
Val,0,5.919392060604878e-05,-0.23594096302986145,0.9909090995788574,-1.2268500328063965,-0.20407748222351074,0.9778426289558411,-1.181920051574707
Val,0,5.056065856479108e-05,-0.2419309914112091,0.9864455461502075,-1.2283765077590942,-0.20973150432109833,0.974457859992981,-1.1841893196105957
Val,0,6.969435344217345e-05,-0.20207031071186066,0.9875085353851318,-1.189578890800476,-0.169748917222023,0.975401759147644,-1.1451506614685059
Val,0,8.404908294323832e-05,-0.20036807656288147,0.9815739989280701,-1.181942105293274,-0.16855882108211517,0.9689956903457642,-1.1375545263290405
Val,0,0.00015865027671679854,-0.1399514526128769,0.9874278903007507,-1.127379298210144,-0.10705356299877167,0.9793036580085754,-1.0863572359085083
Val,0,4.849335164180957e-05,-0.2436906397342682,0.9853267073631287,-1.2290173768997192,-0.21185468137264252,0.970271646976471,-1.1821262836456299
Val,0,6.174886220833287e-05,-0.21922540664672852,0.9848232269287109,-1.2040486335754395,-0.18698564171791077,0.9733812212944031,-1.1603668928146362
Val,0,0.00013156075146980584,-0.14392706751823425,0.9722756147384644,-1.116202712059021,-0.11284433305263519,0.9638323783874512,-1.0766767263412476
Val,0,6.570204277522862e-05,-0.22596758604049683,0.9859681129455566,-1.2119357585906982,-0.1942591369152069,0.973282516002655,-1.1675416231155396
Val,0,4.453265501069836e-05,-0.26057618856430054,0.9868502616882324,-1.2474265098571777,-0.228426992893219,0.9713042974472046,-1.1997313499450684
Val,0,8.526189776603132e-05,-0.18764910101890564,0.9856418371200562,-1.1732909679412842,-0.1556961089372635,0.9734371900558472,-1.1291333436965942
Val,0,4.7714580432511866e-05,-0.23904603719711304,0.9908095002174377,-1.2298555374145508,-0.20646782219409943,0.977113664150238,-1.1835814714431763
Val,0,5.826030610478483e-05,-0.22455398738384247,0.9873828887939453,-1.2119368314743042,-0.19251282513141632,0.973700225353241,-1.166213035583496
Val,0,5.8950736274709925e-05,-0.22569678723812103,0.9837498664855957,-1.209446668624878,-0.1944328099489212,0.9695256352424622,-1.1639584302902222
Val,0,5.765748210251331e-05,-0.22173850238323212,0.9861553311347961,-1.2078938484191895,-0.18980512022972107,0.9723085165023804,-1.1621136665344238
Val,0,7.671906496398151e-05,-0.20320701599121094,0.9879821538925171,-1.191189169883728,-0.17104469239711761,0.9779752492904663,-1.1490199565887451
Val,0,0.00010057224426418543,-0.1770375669002533,0.9893933534622192,-1.166430950164795,-0.14525824785232544,0.9787355065345764,-1.1239937543869019
Val,0,4.337691643740982e-05,-0.26906293630599976,0.98476243019104,-1.2538254261016846,-0.23741430044174194,0.9688225984573364,-1.2062368392944336
Val,0,9.525427594780922e-05,-0.1785002052783966,0.9828798770904541,-1.1613800525665283,-0.14646600186824799,0.9720615744590759,-1.1185275316238403
Val,0,4.2498300899751484e-05,-0.25027650594711304,0.9875481128692627,-1.2378246784210205,-0.21799640357494354,0.9726729393005371,-1.190669298171997
Val,0,4.297088162275031e-05,-0.2527935206890106,0.9857454895973206,-1.2385389804840088,-0.22060543298721313,0.9709265232086182,-1.1915318965911865
Val,0,5.1856539357686415e-05,-0.25731056928634644,0.9822458624839783,-1.2395564317703247,-0.22532881796360016,0.9673298001289368,-1.1926586627960205
Val,0,5.2656592743005604e-05,-0.241045743227005,0.9914979934692383,-1.232543706893921,-0.20903997123241425,0.9776750802993774,-1.186715006828308
Val,0,5.0689850468188524e-05,-0.24127788841724396,0.9893205165863037,-1.2305984497070312,-0.20915216207504272,0.9749566912651062,-1.184108853340149
Val,0,7.16644135536626e-05,-0.19906017184257507,0.9846530556678772,-1.1837131977081299,-0.16694381833076477,0.9723486304283142,-1.1392924785614014
Val,0,5.105042873765342e-05,-0.23797059059143066,0.9858949780464172,-1.2238655090332031,-0.20543530583381653,0.9716331958770752,-1.1770684719085693
Val,0,0.00015449061174876988,-0.14866122603416443,0.9799892902374268,-1.1286505460739136,-0.11582376807928085,0.9713698625564575,-1.0871936082839966
Val,0,4.033018194604665e-05,-0.2537761628627777,0.9877877831459045,-1.2415639162063599,-0.22156652808189392,0.9731257557868958,-1.1946922540664673
Val,0,4.7668825573055074e-05,-0.2516973912715912,0.9838913679122925,-1.235588788986206,-0.22028745710849762,0.9683510065078735,-1.18863844871521
Val,0,5.2298033551778644e-05,-0.24122878909111023,0.9869480133056641,-1.2281768321990967,-0.20956362783908844,0.9726641178131104,-1.1822277307510376
Val,0,3.288904554210603e-05,-0.2815866470336914,0.9844663739204407,-1.2660529613494873,-0.24967756867408752,0.9679114818572998,-1.217589020729065
Val,0,3.5060380469076335e-05,-0.2811935544013977,0.9823644757270813,-1.263558030128479,-0.24924933910369873,0.9656488299369812,-1.2148981094360352
Val,0,4.536489359452389e-05,-0.2477392554283142,0.9852945804595947,-1.2330338954925537,-0.21589787304401398,0.9699138402938843,-1.1858117580413818
Val,0,5.672478073392995e-05,-0.23148894309997559,0.988142728805542,-1.2196316719055176,-0.1991586685180664,0.9742411971092224,-1.1733999252319336
Val,0,7.954107422847301e-05,-0.20139288902282715,0.9819960594177246,-1.1833889484405518,-0.16917625069618225,0.9706684947013855,-1.1398447751998901
Val,0,6.193089939188212e-05,-0.2305605262517929,0.9847540855407715,-1.2153146266937256,-0.198574036359787,0.9719029664993286,-1.170477032661438
Val,0,7.019045733613893e-05,-0.20441411435604095,0.9875046014785767,-1.1919187307357788,-0.17190788686275482,0.9750649929046631,-1.146972894668579
Val,0,6.030795339029282e-05,-0.21811632812023163,0.9903624057769775,-1.2084786891937256,-0.18602949380874634,0.9772454500198364,-1.1632750034332275
Val,0,7.25037170923315e-05,-0.20570184290409088,0.9862093925476074,-1.191911220550537,-0.17365284264087677,0.973755955696106,-1.1474088430404663
Val,0,4.089641151949763e-05,-0.26389986276626587,0.9879487156867981,-1.251848578453064,-0.2315061241388321,0.9725766777992249,-1.2040828466415405
Val,0,0.00011541287676664069,-0.17220887541770935,0.9790725708007812,-1.151281476020813,-0.1397661715745926,0.9686387777328491,-1.1084049940109253
Val,0,8.144543971866369e-05,-0.20825600624084473,0.9886000752449036,-1.1968560218811035,-0.17558863759040833,0.9762340188026428,-1.1518226861953735
Val,0,5.8378049288876355e-05,-0.23375843465328217,0.9877440929412842,-1.2215025424957275,-0.2020062506198883,0.9740191698074341,-1.176025390625
Val,0,5.4991545766824856e-05,-0.2226438820362091,0.9837262034416199,-1.2063701152801514,-0.1908925622701645,0.9712302684783936,-1.1621228456497192
Val,0,5.209539449424483e-05,-0.23319858312606812,0.99150151014328,-1.2247000932693481,-0.2002863883972168,0.9783145189285278,-1.1786009073257446
Val,0,9.674973989604041e-05,-0.18320494890213013,0.9767289161682129,-1.1599338054656982,-0.15147414803504944,0.9661118388175964,-1.1175860166549683
Val,0,0.00011847462883451954,-0.16560900211334229,0.9833568334579468,-1.148965835571289,-0.1335352659225464,0.974152147769928,-1.1076874732971191
Val,0,0.00013018317986279726,-0.14013312757015228,0.9829012155532837,-1.1230343580245972,-0.10750693082809448,0.9740238189697266,-1.0815308094024658
Val,0,4.424979124451056e-05,-0.24291884899139404,0.98439621925354,-1.227315068244934,-0.2118055820465088,0.9708226323127747,-1.1826281547546387
Val,0,7.604189886478707e-05,-0.19581162929534912,0.9845045804977417,-1.1803162097930908,-0.16420577466487885,0.9719595909118652,-1.1361653804779053
Val,0,5.013176996726543e-05,-0.24312733113765717,0.9872285723686218,-1.2303558588027954,-0.21110478043556213,0.9727782011032104,-1.1838829517364502
Val,0,9.970179235097021e-05,-0.19280515611171722,0.9892790913581848,-1.1820842027664185,-0.16032393276691437,0.9805306792259216,-1.1408545970916748
Val,0,8.458892261842266e-05,-0.18877679109573364,0.9836498498916626,-1.172426700592041,-0.15663887560367584,0.9724717140197754,-1.12911057472229
Val,0,7.391846156679094e-05,-0.19890955090522766,0.9849016666412354,-1.1838111877441406,-0.1666877567768097,0.9724562168121338,-1.139143943786621
Val,0,4.042479122290388e-05,-0.2628278136253357,0.9826689958572388,-1.2454967498779297,-0.23083792626857758,0.966860294342041,-1.1976982355117798
Val,0,6.349451723508537e-05,-0.22137457132339478,0.9893229007720947,-1.2106974124908447,-0.18915031850337982,0.9785485863685608,-1.167698860168457
Val,0,4.2974155803676695e-05,-0.2530250549316406,0.9868104457855225,-1.239835500717163,-0.22050374746322632,0.9716839790344238,-1.192187786102295
Val,0,6.636213947786018e-05,-0.21021488308906555,0.9795405864715576,-1.1897554397583008,-0.17931368947029114,0.9681001901626587,-1.1474138498306274
Val,0,6.962547195143998e-05,-0.20460852980613708,0.9913620948791504,-1.1959706544876099,-0.17207130789756775,0.9800798892974854,-1.1521512269973755
Val,0,0.00023460041848011315,-0.10538408160209656,0.9753559827804565,-1.0807400941848755,-0.07288458943367004,0.9689285755157471,-1.0418131351470947
Val,0,7.748599455226213e-05,-0.19278357923030853,0.9813821315765381,-1.1741657257080078,-0.16135817766189575,0.9686360359191895,-1.1299941539764404
Val,0,8.252634870586917e-05,-0.20440445840358734,0.9890146255493164,-1.193419098854065,-0.17190773785114288,0.9777528047561646,-1.149660587310791
Val,0,7.27671358617954e-05,-0.201899453997612,0.9796570539474487,-1.1815564632415771,-0.17063122987747192,0.9682701230049133,-1.1389013528823853
Val,0,4.323179746279493e-05,-0.24344179034233093,0.9873235821723938,-1.2307653427124023,-0.21068529784679413,0.9729388356208801,-1.1836241483688354
Val,0,5.7666937209432945e-05,-0.2420612871646881,0.9860277771949768,-1.2280890941619873,-0.21028000116348267,0.973308801651001,-1.1835887432098389
Val,0,0.00011370429274393246,-0.1684684008359909,0.9844071269035339,-1.152875542640686,-0.1364322304725647,0.9741982221603394,-1.1106305122375488
Val,0,8.099489787127823e-05,-0.2043151706457138,0.9899993538856506,-1.1943144798278809,-0.17144200205802917,0.9781251549720764,-1.1495671272277832
Val,0,8.682574843987823e-05,-0.18101227283477783,0.9850631356239319,-1.1660754680633545,-0.14906825125217438,0.9737598896026611,-1.1228281259536743
Val,0,7.98757464508526e-05,-0.20103579759597778,0.9940128326416016,-1.1950485706329346,-0.1680409461259842,0.9830515384674072,-1.151092529296875
Val,0,9.229598799720407e-05,-0.18943080306053162,0.9826700687408447,-1.1721009016036987,-0.15727533400058746,0.9740173816680908,-1.131292700767517
Val,0,7.736453699180856e-05,-0.20428498089313507,0.9813232421875,-1.1856082677841187,-0.1725427210330963,0.9683716893196106,-1.1409144401550293
Val,0,0.0001691176585154608,-0.15662819147109985,0.9848744869232178,-1.1415026187896729,-0.12390441447496414,0.9757605195045471,-1.0996649265289307
Val,0,0.00015043423627503216,-0.14032268524169922,0.9769433736801147,-1.117266058921814,-0.10869951546192169,0.968254804611206,-1.0769543647766113
Val,0,4.758525756187737e-05,-0.25574278831481934,0.9871325492858887,-1.242875337600708,-0.22432516515254974,0.9723113179206848,-1.196636438369751
Val,0,3.6103730963077396e-05,-0.26810917258262634,0.9826536178588867,-1.2507628202438354,-0.2363366037607193,0.9662541151046753,-1.2025907039642334
Val,0,9.276690252590925e-05,-0.1908896267414093,0.9819789528846741,-1.1728686094284058,-0.15906891226768494,0.9719218015670776,-1.130990743637085
Val,0,4.832601189264096e-05,-0.23015524446964264,0.9898486137390137,-1.2200038433074951,-0.1977556347846985,0.976533055305481,-1.1742887496948242
Val,0,4.432555942912586e-05,-0.25409603118896484,0.9877732992172241,-1.241869330406189,-0.22200147807598114,0.9730151891708374,-1.195016622543335
Val,0,0.0004734827089123428,-0.049793727695941925,0.9503328800201416,-1.000126600265503,-0.018588274717330933,0.9454359412193298,-0.9640241861343384
Val,0,6.570580444531515e-05,-0.21667827665805817,0.9887495636940002,-1.205427885055542,-0.18429113924503326,0.9757125973701477,-1.1600037813186646
Val,0,3.701130117406137e-05,-0.26992031931877136,0.9866085648536682,-1.2565288543701172,-0.23788854479789734,0.9708439707756042,-1.2087324857711792
Val,0,0.00012451769725885242,-0.16954249143600464,0.9800236821174622,-1.1495661735534668,-0.13784053921699524,0.9712976217269897,-1.1091381311416626
Val,0,4.984912447980605e-05,-0.2394637167453766,0.9868357181549072,-1.2262994050979614,-0.2075350135564804,0.9737829566001892,-1.181317925453186
Val,0,0.00010860913607757539,-0.15825849771499634,0.9853360056877136,-1.14359450340271,-0.1258617788553238,0.9756848812103271,-1.1015466451644897
Val,0,4.0959715988719836e-05,-0.2668663263320923,0.9862046241760254,-1.2530709505081177,-0.23479509353637695,0.9703971743583679,-1.2051923274993896
Val,0,0.00014879365335218608,-0.14872948825359344,0.9824903011322021,-1.131219744682312,-0.11593069136142731,0.9739410281181335,-1.0898717641830444
Val,0,3.3363558031851426e-05,-0.27831557393074036,0.980137825012207,-1.258453369140625,-0.24618478119373322,0.963772177696228,-1.2099570035934448
Val,0,4.183475175523199e-05,-0.258542537689209,0.9852031469345093,-1.2437456846237183,-0.2271195650100708,0.9695266485214233,-1.1966462135314941
Val,0,6.967854278627783e-05,-0.21118280291557312,0.9890956878662109,-1.2002785205841064,-0.17844873666763306,0.9767758250236511,-1.1552245616912842
Val,0,6.207860860740766e-05,-0.23366469144821167,0.9866272211074829,-1.2202918529510498,-0.2012694776058197,0.9753800630569458,-1.176649570465088
Val,0,6.634784222114831e-05,-0.22475233674049377,0.9848427176475525,-1.2095950841903687,-0.19288302958011627,0.9710949063301086,-1.1639779806137085
Val,0,4.846792944590561e-05,-0.24938270449638367,0.989866316318512,-1.2392489910125732,-0.21691133081912994,0.9755086898803711,-1.1924200057983398
Val,0,5.491329648066312e-05,-0.2290111929178238,0.9861869215965271,-1.2151981592178345,-0.19668743014335632,0.9724059104919434,-1.169093370437622
Val,0,6.497982394648716e-05,-0.21188554167747498,0.9826474189758301,-1.1945329904556274,-0.18049633502960205,0.9715436697006226,-1.1520400047302246
Val,0,5.7384972024010494e-05,-0.23287193477153778,0.9852164387702942,-1.2180883884429932,-0.20095542073249817,0.973362386226654,-1.1743178367614746
Val,0,4.023851943202317e-05,-0.2547629177570343,0.9841177463531494,-1.2388806343078613,-0.22276559472084045,0.9689918756484985,-1.1917574405670166
Val,0,5.346348189050332e-05,-0.2365759015083313,0.9821428060531616,-1.2187187671661377,-0.20519326627254486,0.96892249584198,-1.174115777015686
Val,0,3.792786083067767e-05,-0.27627435326576233,0.9816415309906006,-1.2579158544540405,-0.2443392425775528,0.9650901556015015,-1.209429383277893
Val,0,4.706211984739639e-05,-0.247068852186203,0.9862756729125977,-1.233344554901123,-0.21558454632759094,0.9728690385818481,-1.1884535551071167
Val,0,5.356177280191332e-05,-0.22495263814926147,0.9851258993148804,-1.210078477859497,-0.19297757744789124,0.9711422920227051,-1.164119839668274
Val,0,5.1798859203699976e-05,-0.23670613765716553,0.9872031211853027,-1.2239092588424683,-0.20442168414592743,0.9731414318084717,-1.1775630712509155
Val,0,0.00011556714161997661,-0.1725529134273529,0.9873227477073669,-1.1598756313323975,-0.14056380093097687,0.9791514277458191,-1.1197152137756348
Val,0,9.398327529197559e-05,-0.18367792665958405,0.9850653409957886,-1.1687432527542114,-0.15113143622875214,0.9738249778747559,-1.1249563694000244
Val,0,6.151318666525185e-05,-0.23081794381141663,0.9862678647041321,-1.217085838317871,-0.19870734214782715,0.9748587608337402,-1.1735661029815674
Val,0,0.00014496174117084593,-0.13458603620529175,0.9759085774421692,-1.110494613647461,-0.10268187522888184,0.9668267965316772,-1.069508671760559
Val,0,6.98365256539546e-05,-0.21263845264911652,0.988160252571106,-1.200798749923706,-0.18001991510391235,0.9756343364715576,-1.1556541919708252
Val,0,4.702363730757497e-05,-0.2556639313697815,0.9869012236595154,-1.2425651550292969,-0.22352908551692963,0.9719972610473633,-1.195526361465454
Val,0,4.851680569117889e-05,-0.2412111461162567,0.9862081408500671,-1.2274192571640015,-0.2091129571199417,0.9715012907981873,-1.1806142330169678
Val,0,5.9838665038114414e-05,-0.22482052445411682,0.9860851168632507,-1.21090567111969,-0.19256260991096497,0.9722317457199097,-1.1647943258285522
Val,0,0.00028477763407863677,-0.0968029797077179,0.9704249501228333,-1.0672279596328735,-0.06402239203453064,0.9642328023910522,-1.0282552242279053
Val,0,4.684916348196566e-05,-0.2515326738357544,0.9855425357818604,-1.2370752096176147,-0.2198568880558014,0.9703356027603149,-1.190192461013794
Val,0,7.159698725445196e-05,-0.22153039276599884,0.9916658997535706,-1.2131962776184082,-0.1884160041809082,0.9799707531929016,-1.168386697769165
Val,0,0.00010708813351811841,-0.18929734826087952,0.9766291379928589,-1.165926456451416,-0.1577840894460678,0.9653789401054382,-1.1231629848480225
Val,0,3.427675983402878e-05,-0.2765060067176819,0.9823751449584961,-1.2588810920715332,-0.2446630299091339,0.9661593437194824,-1.210822343826294
Val,0,5.016481736674905e-05,-0.24190133810043335,0.9885430335998535,-1.2304444313049316,-0.20922960340976715,0.9743903279304504,-1.1836199760437012
Val,0,7.8974524512887e-05,-0.19038192927837372,0.9848525524139404,-1.1752344369888306,-0.15835124254226685,0.9732749462127686,-1.1316261291503906
Val,0,3.808552719419822e-05,-0.2567862570285797,0.9819113612174988,-1.2386976480484009,-0.22559931874275208,0.9674404263496399,-1.1930397748947144
Val,0,5.358644557418302e-05,-0.21837246417999268,0.9855591654777527,-1.2039315700531006,-0.1859649419784546,0.9721904993057251,-1.1581554412841797
Val,0,0.00013744636089541018,-0.1613801121711731,0.9845671653747559,-1.1459472179412842,-0.1295439600944519,0.9778217673301697,-1.1073657274246216
Val,0,0.00011489217285998166,-0.1657458245754242,0.9829229116439819,-1.1486687660217285,-0.13313600420951843,0.97314453125,-1.1062805652618408
Val,0,7.634532812517136e-05,-0.20260107517242432,0.9885150194168091,-1.1911160945892334,-0.17048026621341705,0.9761183261871338,-1.1465985774993896
Val,0,4.0312650526175275e-05,-0.26243501901626587,0.982386589050293,-1.244821548461914,-0.23042817413806915,0.9665027856826782,-1.196931004524231
Val,0,6.562584167113528e-05,-0.22217999398708344,0.9824610352516174,-1.2046409845352173,-0.19040434062480927,0.9694827795028687,-1.1598870754241943
Val,0,4.348111178842373e-05,-0.2598739266395569,0.9864885210990906,-1.2463624477386475,-0.2275017648935318,0.9718920588493347,-1.19939386844635
Val,0,9.643234079703689e-05,-0.17911165952682495,0.983770489692688,-1.1628820896148682,-0.14676153659820557,0.9730141162872314,-1.119775652885437
Val,0,5.643116674036719e-05,-0.22511444985866547,0.9899192452430725,-1.2150336503982544,-0.19269432127475739,0.9768713712692261,-1.1695656776428223
Val,0,0.00010220606054645032,-0.1906605064868927,0.9818370342254639,-1.1724975109100342,-0.15839186310768127,0.9701815843582153,-1.1285734176635742
Val,0,7.474672747775912e-05,-0.20672297477722168,0.9824063181877136,-1.18912935256958,-0.17471756041049957,0.9693984985351562,-1.1441160440444946
Val,0,3.598884723032825e-05,-0.2722107768058777,0.9843248724937439,-1.2565356492996216,-0.24009676277637482,0.9679919481277466,-1.208088755607605
Val,0,4.5040556869935244e-05,-0.2518045902252197,0.9826384782791138,-1.2344430685043335,-0.22012799978256226,0.969179630279541,-1.189307689666748
Val,0,4.135345443501137e-05,-0.27559638023376465,0.9824535250663757,-1.2580499649047852,-0.24373801052570343,0.9659900069236755,-1.2097280025482178
Val,0,5.2925021009286866e-05,-0.22875221073627472,0.9844597578048706,-1.213212013244629,-0.19738446176052094,0.9714040160179138,-1.1687884330749512
Val,1,0.8228073120117188,0.6880797147750854,0.446463942527771,0.24161577224731445,0.7076339721679688,0.4755573272705078,0.23207664489746094
Val,1,0.9999563694000244,0.9761248826980591,-0.2302454710006714,1.2063703536987305,0.9615767598152161,-0.19379647076129913,1.155373215675354
Val,1,0.999913215637207,0.9833994507789612,-0.19313782453536987,1.176537275314331,0.9722204804420471,-0.1561933010816574,1.1284137964248657
Val,1,0.9999163150787354,0.9788599014282227,-0.1968577355146408,1.1757175922393799,0.9670252799987793,-0.15935462713241577,1.1263799667358398
Val,1,0.9999045133590698,0.9893337488174438,-0.19109871983528137,1.1804324388504028,0.9790822863578796,-0.15353205800056458,1.1326143741607666
Val,1,0.9999278783798218,0.9849854707717896,-0.19772717356681824,1.1827126741409302,0.9730837941169739,-0.16065706312656403,1.1337409019470215
Val,1,0.9660218358039856,0.816979169845581,0.28835469484329224,0.5286244750022888,0.8304544687271118,0.32108333706855774,0.5093711614608765
Val,1,0.0010883796494454145,-0.004843093454837799,0.9536276459693909,-0.9584707617759705,0.02882268652319908,0.955277144908905,-0.926454484462738
Val,1,0.018436472862958908,0.25477999448776245,0.8253173828125,-0.5705373883247375,0.2873021364212036,0.8389793634414673,-0.5516772270202637
Val,1,0.9997095465660095,0.9641233682632446,-0.10826338082551956,1.0723867416381836,0.9591253995895386,-0.07029474526643753,1.0294201374053955
Val,1,0.9998828172683716,0.9855750799179077,-0.20629402995109558,1.1918691396713257,0.9752817153930664,-0.16854757070541382,1.143829345703125
Val,1,0.9994980096817017,0.9486631751060486,-0.06175695359706879,1.0104200839996338,0.9455974698066711,-0.025949515402317047,0.97154700756073
Val,1,0.9998940229415894,0.9797755479812622,-0.14941801130771637,1.1291935443878174,0.9698443412780762,-0.1129908636212349,1.0828351974487305
Val,1,0.9983184337615967,0.9443640112876892,0.022688142955303192,0.9216758608818054,0.9459514617919922,0.059114523231983185,0.8868369460105896
Val,1,0.9998722076416016,0.9881130456924438,-0.17005881667137146,1.1581718921661377,0.9792947173118591,-0.1329113245010376,1.112205982208252
Val,1,0.9998399019241333,0.9786033630371094,-0.14365136623382568,1.122254729270935,0.9704313278198242,-0.1069171130657196,1.0773484706878662
Val,1,0.7219992876052856,0.6792506575584412,0.49956947565078735,0.1796811819076538,0.7000420689582825,0.5282503366470337,0.17179173231124878
Val,1,0.9983915686607361,0.9359668493270874,0.025371676310896873,0.910595178604126,0.9371475577354431,0.060506969690322876,0.8766405582427979
Val,1,0.999958872795105,0.9754018783569336,-0.25214052200317383,1.2275424003601074,0.960334300994873,-0.21531125903129578,1.1756455898284912
Val,1,0.9995835423469543,0.9731656312942505,-0.09464555978775024,1.0678112506866455,0.9697697758674622,-0.05583316832780838,1.02560293674469
Val,1,0.9999470710754395,0.9747253656387329,-0.22772300243377686,1.2024483680725098,0.9608727693557739,-0.19129279255867004,1.1521655321121216
Val,1,0.9310926795005798,0.783182680606842,0.33271506428718567,0.45046761631965637,0.800657331943512,0.3670538663864136,0.4336034655570984
Val,1,0.9999388456344604,0.9768300652503967,-0.22487565875053406,1.2017056941986084,0.9633560180664062,-0.1877809464931488,1.1511369943618774
Val,1,0.003767167218029499,0.12283273041248322,0.9081387519836426,-0.7853060364723206,0.15554854273796082,0.9147940874099731,-0.7592455148696899
Val,1,0.9994743466377258,0.9716336727142334,-0.08663983643054962,1.0582735538482666,0.9689916968345642,-0.04854188114404678,1.017533540725708
Val,1,0.9978935122489929,0.9186514019966125,0.07139979302883148,0.8472515940666199,0.921079695224762,0.10681036859750748,0.8142693042755127
Val,1,0.9998217225074768,0.9831665754318237,-0.1735333353281021,1.1566998958587646,0.9750570058822632,-0.135212242603302,1.11026930809021
Val,1,0.8979859948158264,0.7408374547958374,0.38523510098457336,0.35560235381126404,0.7595152258872986,0.41772621870040894,0.34178900718688965
Val,1,0.9856182932853699,0.8587414026260376,0.2121366262435913,0.6466047763824463,0.868617832660675,0.24610775709152222,0.6225100755691528
Val,1,0.9999474287033081,0.984971284866333,-0.22443942725658417,1.2094106674194336,0.9716365933418274,-0.18715494871139526,1.1587915420532227
Val,1,0.9997411370277405,0.9728302955627441,-0.11439783871173859,1.0872281789779663,0.9656722545623779,-0.07765781134366989,1.0433300733566284
Val,1,0.9998007416725159,0.9808567762374878,-0.12551560997962952,1.106372356414795,0.9744745492935181,-0.08783148229122162,1.0623060464859009
Val,1,0.9998761415481567,0.9776538610458374,-0.16573330760002136,1.1433871984481812,0.9682157635688782,-0.12899217009544373,1.0972079038619995
Val,1,0.9995152950286865,0.9688165187835693,-0.09557750821113586,1.0643939971923828,0.9656129479408264,-0.05733358860015869,1.0229465961456299
Val,1,0.8255000114440918,0.7100077867507935,0.4602375626564026,0.24977022409439087,0.7312710881233215,0.49196016788482666,0.23931092023849487
Val,1,0.986822247505188,0.856293261051178,0.20919102430343628,0.6471022367477417,0.8666964769363403,0.2439366579055786,0.6227598190307617
Val,1,0.9999306201934814,0.9891066551208496,-0.21969042718410492,1.2087970972061157,0.9770489931106567,-0.1820613592863083,1.1591103076934814
Val,1,0.9136743545532227,0.7543562054634094,0.38165387511253357,0.37270233035087585,0.7722921967506409,0.41344308853149414,0.35884910821914673
Val,1,0.989772617816925,0.8521643280982971,0.19262772798538208,0.659536600112915,0.8604412078857422,0.22604994475841522,0.6343912482261658
Val,1,0.9947655200958252,0.8983680605888367,0.12541531026363373,0.7729527354240417,0.9059669375419617,0.16275909543037415,0.7432078123092651
Val,1,0.9990547299385071,0.9211903810501099,0.003220178186893463,0.9179701805114746,0.9204331636428833,0.038073085248470306,0.8823601007461548
Val,1,0.9998728036880493,0.9824001789093018,-0.16185110807418823,1.1442513465881348,0.9728448987007141,-0.12452960014343262,1.097374439239502
Val,1,0.999607264995575,0.969157338142395,-0.07493021339178085,1.044087529182434,0.9655978083610535,-0.03786148875951767,1.0034593343734741
Val,1,0.9991447925567627,0.9350918531417847,0.011302441358566284,0.923789381980896,0.9335467219352722,0.046935852617025375,0.8866108655929565
Val,1,0.9996022582054138,0.9662672281265259,-0.09842205792665482,1.0646892786026,0.9614776372909546,-0.06008629500865936,1.0215638875961304
Val,1,0.9971171617507935,0.9039697051048279,0.07533882558345795,0.8286308646202087,0.9079659581184387,0.11045550554990768,0.7975104451179504
Val,1,0.9998273849487305,0.9797621369361877,-0.1483071744441986,1.128069281578064,0.9720239043235779,-0.1103287860751152,1.082352638244629
Val,1,0.5399511456489563,0.6122461557388306,0.53482586145401,0.07742029428482056,0.6366943120956421,0.5616834759712219,0.07501083612442017
Val,1,0.9986968636512756,0.9156115055084229,0.024694282561540604,0.8909172415733337,0.915436863899231,0.05961249768733978,0.85582435131073
Val,1,0.9969714879989624,0.9198919534683228,0.07478503882884979,0.8451068997383118,0.9250300526618958,0.11198741942644119,0.8130426406860352
Val,1,0.9998094439506531,0.9800113439559937,-0.14223738014698029,1.1222487688064575,0.9730247259140015,-0.10527405887842178,1.078298807144165
Val,1,0.9999370574951172,0.97649085521698,-0.2058669626712799,1.1823577880859375,0.9638209342956543,-0.16921310126781464,1.1330339908599854
Val,1,0.999873161315918,0.9824624061584473,-0.15472695231437683,1.1371893882751465,0.9733301401138306,-0.11743652075529099,1.0907666683197021
Val,1,0.9998419284820557,0.9844851493835449,-0.15810120105743408,1.142586350440979,0.9760769605636597,-0.12106487900018692,1.0971418619155884
Val,1,0.999774158000946,0.9687123894691467,-0.12128741294145584,1.089999794960022,0.9615399837493896,-0.08467545360326767,1.0462154150009155
Val,1,0.9998414516448975,0.9772820472717285,-0.13852620124816895,1.1158082485198975,0.9691436886787415,-0.10158511996269226,1.0707287788391113
Val,1,0.9989204406738281,0.9526918530464172,-0.0049583800137043,0.9576502442359924,0.954521894454956,0.03287385404109955,0.9216480255126953
Val,1,0.9998873472213745,0.9782299995422363,-0.1738208532333374,1.1520508527755737,0.9688604474067688,-0.13632841408252716,1.1051888465881348
Val,1,0.9998883008956909,0.9834328889846802,-0.1737484633922577,1.1571813821792603,0.9732511043548584,-0.13628970086574554,1.1095408201217651
Val,1,0.9994663596153259,0.9575408101081848,-0.050448112189769745,1.0079889297485352,0.9554086327552795,-0.014122188091278076,0.9695308208465576
Val,1,0.13145087659358978,0.405460000038147,0.7241683602333069,-0.3187083601951599,0.4320581555366516,0.7415227890014648,-0.30946463346481323
Val,1,0.9998462200164795,0.9823799133300781,-0.14647480845451355,1.128854751586914,0.9740607738494873,-0.10972714424133301,1.0837879180908203
Val,1,0.9837021827697754,0.8284507393836975,0.24455448985099792,0.583896279335022,0.8388440608978271,0.2786840796470642,0.5601599812507629
Val,1,0.9996033310890198,0.9699625372886658,-0.07729842513799667,1.0472609996795654,0.9667341113090515,-0.03898319602012634,1.0057172775268555
Val,1,0.9997677206993103,0.9822474122047424,-0.13483870029449463,1.1170861721038818,0.9753900766372681,-0.09687390178442001,1.0722639560699463
Val,1,0.5564049482345581,0.5971091985702515,0.5601862668991089,0.03692293167114258,0.6215848922729492,0.587661623954773,0.03392326831817627
Val,1,0.9997404217720032,0.9710114002227783,-0.11151039600372314,1.0825217962265015,0.9654460549354553,-0.0750611200928688,1.040507197380066
Val,1,0.9956458210945129,0.9098877310752869,0.12479793280363083,0.7850897908210754,0.9156200289726257,0.16004472970962524,0.7555752992630005
Val,1,0.9992716908454895,0.9372683763504028,-0.03942146897315979,0.9766898155212402,0.9351851940155029,-0.003742959350347519,0.9389281272888184
Val,1,0.9997733235359192,0.9809938073158264,-0.12228402495384216,1.1032778024673462,0.9746068716049194,-0.08476957678794861,1.0593764781951904
Val,1,0.015894422307610512,0.22373463213443756,0.8539457321166992,-0.6302111148834229,0.2563095688819885,0.8665822744369507,-0.6102727055549622
Val,1,0.9891716837882996,0.8474810123443604,0.221775084733963,0.6257059574127197,0.8566073179244995,0.2551085948944092,0.6014987230300903
Val,1,0.9998059868812561,0.9812127947807312,-0.14145033061504364,1.122663140296936,0.9736286997795105,-0.10363323241472244,1.0772619247436523
Val,1,0.9997676014900208,0.969530463218689,-0.10643469542264938,1.075965166091919,0.9638902544975281,-0.0704401358962059,1.0343303680419922
Val,1,0.9999316930770874,0.98011314868927,-0.19549764692783356,1.1756107807159424,0.9679493308067322,-0.15886607766151428,1.1268154382705688
Val,1,0.9973180890083313,0.9360367059707642,0.05671141296625137,0.879325270652771,0.939757764339447,0.0935831218957901,0.8461746573448181
Val,1,0.9998284578323364,0.9705415368080139,-0.132816344499588,1.1033579111099243,0.961953341960907,-0.0962505042552948,1.0582038164138794
Val,1,0.9998242259025574,0.9768545031547546,-0.15222898125648499,1.129083514213562,0.9689658880233765,-0.11471644788980484,1.0836822986602783
Val,1,0.9998879432678223,0.9817912578582764,-0.16614457964897156,1.1479358673095703,0.9719458222389221,-0.128901407122612,1.1008472442626953
Val,1,0.9999094009399414,0.9839134812355042,-0.18636402487754822,1.17027747631073,0.9726904034614563,-0.1487342268228531,1.121424674987793
Val,1,0.9999548196792603,0.9785830974578857,-0.2459724247455597,1.224555492401123,0.9637247920036316,-0.2087065428495407,1.1724313497543335
Val,1,0.99991774559021,0.9821175932884216,-0.18632182478904724,1.1684393882751465,0.9708315134048462,-0.15009362995624542,1.1209251880645752
Val,1,0.9985886216163635,0.9355958700180054,0.020122630521655083,0.915473222732544,0.935631513595581,0.05515586584806442,0.880475640296936
Val,1,0.9991059899330139,0.9639831781387329,-0.017170321196317673,0.9811534881591797,0.9642766714096069,0.02114596962928772,0.9431307315826416
Val,1,0.9999107122421265,0.9825421571731567,-0.19507375359535217,1.1776158809661865,0.9717552661895752,-0.15778189897537231,1.1295371055603027
Val,1,0.9999171495437622,0.975906252861023,-0.18813073635101318,1.1640369892120361,0.9643657207489014,-0.15142770111560822,1.1157934665679932
Val,1,0.9999264478683472,0.9736251831054688,-0.2084011435508728,1.1820263862609863,0.9611539840698242,-0.17082783579826355,1.1319818496704102
Val,1,0.9998723268508911,0.982875406742096,-0.16052284836769104,1.1433982849121094,0.9733437299728394,-0.12354405224323273,1.0968878269195557
Val,1,0.9995881915092468,0.9416320323944092,-0.05716124176979065,0.9987932443618774,0.9363508224487305,-0.021849360316991806,0.9582001566886902
Val,1,0.9999045133590698,0.987481415271759,-0.19561542570590973,1.1830968856811523,0.9766737818717957,-0.15800729393959045,1.1346811056137085
Val,1,0.9998726844787598,0.9893834590911865,-0.17154347896575928,1.1609269380569458,0.9804466962814331,-0.1338508427143097,1.1142975091934204
Val,1,0.9999473094940186,0.9850795269012451,-0.22235237061977386,1.2074319124221802,0.9709924459457397,-0.1854943037033081,1.1564867496490479
Val,1,0.9568437337875366,0.8023948669433594,0.28183040022850037,0.5205644369125366,0.816960334777832,0.31524625420570374,0.5017141103744507
Val,1,0.9998792409896851,0.9716216921806335,-0.15272094309329987,1.124342679977417,0.962907075881958,-0.11546662449836731,1.078373670578003
Val,1,0.9998433589935303,0.9873535633087158,-0.15635663270950317,1.1437101364135742,0.9793851971626282,-0.11859972029924393,1.0979849100112915
Val,1,0.9998414516448975,0.9731283187866211,-0.13458573818206787,1.107714056968689,0.965693473815918,-0.09737981855869293,1.0630732774734497
Val,1,0.6167950630187988,0.6220784187316895,0.5173091888427734,0.10476922988891602,0.6456822752952576,0.5451697111129761,0.1005125641822815
Val,1,0.9998286962509155,0.9855341911315918,-0.1484607309103012,1.1339949369430542,0.9768779277801514,-0.1115216463804245,1.0883995294570923
Val,1,0.9901963472366333,0.8806838393211365,0.17996734380722046,0.700716495513916,0.8900717496871948,0.21602343022823334,0.6740483045578003
Val,1,0.9998844861984253,0.9802320003509521,-0.16699066758155823,1.147222638130188,0.970204770565033,-0.13019254803657532,1.1003973484039307
Val,1,0.9998534917831421,0.9841515421867371,-0.17122064530849457,1.155372142791748,0.9754849672317505,-0.133452370762825,1.108937382698059
Val,1,0.9998155236244202,0.9732863903045654,-0.1373983919620514,1.1106847524642944,0.9654156565666199,-0.10089833289384842,1.0663139820098877
Val,1,0.9926540851593018,0.8462852239608765,0.1499565839767456,0.6963286399841309,0.8528066873550415,0.18329286575317383,0.6695138216018677
Val,1,0.9998090863227844,0.97724449634552,-0.13055098056793213,1.1077954769134521,0.970175564289093,-0.09312646836042404,1.0633020401000977
Val,1,0.9959690570831299,0.9113365411758423,0.10605379939079285,0.805282711982727,0.9166208505630493,0.14248603582382202,0.7741348147392273
Val,1,0.9999277591705322,0.9809962511062622,-0.19510957598686218,1.1761058568954468,0.9690312147140503,-0.15792305767536163,1.1269543170928955
Val,1,0.9895666837692261,0.8827069997787476,0.16004428267478943,0.7226626873016357,0.8912686109542847,0.19596759974956512,0.6953009963035583
Val,1,0.9995934367179871,0.9735194444656372,-0.09668990224599838,1.0702093839645386,0.9692480564117432,-0.0592828094959259,1.0285308361053467
Val,1,0.9998658895492554,0.9780853986740112,-0.16904672980308533,1.147132158279419,0.969252347946167,-0.13093025982379913,1.1001826524734497
Val,1,0.9999220371246338,0.9897743463516235,-0.2312745749950409,1.2210489511489868,0.9777979254722595,-0.19352279603481293,1.1713206768035889
Val,1,0.9999228715896606,0.9871574640274048,-0.20286932587623596,1.1900267601013184,0.9753495454788208,-0.16517099738121033,1.1405205726623535
Val,1,0.9998300075531006,0.9762605428695679,-0.15373235940933228,1.129992961883545,0.9675568342208862,-0.11644307523965836,1.0839998722076416
Val,1,0.9999504089355469,0.9865535497665405,-0.2242712825536728,1.2108248472213745,0.9734731316566467,-0.18711602687835693,1.1605892181396484
Val,1,0.9945011138916016,0.8897236585617065,0.13635379076004028,0.7533698678016663,0.8960020542144775,0.17176681756973267,0.7242352366447449
Val,1,0.9996311664581299,0.9631947875022888,-0.0844506174325943,1.0476454496383667,0.9578142166137695,-0.04903634637594223,1.0068506002426147
Val,1,0.9999152421951294,0.9840532541275024,-0.19770488142967224,1.181758165359497,0.9729810953140259,-0.1602691262960434,1.1332502365112305
Val,1,0.9974809288978577,0.9226107597351074,0.04555075615644455,0.8770599961280823,0.9264938831329346,0.08233733475208282,0.8441565632820129
Val,1,0.9999470710754395,0.9822366237640381,-0.23531419038772583,1.2175507545471191,0.9685559868812561,-0.1983676254749298,1.1669236421585083
Val,1,0.9998362064361572,0.9712361693382263,-0.1335044950246811,1.1047406196594238,0.9633767604827881,-0.09723122417926788,1.0606080293655396
Val,1,0.9999614953994751,0.9812957048416138,-0.23650439083576202,1.2178001403808594,0.9669075012207031,-0.19967752695083618,1.1665849685668945
Val,1,0.999895453453064,0.9867318272590637,-0.1910926252603531,1.1778244972229004,0.9762668609619141,-0.1532551348209381,1.1295219659805298
Val,1,0.8483188152313232,0.6876308917999268,0.41727983951568604,0.2703510522842407,0.7072737216949463,0.44824540615081787,0.2590283155441284
Val,1,0.99985671043396,0.9770509600639343,-0.1497247815132141,1.1267757415771484,0.9688958525657654,-0.11383377760648727,1.0827295780181885
Val,1,0.999563992023468,0.9540480375289917,-0.05056878179311752,1.0046168565750122,0.9497469067573547,-0.013886045664548874,0.9636329412460327
Val,1,0.9999502897262573,0.967645525932312,-0.2547135353088379,1.22235906124115,0.952758252620697,-0.21752886474132538,1.1702871322631836
Val,1,0.9998927116394043,0.9838966727256775,-0.19310306012630463,1.1769996881484985,0.9737292528152466,-0.15568432211875916,1.1294136047363281
Val,1,0.9994828701019287,0.9592559337615967,-0.046023618429899216,1.005279541015625,0.9566190242767334,-0.010098081082105637,0.9667171239852905
Val,1,0.9999352693557739,0.9792152643203735,-0.19441018998622894,1.1736254692077637,0.9664000272750854,-0.1580994725227356,1.1244995594024658
Val,1,0.9872216582298279,0.8492398262023926,0.20806264877319336,0.6411771774291992,0.8599650263786316,0.24345436692237854,0.6165106296539307
Val,1,0.8993980884552002,0.7597723007202148,0.3685159683227539,0.39125633239746094,0.7763465046882629,0.39895954728126526,0.3773869574069977
Val,1,0.9998087286949158,0.9790568351745605,-0.1368277370929718,1.11588454246521,0.9712010025978088,-0.09992149472236633,1.0711225271224976
Val,1,0.9982513785362244,0.9274645447731018,0.02720661461353302,0.90025794506073,0.9293291568756104,0.06368261575698853,0.8656465411186218
Val,1,0.9996364116668701,0.9710838794708252,-0.06730395555496216,1.0383877754211426,0.9676385521888733,-0.030239686369895935,0.9978782534599304
Val,1,0.9998394250869751,0.9780531525611877,-0.1352335512638092,1.1132867336273193,0.9703603982925415,-0.09829391539096832,1.0686542987823486
Val,1,0.9985308647155762,0.9527889490127563,0.023943200707435608,0.9288457632064819,0.954565703868866,0.06120624765753746,0.8933594822883606
Val,1,0.9998726844787598,0.9763822555541992,-0.15136229991912842,1.1277445554733276,0.9669478535652161,-0.11550532281398773,1.0824531316757202
Val,1,0.9913414120674133,0.8958600759506226,0.13472828269004822,0.761131763458252,0.9044364094734192,0.17112286388874054,0.7333135604858398
Val,1,0.9958628416061401,0.9128444194793701,0.10951758921146393,0.8033268451690674,0.9182156324386597,0.14499524235725403,0.773220419883728
Val,1,0.9998204112052917,0.9661873579025269,-0.13387353718280792,1.1000609397888184,0.9586700797080994,-0.09753678739070892,1.0562068223953247
Val,1,0.9995988011360168,0.9666975736618042,-0.09372028708457947,1.060417890548706,0.9624496698379517,-0.05713652819395065,1.019586205482483
Val,1,0.9992528557777405,0.9625221490859985,-0.043904490768909454,1.0064266920089722,0.961519181728363,-0.0065922923386096954,0.9681114554405212
Val,1,0.998590886592865,0.9346061944961548,0.05602246895432472,0.8785837292671204,0.9354141354560852,0.09220150113105774,0.8432126045227051
Val,1,0.999953031539917,0.9761438369750977,-0.23289474844932556,1.2090386152267456,0.9616910219192505,-0.19600486755371094,1.1576958894729614
Val,1,0.9999533891677856,0.9808768033981323,-0.22910502552986145,1.2099817991256714,0.9665974974632263,-0.19227434694766998,1.1588718891143799
Val,1,0.9998770952224731,0.9753913879394531,-0.17553645372390747,1.1509277820587158,0.9656009674072266,-0.13750047981739044,1.1031014919281006
Val,1,0.9998691082000732,0.9802954196929932,-0.15832233428955078,1.138617753982544,0.9719778299331665,-0.12082489579916,1.0928027629852295
Val,1,0.9999408721923828,0.9698668718338013,-0.24385815858840942,1.2137250900268555,0.9559633135795593,-0.20634619891643524,1.1623095273971558
Val,1,0.9999207258224487,0.9817335605621338,-0.20066657662391663,1.182400107383728,0.9697788953781128,-0.16330435872077942,1.1330832242965698
Val,1,0.9999562501907349,0.9738332033157349,-0.22933745384216309,1.203170657157898,0.9588403701782227,-0.19303151965141296,1.151871919631958
Val,1,0.999934196472168,0.98572838306427,-0.2211558073759079,1.2068841457366943,0.9727952480316162,-0.18372221291065216,1.156517505645752
Val,1,0.9997665286064148,0.9749203324317932,-0.11572447419166565,1.0906448364257812,0.9671448469161987,-0.07933473587036133,1.04647958278656
Val,1,0.999924898147583,0.9872559309005737,-0.20297430455684662,1.1902302503585815,0.975735068321228,-0.1659613847732544,1.1416964530944824
Val,1,0.9999493360519409,0.9877806901931763,-0.21935780346393585,1.2071385383605957,0.974745512008667,-0.1821708381175995,1.1569163799285889
Val,1,0.9998501539230347,0.9800155162811279,-0.16123038530349731,1.1412458419799805,0.9715217351913452,-0.12319477647542953,1.0947165489196777
Val,1,0.9994018077850342,0.9446674585342407,-0.05956415832042694,1.004231572151184,0.9419094920158386,-0.024335071444511414,0.9662445783615112
Val,1,0.9996541738510132,0.9683225750923157,-0.09143337607383728,1.0597559213638306,0.963055431842804,-0.05443105474114418,1.0174864530563354
Val,1,0.9998741149902344,0.976828396320343,-0.17171429097652435,1.1485426425933838,0.9673107862472534,-0.1353565901517868,1.1026673316955566
Val,1,0.9999278783798218,0.9865028858184814,-0.2141999453306198,1.2007027864456177,0.974431037902832,-0.17686380445957184,1.1512948274612427
Val,1,0.9983711838722229,0.940041184425354,0.01961553655564785,0.9204256534576416,0.9411901235580444,0.0559903085231781,0.885199785232544
Val,1,0.9993011951446533,0.9601362943649292,-0.03801141679286957,0.99814772605896,0.9585771560668945,-0.0015303492546081543,0.9601075053215027
Val,1,0.9999324083328247,0.985592246055603,-0.23237314820289612,1.2179653644561768,0.9731251001358032,-0.1948862373828888,1.1680113077163696
Val,1,0.999797523021698,0.9855257272720337,-0.12925589084625244,1.1147816181182861,0.978510320186615,-0.09183278679847717,1.0703431367874146
Val,1,0.99868243932724,0.9227146506309509,0.057235971093177795,0.8654786944389343,0.9234294295310974,0.09276491403579712,0.8306645154953003
Val,1,0.997529923915863,0.9192367792129517,0.08133247494697571,0.8379043340682983,0.9219748973846436,0.11656098067760468,0.8054139018058777
Val,1,0.9990205764770508,0.9522782564163208,-0.00604555569589138,0.9583238363265991,0.9528358578681946,0.03154595196247101,0.9212899208068848
Val,1,0.9999606609344482,0.9809397459030151,-0.253773033618927,1.234712839126587,0.9657503366470337,-0.21693086624145508,1.1826812028884888
Val,1,0.9997532963752747,0.9728879332542419,-0.10753592848777771,1.0804238319396973,0.9666287302970886,-0.07115389406681061,1.0377826690673828
Val,1,0.9997338652610779,0.9779759645462036,-0.12430170923471451,1.1022776365280151,0.9722076058387756,-0.08602149039506912,1.0582290887832642
Val,1,0.8063123226165771,0.6967660188674927,0.42676836252212524,0.26999765634536743,0.7171255350112915,0.4583463668823242,0.2587791681289673
Val,1,0.9999072551727295,0.9762645959854126,-0.17689871788024902,1.1531633138656616,0.9657278060913086,-0.1396971046924591,1.1054248809814453
Val,1,0.04581265524029732,0.2934712767601013,0.8112174272537231,-0.5177461504936218,0.325486958026886,0.827866792678833,-0.502379834651947
Val,1,0.9999247789382935,0.9753893613815308,-0.19684693217277527,1.1722363233566284,0.9634547233581543,-0.1595751941204071,1.1230299472808838
Val,1,0.9459903240203857,0.8008747696876526,0.28607234358787537,0.5148024559020996,0.816666305065155,0.3205351233482361,0.49613118171691895
Val,1,0.4497755765914917,0.5564314723014832,0.6059341430664062,-0.049502670764923096,0.5814769268035889,0.6322224736213684,-0.05074554681777954
Val,1,0.7414954900741577,0.6459181308746338,0.49986350536346436,0.14605462551116943,0.6658927202224731,0.5268155336380005,0.13907718658447266
Val,1,0.9997889399528503,0.9760857820510864,-0.12455043196678162,1.1006362438201904,0.9692761301994324,-0.08651511371135712,1.0557912588119507
Val,1,0.9993754029273987,0.9692836999893188,-0.04578370228409767,1.015067458152771,0.9678291082382202,-0.007885713130235672,0.9757148027420044
Val,1,0.9989553689956665,0.9465636014938354,-0.017101319506764412,0.9636649489402771,0.9461987614631653,0.020799793303012848,0.9253989458084106
Val,1,0.9998387098312378,0.9771575331687927,-0.15092885494232178,1.1280863285064697,0.9695906639099121,-0.11281127482652664,1.082401990890503
Val,1,0.9999222755432129,0.9746774435043335,-0.20058226585388184,1.1752597093582153,0.9620834589004517,-0.16406410932540894,1.1261475086212158
Val,1,0.9998459815979004,0.9868094325065613,-0.15994317829608917,1.1467525959014893,0.9782602787017822,-0.12154258042573929,1.099802851676941
Val,1,0.9727224707603455,0.8154406547546387,0.26081979274749756,0.5546208620071411,0.8287426233291626,0.2951911687850952,0.5335514545440674
Val,1,0.9999163150787354,0.9874079823493958,-0.19480755925178528,1.1822155714035034,0.9762445688247681,-0.15683875977993011,1.1330833435058594
Val,1,0.9998041987419128,0.9694080352783203,-0.12150806188583374,1.0909161567687988,0.9625924229621887,-0.08498705178499222,1.0475795269012451
Val,1,0.9898717999458313,0.8778454661369324,0.17215818166732788,0.7056872844696045,0.8870893120765686,0.20806200802326202,0.6790273189544678
Val,1,0.9993886947631836,0.9471383094787598,-0.04333629459142685,0.9904745817184448,0.9448461532592773,-0.0075614117085933685,0.9524075388908386
Val,1,0.9999462366104126,0.9862459897994995,-0.23781616985797882,1.224062204360962,0.9727481603622437,-0.20069620013237,1.173444390296936
Val,1,0.999933123588562,0.9817819595336914,-0.19983655214309692,1.1816184520721436,0.9696191549301147,-0.16310817003250122,1.1327273845672607
Val,1,0.9975404739379883,0.9157291054725647,0.08083289861679077,0.8348962068557739,0.9200544953346252,0.11635124683380127,0.803703248500824
Val,1,0.9036509394645691,0.756989598274231,0.38276761770248413,0.3742219805717468,0.7748416066169739,0.41386085748672485,0.360980749130249
Val,1,0.9995371103286743,0.9619452953338623,-0.06786517798900604,1.0298104286193848,0.9590526819229126,-0.03053690493106842,0.9895895719528198
Val,1,0.9997153878211975,0.9693491458892822,-0.10355285555124283,1.072901964187622,0.9645987153053284,-0.06651706248521805,1.0311157703399658
Val,1,0.9997653365135193,0.9593968391418457,-0.10982384532690048,1.0692206621170044,0.9538190364837646,-0.07302417606115341,1.0268431901931763
Val,1,0.9998761415481567,0.9857742786407471,-0.165792778134346,1.1515671014785767,0.9758428335189819,-0.12836433947086334,1.104207158088684
Val,1,0.9743252396583557,0.832412600517273,0.26608383655548096,0.566328763961792,0.8452718257904053,0.3001699149608612,0.5451018810272217
Val,1,0.02057681977748871,0.2738148272037506,0.8420708179473877,-0.5682560205459595,0.30482780933380127,0.8552087545394897,-0.5503809452056885
Val,1,0.9988957643508911,0.9474244117736816,0.0016199368983507156,0.9458044767379761,0.9477172493934631,0.038301531225442886,0.9094157218933105
Val,1,0.9999297857284546,0.986657440662384,-0.20610272884368896,1.1927602291107178,0.9751901626586914,-0.16863951086997986,1.1438297033309937
Val,1,0.9990342855453491,0.9504212141036987,-0.001330845057964325,0.9517520666122437,0.950059711933136,0.03458843752741814,0.9154712557792664
Val,1,0.9998542070388794,0.9861215353012085,-0.165162593126297,1.151284098625183,0.9780583381652832,-0.1275026798248291,1.1055610179901123
Val,1,0.0034001392778009176,0.10189162194728851,0.9068145751953125,-0.8049229383468628,0.13367347419261932,0.9119694232940674,-0.7782959342002869
Val,1,0.9995518326759338,0.949475884437561,-0.059054482728242874,1.0085303783416748,0.9458447694778442,-0.022341564297676086,0.9681863188743591
Val,1,0.0019616400822997093,0.05428002402186394,0.9351575374603271,-0.8808774948120117,0.0878894180059433,0.9381541013717651,-0.8502646684646606
Val,1,0.9944372177124023,0.8902109861373901,0.12417001277208328,0.7660409808158875,0.8972907066345215,0.15836134552955627,0.7389293909072876
Val,1,0.9394622445106506,0.7908356189727783,0.3118404746055603,0.478995144367218,0.8077715635299683,0.3467862010002136,0.46098536252975464
Val,1,0.9999326467514038,0.9788974523544312,-0.21972118318080902,1.1986186504364014,0.966102123260498,-0.18262846767902374,1.1487306356430054
Val,1,0.9997091889381409,0.9601072072982788,-0.0902126133441925,1.050319790840149,0.9548771977424622,-0.05414917320013046,1.0090264081954956
Val,1,0.9995118379592896,0.9684501886367798,-0.08943775296211243,1.0578879117965698,0.9641184210777283,-0.051849063485860825,1.0159674882888794
Val,1,0.9998596906661987,0.9791214466094971,-0.14770454168319702,1.1268260478973389,0.969876766204834,-0.11093835532665253,1.080815076828003
Val,1,0.8767895102500916,0.728866696357727,0.388552725315094,0.34031397104263306,0.7493698596954346,0.4225332736968994,0.32683658599853516
Val,1,0.9999445676803589,0.9814184308052063,-0.21957126259803772,1.2009897232055664,0.9688403010368347,-0.18260490894317627,1.1514451503753662
Val,1,0.9965231418609619,0.9094364643096924,0.06903458386659622,0.8404018878936768,0.9140589237213135,0.1063387393951416,0.8077201843261719
Val,1,0.9835514426231384,0.8098346590995789,0.22412662208080292,0.5857080221176147,0.8205211162567139,0.2568364441394806,0.5636847019195557
Val,1,0.9999202489852905,0.9744291305541992,-0.19534796476364136,1.1697771549224854,0.9622229337692261,-0.15889903903007507,1.1211220026016235
Val,1,0.9978443384170532,0.9142012596130371,0.042438603937625885,0.8717626333236694,0.9180620312690735,0.0789233073592186,0.8391387462615967
Val,1,0.9999330043792725,0.9851834774017334,-0.19437649846076965,1.1795599460601807,0.9728357791900635,-0.15805713832378387,1.1308928728103638
Val,1,0.9998656511306763,0.9767299890518188,-0.16842079162597656,1.1451507806777954,0.9669437408447266,-0.13136586546897888,1.0983096361160278
Val,1,0.9998410940170288,0.9772682189941406,-0.15686748921871185,1.1341357231140137,0.9679883718490601,-0.12017077952623367,1.088159203529358
Val,1,0.9715725779533386,0.8256095051765442,0.2606779932975769,0.5649315118789673,0.8392345905303955,0.2954644560813904,0.5437701344490051
Val,1,0.9995383024215698,0.9674580097198486,-0.07284180074930191,1.0402997732162476,0.9632912278175354,-0.03684866800904274,1.0001399517059326
Val,1,0.9987885355949402,0.9511146545410156,-0.013762665912508965,0.9648773074150085,0.9515193700790405,0.024692563340067863,0.9268268346786499
Val,1,0.9999477863311768,0.9830489158630371,-0.22096848487854004,1.2040174007415771,0.9697638154029846,-0.1843295842409134,1.1540933847427368
Val,1,0.99992835521698,0.9795469045639038,-0.20649802684783936,1.1860449314117432,0.9680182933807373,-0.16920730471611023,1.13722562789917
Val,1,0.9846644997596741,0.837857186794281,0.20455501973628998,0.6333021521568298,0.8476312756538391,0.23786047101020813,0.6097707748413086
Val,1,0.999934196472168,0.9813048839569092,-0.202296182513237,1.1836010217666626,0.9684044718742371,-0.16506238281726837,1.1334668397903442
Val,1,0.9995800852775574,0.9702272415161133,-0.08564839512109756,1.0558756589889526,0.9667226076126099,-0.047658778727054596,1.0143814086914062
Val,1,0.26581433415412903,0.48338741064071655,0.6646473407745361,-0.18125993013381958,0.50949627161026,0.6863726377487183,-0.17687636613845825
Val,1,0.9998959302902222,0.9743499159812927,-0.16416147351264954,1.1385114192962646,0.9635694622993469,-0.1283501833677292,1.0919196605682373
Val,1,0.9994648098945618,0.9551852345466614,-0.042916543781757355,0.9981017708778381,0.9518769383430481,-0.00788833200931549,0.9597652554512024
Val,1,0.9997212290763855,0.974453330039978,-0.10156084597110748,1.0760141611099243,0.9679614901542664,-0.06436283886432648,1.0323243141174316
Val,1,0.9942581653594971,0.8866845965385437,0.10868841409683228,0.7779961824417114,0.8926530480384827,0.1437320113182068,0.7489210367202759
Val,1,0.9928907155990601,0.8869066834449768,0.14594054222106934,0.7409661412239075,0.8941234946250916,0.18041683733463287,0.7137066721916199
Val,1,0.9998948574066162,0.9782117605209351,-0.16229818761348724,1.1405099630355835,0.9685143232345581,-0.12546123564243317,1.09397554397583
Val,1,0.9995336532592773,0.9703994989395142,-0.06196943670511246,1.0323688983917236,0.9671301245689392,-0.025056079030036926,0.9921861886978149
Val,1,0.9995484948158264,0.966688871383667,-0.05019674822688103,1.0168856382369995,0.9634109735488892,-0.01448051631450653,0.9778915047645569
Val,1,0.9998751878738403,0.9762912392616272,-0.14230303466320038,1.1185942888259888,0.9672302007675171,-0.10589757561683655,1.0731277465820312
Val,1,0.9990459084510803,0.9361605644226074,-0.005443185567855835,0.9416037797927856,0.9366167187690735,0.03101152367889881,0.9056051969528198
Val,1,0.9987201690673828,0.9470500946044922,0.01406773179769516,0.9329823851585388,0.9482037425041199,0.05100236460566521,0.8972013592720032
Val,1,0.9433462023735046,0.7703653573989868,0.313832551240921,0.4565328061580658,0.7859342098236084,0.347434401512146,0.4384998083114624
Val,1,0.999565064907074,0.953799843788147,-0.07462164759635925,1.0284215211868286,0.9496946334838867,-0.03794717788696289,0.9876418113708496
Val,1,0.030230602249503136,0.2855648994445801,0.813267707824707,-0.527702808380127,0.31612351536750793,0.8261215090751648,-0.5099979639053345
Val,1,0.9995423555374146,0.9601893424987793,-0.054616644978523254,1.0148060321807861,0.9566178321838379,-0.019288577139377594,0.9759064316749573
Val,1,0.9994521737098694,0.9537701606750488,-0.025912411510944366,0.9796825647354126,0.9510968327522278,0.009645812213420868,0.9414510130882263
Val,1,0.9906067848205566,0.8596076369285583,0.1799987107515335,0.679608941078186,0.868202805519104,0.21447381377220154,0.6537289619445801
Val,1,0.9999586343765259,0.981859564781189,-0.2414768636226654,1.2233364582061768,0.9678640961647034,-0.20478998124599457,1.1726540327072144
Val,1,0.9995135068893433,0.968376874923706,-0.07171419262886047,1.0400910377502441,0.964286208152771,-0.03467962145805359,0.998965859413147
Val,1,0.9999270439147949,0.9812929630279541,-0.1924424171447754,1.1737353801727295,0.9689350128173828,-0.1554541438817978,1.1243891716003418
Val,1,0.9999219179153442,0.983144998550415,-0.198743999004364,1.1818890571594238,0.971706211566925,-0.16108585894107819,1.1327921152114868
Val,1,0.9998443126678467,0.9707368612289429,-0.16183888912200928,1.1325757503509521,0.9619715213775635,-0.1246907114982605,1.0866622924804688
Val,1,0.9997411370277405,0.9713419675827026,-0.11936306208372116,1.0907050371170044,0.9654807448387146,-0.0828152671456337,1.0482959747314453
Val,1,0.9997804760932922,0.9759617447853088,-0.1027243584394455,1.0786861181259155,0.9698426723480225,-0.06576313078403473,1.035605788230896
Val,1,0.9389106631278992,0.7800448536872864,0.3332674503326416,0.4467774033546448,0.7957190275192261,0.3658210039138794,0.4298980236053467
Val,1,0.9998843669891357,0.979769229888916,-0.1899930238723755,1.1697622537612915,0.9693042039871216,-0.153079554438591,1.122383713722229
Val,1,0.9109110236167908,0.7752243280410767,0.3543538451194763,0.42087048292160034,0.7912303805351257,0.38626721501350403,0.4049631655216217
Val,1,0.0216197669506073,0.2399885356426239,0.8319331407546997,-0.5919445753097534,0.27067095041275024,0.8424937725067139,-0.5718228220939636
Val,1,0.0031185836996883154,0.09653691947460175,0.9032607078552246,-0.8067237734794617,0.12684854865074158,0.9068062901496887,-0.7799577713012695
Val,1,0.9999186992645264,0.9837158918380737,-0.17744073271751404,1.1611566543579102,0.9730139970779419,-0.14087353646755219,1.1138875484466553
Val,1,0.9999099969863892,0.9854025840759277,-0.18969210982322693,1.175094723701477,0.9742318391799927,-0.15261071920394897,1.1268424987792969
Val,1,0.9999148845672607,0.9853977560997009,-0.2053404599428177,1.1907382011413574,0.9740890264511108,-0.16828252375125885,1.1423715353012085
Val,1,0.9997236132621765,0.9676036238670349,-0.11082473397254944,1.0784283876419067,0.9622483253479004,-0.07329152524471283,1.0355398654937744
Val,1,0.9998726844787598,0.9836147427558899,-0.1518649011850357,1.1354796886444092,0.974615216255188,-0.1149490475654602,1.089564323425293
Val,1,0.9976041913032532,0.9298337697982788,0.05437064915895462,0.8754631280899048,0.9338133931159973,0.09152833372354507,0.8422850370407104
Val,1,0.9978591799736023,0.9233375787734985,0.05531728267669678,0.8680202960968018,0.9263347387313843,0.09108781814575195,0.8352469205856323
Val,1,0.997931957244873,0.9160838723182678,0.06343455612659454,0.8526493310928345,0.9191774129867554,0.09900061786174774,0.8201767802238464
Val,1,0.9985478520393372,0.9198902249336243,0.0234958715736866,0.8963943719863892,0.9203252792358398,0.057153936475515366,0.8631713390350342
Val,1,0.9999432563781738,0.9766054749488831,-0.2290901243686676,1.205695629119873,0.9632515907287598,-0.19194547832012177,1.155197024345398
Val,1,0.9996962547302246,0.9599777460098267,-0.08921700716018677,1.0491948127746582,0.9549566507339478,-0.05242481827735901,1.0073814392089844
Val,1,0.9989721775054932,0.9499902725219727,-0.0010953526943922043,0.95108562707901,0.9500476121902466,0.03555119037628174,0.9144964218139648
Val,1,0.9980712532997131,0.9399507641792297,0.05495882034301758,0.8849919438362122,0.9429508447647095,0.09132911264896393,0.8516217470169067
Val,1,0.9998924732208252,0.9893184900283813,-0.18630801141262054,1.175626516342163,0.979602575302124,-0.14808616042137146,1.1276887655258179
Val,1,0.9839486479759216,0.82254958152771,0.2242213934659958,0.598328173160553,0.832261323928833,0.2567187249660492,0.5755425691604614
Val,1,0.9997798800468445,0.9697474241256714,-0.14749950170516968,1.1172468662261963,0.9623826742172241,-0.10939119756221771,1.071773886680603
Val,1,0.9992683529853821,0.94889897108078,-0.040493402630090714,0.9893923997879028,0.947248101234436,-0.0030305609107017517,0.950278639793396
Val,1,0.9997521042823792,0.9831073880195618,-0.10811889916658401,1.09122633934021,0.9771501421928406,-0.07009166479110718,1.0472418069839478
Val,1,0.9998906850814819,0.9800134897232056,-0.1680223047733307,1.1480357646942139,0.9702907204627991,-0.1309039443731308,1.1011946201324463
Val,1,0.9996923208236694,0.9689435958862305,-0.10753437876701355,1.0764780044555664,0.9642976522445679,-0.07004255056381226,1.0343401432037354
Val,1,0.8414776921272278,0.6994639039039612,0.4504261016845703,0.24903780221939087,0.7178719639778137,0.4796638488769531,0.2382081151008606
Test,0,0.00011406830162741244,-0.18715599179267883,0.9834948778152466,-1.170650839805603,-0.15456578135490417,0.9730243682861328,-1.1275901794433594
Test,0,5.0375074351904914e-05,-0.23656915128231049,0.9872474670410156,-1.2238166332244873,-0.20496965944766998,0.9729489088058472,-1.177918553352356
Test,0,6.341221887851134e-05,-0.2213817536830902,0.9877309799194336,-1.2091127634048462,-0.18937647342681885,0.9767255783081055,-1.1661020517349243
Test,0,7.063934026518837e-05,-0.22186720371246338,0.9868518114089966,-1.20871901512146,-0.18961180746555328,0.9765047430992126,-1.1661165952682495
Test,0,4.073580930707976e-05,-0.2621311545372009,0.9829168319702148,-1.2450480461120605,-0.2304331660270691,0.9671742916107178,-1.1976075172424316
Test,0,8.380714280065149e-05,-0.19087302684783936,0.9849172830581665,-1.1757903099060059,-0.15856705605983734,0.9733418226242065,-1.131908893585205
Test,0,3.9026610465953127e-05,-0.27119410037994385,0.9865970015525818,-1.2577910423278809,-0.238376185297966,0.9711565971374512,-1.2095327377319336
Test,0,4.0182381781050935e-05,-0.27317339181900024,0.983107328414917,-1.2562806606292725,-0.24136900901794434,0.9669127464294434,-1.2082817554473877
Test,0,5.991254874970764e-05,-0.22151482105255127,0.9852763414382935,-1.2067911624908447,-0.1891629844903946,0.9720286726951599,-1.161191701889038
Test,0,4.8202295147348195e-05,-0.25270748138427734,0.9849214553833008,-1.2376289367675781,-0.220488503575325,0.9698650240898132,-1.190353512763977
Test,0,3.6594461562344804e-05,-0.27132922410964966,0.983411431312561,-1.2547407150268555,-0.23960350453853607,0.9668834209442139,-1.2064869403839111
Test,0,4.048856135341339e-05,-0.2679964601993561,0.9811415076255798,-1.2491379976272583,-0.23623868823051453,0.9655183553695679,-1.2017570734024048
Test,0,8.337129111168906e-05,-0.19738252460956573,0.9840631484985352,-1.1814457178115845,-0.16523505747318268,0.9718210697174072,-1.1370561122894287
Test,0,0.00010449812543811277,-0.18680013716220856,0.9873222708702087,-1.1741224527359009,-0.15501458942890167,0.9779254198074341,-1.1329400539398193
Test,0,3.774484866880812e-05,-0.2727842330932617,0.9845951795578003,-1.257379412651062,-0.24071675539016724,0.968571662902832,-1.2092883586883545
Test,0,4.949273352394812e-05,-0.25000038743019104,0.983514666557312,-1.2335150241851807,-0.21870140731334686,0.9696074724197388,-1.188308835029602
Test,0,6.192741420818493e-05,-0.21747030317783356,0.9865944385528564,-1.2040647268295288,-0.1853758990764618,0.9730789065361023,-1.1584547758102417
Test,0,3.824085433734581e-05,-0.2691733241081238,0.9845218658447266,-1.2536952495574951,-0.23665577173233032,0.9689842462539673,-1.2056400775909424
Test,0,0.00011572893708944321,-0.16139134764671326,0.9822226166725159,-1.1436139345169067,-0.12901738286018372,0.9724252223968506,-1.101442575454712
Test,0,5.3277464758139104e-05,-0.22985497117042542,0.9871275424957275,-1.2169824838638306,-0.19786569476127625,0.9733788371086121,-1.171244502067566
Test,0,4.618518869392574e-05,-0.2415424883365631,0.9805514812469482,-1.222093939781189,-0.2098412811756134,0.9653809666633606,-1.1752222776412964
Test,0,6.71015222906135e-05,-0.21890732645988464,0.9912534356117249,-1.210160732269287,-0.18633364140987396,0.9787866473197937,-1.165120244026184
Test,0,6.814416701672599e-05,-0.20619425177574158,0.9860521554946899,-1.192246437072754,-0.17468294501304626,0.9758557081222534,-1.150538682937622
Test,0,6.183476943988353e-05,-0.2194637954235077,0.988793134689331,-1.2082569599151611,-0.18648378551006317,0.9760121703147888,-1.1624959707260132
Test,0,6.978826422709972e-05,-0.1947307139635086,0.986065685749054,-1.1807963848114014,-0.16209465265274048,0.9741193056106567,-1.136214017868042
Test,0,0.000261879526078701,-0.09220021218061447,0.9756472110748291,-1.0678473711013794,-0.059412091970443726,0.9714997410774231,-1.0309118032455444
Test,0,6.63342434563674e-05,-0.20779061317443848,0.9867847561836243,-1.194575309753418,-0.17588943243026733,0.9738167524337769,-1.1497061252593994
Test,0,4.981039455742575e-05,-0.24056711792945862,0.9904175400733948,-1.2309846878051758,-0.20805372297763824,0.97664874792099,-1.1847025156021118
Test,0,7.441359775839373e-05,-0.21525265276432037,0.9866568446159363,-1.2019095420837402,-0.1828358918428421,0.9766579866409302,-1.1594939231872559
Test,0,9.907372441375628e-05,-0.17965160310268402,0.9880253672599792,-1.1676769256591797,-0.14689156413078308,0.9776042699813843,-1.1244958639144897
Test,0,5.058317765360698e-05,-0.24103625118732452,0.986568808555603,-1.2276051044464111,-0.20829074084758759,0.9725096225738525,-1.1808003187179565
Test,0,6.523691990878433e-05,-0.22327563166618347,0.9906385540962219,-1.213914155960083,-0.19113606214523315,0.9777545928955078,-1.1688907146453857
Test,0,5.2204952226020396e-05,-0.2368413507938385,0.9829395413398743,-1.2197809219360352,-0.20446352660655975,0.9685635566711426,-1.1730270385742188
Test,0,5.1658320444403216e-05,-0.24808041751384735,0.9869633913040161,-1.2350437641143799,-0.21582232415676117,0.9744131565093994,-1.1902354955673218
Test,0,4.634052311303094e-05,-0.2504448890686035,0.9857409596443176,-1.2361857891082764,-0.21799615025520325,0.9712334871292114,-1.1892296075820923
Test,0,5.997314292471856e-05,-0.2315831482410431,0.9869851469993591,-1.2185683250427246,-0.19973742961883545,0.9754636883735657,-1.175201177597046
Test,0,5.1009305025218055e-05,-0.24330727756023407,0.9920759201049805,-1.235383152961731,-0.21100977063179016,0.9778370261192322,-1.1888468265533447
Test,0,0.00011245704808970913,-0.17882080376148224,0.9869412183761597,-1.1657620668411255,-0.14673210680484772,0.9776182174682617,-1.1243503093719482
Test,0,4.603015258908272e-05,-0.24741718173027039,0.9852189421653748,-1.2326360940933228,-0.2154548615217209,0.9699517488479614,-1.1854065656661987
Test,0,0.00010758668940979987,-0.17877140641212463,0.9539570808410645,-1.1327284574508667,-0.1484401822090149,0.9452023506164551,-1.0936424732208252
Test,0,3.632735024439171e-05,-0.28128087520599365,0.9850751757621765,-1.2663559913635254,-0.2489650994539261,0.9690699577331543,-1.218035101890564
Test,0,6.915598351042718e-05,-0.2173243761062622,0.9824186563491821,-1.1997430324554443,-0.1857745498418808,0.9706436991691589,-1.1564182043075562
Test,0,5.19906279805582e-05,-0.24002671241760254,0.9836606383323669,-1.2236874103546143,-0.2089618295431137,0.968819260597229,-1.177781105041504
Test,0,5.678859452018514e-05,-0.2275184690952301,0.9835100173950195,-1.2110284566879272,-0.19599007070064545,0.9692904949188232,-1.1652805805206299
Test,0,4.1111790778813884e-05,-0.257958322763443,0.9882174730300903,-1.246175765991211,-0.22603173553943634,0.9732028841972351,-1.1992346048355103
Test,0,9.756596409715712e-05,-0.17787188291549683,0.9805287718772888,-1.1584006547927856,-0.1456894427537918,0.9699681401252747,-1.1156575679779053
Test,0,0.0013644086429849267,0.0324941948056221,0.9203917980194092,-0.8878976106643677,0.0631285160779953,0.9197210073471069,-0.8565924763679504
Test,0,5.988850534777157e-05,-0.2218354344367981,0.9869614839553833,-1.2087969779968262,-0.18964287638664246,0.9736292958259583,-1.1632721424102783
Test,0,7.932134030852467e-05,-0.19829648733139038,0.9881922006607056,-1.1864886283874512,-0.16544923186302185,0.9771456718444824,-1.1425949335098267
Test,0,7.51741899875924e-05,-0.2011573314666748,0.9861782789230347,-1.1873356103897095,-0.16837257146835327,0.9740984439849854,-1.1424710750579834
Test,0,4.964655454386957e-05,-0.24469998478889465,0.9840086698532104,-1.2287086248397827,-0.21312671899795532,0.9689770936965942,-1.1821038722991943
Test,0,6.129150278866291e-05,-0.22715114057064056,0.9875134229660034,-1.2146645784378052,-0.1950359046459198,0.9765052795410156,-1.1715412139892578
Test,0,3.4156415495090187e-05,-0.28781816363334656,0.9806341528892517,-1.2684522867202759,-0.2557715177536011,0.9635187387466431,-1.2192902565002441
Test,0,7.269409252330661e-05,-0.2067365050315857,0.9845158457756042,-1.19125235080719,-0.17521443963050842,0.9732130765914917,-1.1484274864196777
Test,0,6.637821934418753e-05,-0.22464454174041748,0.9875593781471252,-1.2122039794921875,-0.19259297847747803,0.9750349521636963,-1.1676279306411743
Test,0,4.672236173064448e-05,-0.24176840484142303,0.9853358864784241,-1.2271043062210083,-0.2093622237443924,0.9708056449890137,-1.1801679134368896
Test,0,0.00036621440085582435,-0.08625896275043488,0.9576910734176636,-1.043950080871582,-0.054953403770923615,0.953136146068573,-1.008089542388916
Test,0,4.147022991674021e-05,-0.279238224029541,0.9838550090789795,-1.2630932331085205,-0.2473258078098297,0.9672755002975464,-1.2146012783050537
Test,0,5.329168925527483e-05,-0.2233925312757492,0.988552451133728,-1.2119449377059937,-0.1913776695728302,0.9763174057006836,-1.1676950454711914
Test,0,3.7247969885356724e-05,-0.2732287645339966,0.9851022958755493,-1.258331060409546,-0.24148105084896088,0.968897819519043,-1.210378885269165
Test,0,4.652149073081091e-05,-0.25653374195098877,0.988957941532135,-1.2454917430877686,-0.22426486015319824,0.974152147769928,-1.1984169483184814
Test,0,7.341463788179681e-05,-0.21296118199825287,0.9871468544006348,-1.2001080513000488,-0.18074733018875122,0.9771491289138794,-1.1578965187072754
Test,0,7.136815838748589e-05,-0.19973449409008026,0.9855551719665527,-1.1852896213531494,-0.16692206263542175,0.9739698171615601,-1.1408919095993042
Test,0,5.3844309150008485e-05,-0.23132073879241943,0.9879448413848877,-1.2192655801773071,-0.1988067924976349,0.9741852879524231,-1.1729921102523804
Test,0,4.042976433993317e-05,-0.2625316083431244,0.9848132133483887,-1.2473448514938354,-0.2304961085319519,0.9689780473709106,-1.1994740962982178
Test,0,0.0002948154287878424,-0.09971033036708832,0.9616522789001465,-1.061362624168396,-0.06785008311271667,0.9557005167007446,-1.0235506296157837
Test,0,4.9572558054933324e-05,-0.2405598759651184,0.9895318746566772,-1.2300918102264404,-0.20760835707187653,0.9757804870605469,-1.1833888292312622
Test,0,4.69787664769683e-05,-0.2518915832042694,0.9865676164627075,-1.2384592294692993,-0.21940511465072632,0.9718468189239502,-1.1912519931793213
Test,0,5.2335799409775063e-05,-0.23544913530349731,0.9814381003379822,-1.2168872356414795,-0.20366951823234558,0.9667727947235107,-1.1704423427581787
Test,0,3.734920028364286e-05,-0.26612553000450134,0.9836171269416809,-1.2497426271438599,-0.23387537896633148,0.9677606225013733,-1.2016359567642212
Test,0,4.806059951079078e-05,-0.2369314432144165,0.9860837459564209,-1.2230151891708374,-0.20474456250667572,0.9718404412269592,-1.1765849590301514
Test,0,4.497051486396231e-05,-0.25267621874809265,0.9898812770843506,-1.2425575256347656,-0.22011622786521912,0.9755582809448242,-1.1956745386123657
Test,0,5.554245217354037e-05,-0.24093526601791382,0.9878202676773071,-1.2287554740905762,-0.20850752294063568,0.9759039282798767,-1.1844114065170288
Test,0,4.4647975300904363e-05,-0.26037001609802246,0.9844651222229004,-1.2448351383209229,-0.22832359373569489,0.9689203500747681,-1.1972439289093018
Test,0,5.686229269485921e-05,-0.22726871073246002,0.9826309680938721,-1.209899663925171,-0.19593994319438934,0.9680832624435425,-1.1640231609344482
Test,0,8.973263174993917e-05,-0.18886494636535645,0.9871503114700317,-1.1760152578353882,-0.15671971440315247,0.9761388301849365,-1.1328585147857666
Test,0,8.80704028531909e-05,-0.1868685632944107,0.9833528995513916,-1.1702214479446411,-0.15518221259117126,0.971765398979187,-1.1269476413726807
Test,0,6.781058618798852e-05,-0.2162272185087204,0.9876509308815002,-1.2038781642913818,-0.1838609278202057,0.9768588542938232,-1.1607197523117065
Test,0,6.818239489803091e-05,-0.2169046849012375,0.9893923997879028,-1.2062970399856567,-0.18467143177986145,0.977849006652832,-1.162520408630371
Test,0,4.687637556344271e-05,-0.24648644030094147,0.9877066612243652,-1.2341930866241455,-0.21445822715759277,0.9729291796684265,-1.187387466430664
Test,0,4.991229434381239e-05,-0.23850186169147491,0.9894130825996399,-1.2279149293899536,-0.20606862008571625,0.975716233253479,-1.1817848682403564
Test,0,7.249223563121632e-05,-0.21283255517482758,0.9853978157043457,-1.1982303857803345,-0.18145601451396942,0.9732135534286499,-1.1546695232391357
Test,0,0.00016061929636634886,-0.13940207660198212,0.9771164655685425,-1.116518497467041,-0.10804007947444916,0.9704737067222595,-1.078513741493225
Test,0,5.8099696616409346e-05,-0.22571754455566406,0.9888229966163635,-1.2145404815673828,-0.1933620721101761,0.9760876297950745,-1.1694496870040894
Test,0,6.214672612259164e-05,-0.22340790927410126,0.9852133989334106,-1.2086212635040283,-0.19183245301246643,0.9716761708259583,-1.163508653640747
Test,0,4.948971400153823e-05,-0.2414632886648178,0.9837462902069092,-1.2252095937728882,-0.20957861840724945,0.9689537882804871,-1.178532361984253
Test,0,5.180019434192218e-05,-0.23723945021629333,0.9867143034934998,-1.2239537239074707,-0.2050798386335373,0.9726289510726929,-1.1777087450027466
Test,0,3.855661634588614e-05,-0.27223896980285645,0.9857676029205322,-1.2580065727233887,-0.24053551256656647,0.97001051902771,-1.2105460166931152
Test,0,0.00010532003943808377,-0.1815830022096634,0.9878909587860107,-1.1694740056991577,-0.14952857792377472,0.9781924486160278,-1.1277210712432861
Test,0,9.737692016642541e-05,-0.18113180994987488,0.9791994094848633,-1.1603312492370605,-0.1490413099527359,0.9684453010559082,-1.117486596107483
Test,0,4.373024421511218e-05,-0.2429342418909073,0.9823778867721558,-1.2253121137619019,-0.2115338146686554,0.9675614833831787,-1.1790952682495117
Test,0,5.730922566726804e-05,-0.2309381067752838,0.9853159189224243,-1.2162539958953857,-0.19891011714935303,0.9711239337921143,-1.1700340509414673
Test,0,7.588254084112123e-05,-0.20135930180549622,0.988609254360199,-1.1899685859680176,-0.16955256462097168,0.9767042398452759,-1.1462568044662476
Test,0,4.8222609621006995e-05,-0.24270683526992798,0.9833214282989502,-1.2260282039642334,-0.2107856720685959,0.9683104753494263,-1.1790961027145386
Test,0,5.8730889577418566e-05,-0.2278459519147873,0.9850350022315979,-1.2128809690475464,-0.195799320936203,0.9713691473007202,-1.1671684980392456
Test,0,3.9389062294503674e-05,-0.26558753848075867,0.9801316261291504,-1.2457191944122314,-0.2340616136789322,0.9638864994049072,-1.1979480981826782
Test,0,6.671505980193615e-05,-0.21681123971939087,0.9842694997787476,-1.2010807991027832,-0.18458019196987152,0.972537100315094,-1.157117247581482
Test,0,6.689266592729837e-05,-0.208549365401268,0.9867496490478516,-1.1952990293502808,-0.17724518477916718,0.9748017191886902,-1.1520469188690186
Test,0,4.703134254668839e-05,-0.2525729537010193,0.9836633801460266,-1.236236333847046,-0.22068654000759125,0.9695656895637512,-1.1902521848678589
Test,0,6.825492164352909e-05,-0.2127329558134079,0.9883443713188171,-1.2010773420333862,-0.1808217465877533,0.9779350757598877,-1.1587568521499634
Test,0,0.000348636822309345,-0.06253037601709366,0.975440263748169,-1.0379706621170044,-0.029885608702898026,0.9718846082687378,-1.001770257949829
Test,0,3.451051452429965e-05,-0.2667751908302307,0.9830811619758606,-1.2498563528060913,-0.23541265726089478,0.9666379690170288,-1.2020506858825684
Test,0,7.632203778484836e-05,-0.211379736661911,0.9846600890159607,-1.1960397958755493,-0.1790662556886673,0.9719561338424683,-1.1510224342346191
Test,0,0.00038447807310149074,-0.05646442994475365,0.9638839364051819,-1.020348310470581,-0.023295031860470772,0.9603601694107056,-0.9836552143096924
Test,0,6.257095810724422e-05,-0.2134321928024292,0.98530513048172,-1.198737382888794,-0.18192140758037567,0.9740972518920898,-1.156018614768982
Test,0,4.5820281229680404e-05,-0.255706787109375,0.9889981746673584,-1.2447049617767334,-0.2228938192129135,0.9749007225036621,-1.1977945566177368
Test,0,0.00011091387568740174,-0.1862553358078003,0.9881305694580078,-1.174385905265808,-0.1542707234621048,0.9779543280601501,-1.1322250366210938
Test,0,6.022324305376969e-05,-0.22481638193130493,0.9858325719833374,-1.210649013519287,-0.191984623670578,0.9723187685012817,-1.1643034219741821
Test,0,4.072178853675723e-05,-0.2608346939086914,0.9810612797737122,-1.2418959140777588,-0.22876334190368652,0.9652609825134277,-1.1940243244171143
Test,0,5.546654938370921e-05,-0.24962836503982544,0.9790517091751099,-1.22868013381958,-0.21797150373458862,0.9665830135345459,-1.1845545768737793
Test,0,6.360438419505954e-05,-0.23325443267822266,0.9880638122558594,-1.221318244934082,-0.20108284056186676,0.9765291810035706,-1.177612066268921
Test,0,9.24339983612299e-05,-0.20537883043289185,0.9820176362991333,-1.18739652633667,-0.17336496710777283,0.970943808555603,-1.1443088054656982
Test,0,4.047667243867181e-05,-0.24464575946331024,0.9841156601905823,-1.2287614345550537,-0.21350470185279846,0.9687011241912842,-1.1822057962417603
Test,0,5.587527630268596e-05,-0.24064593017101288,0.9800004959106445,-1.2206463813781738,-0.20959395170211792,0.9663538932800293,-1.175947904586792
Test,0,0.00017752395069692284,-0.130898118019104,0.9775421619415283,-1.1084402799606323,-0.09853876382112503,0.9692274332046509,-1.0677661895751953
Test,0,4.531914964900352e-05,-0.24551290273666382,0.9900324940681458,-1.2355453968048096,-0.21296752989292145,0.97563236951828,-1.188599944114685
Test,0,4.85880154883489e-05,-0.2389623522758484,0.9854301810264587,-1.2243925333023071,-0.20711401104927063,0.9708496928215027,-1.1779637336730957
Test,0,4.955620534019545e-05,-0.2336818128824234,0.9829672574996948,-1.216649055480957,-0.2021326720714569,0.9695054888725281,-1.1716381311416626
Test,0,4.551664460450411e-05,-0.2612881660461426,0.9846566319465637,-1.2459447383880615,-0.22937361896038055,0.9691354036331177,-1.1985089778900146
Test,0,0.00015633972361683846,-0.12988433241844177,0.9854361414909363,-1.1153204441070557,-0.09713072329759598,0.97818922996521,-1.0753200054168701
Test,0,5.3956613555783406e-05,-0.22876028716564178,0.9852083325386047,-1.2139686346054077,-0.19733047485351562,0.9722643494606018,-1.1695947647094727
Test,0,8.884949784260243e-05,-0.1903172731399536,0.986903965473175,-1.1772212982177734,-0.15840765833854675,0.9779931306838989,-1.136400818824768
Test,0,5.1521012210287154e-05,-0.23746109008789062,0.9856758713722229,-1.2231369018554688,-0.20520293712615967,0.9712392091751099,-1.1764421463012695
Test,0,0.00013482167560141534,-0.1500355303287506,0.9808221459388733,-1.1308577060699463,-0.11843883246183395,0.9732620716094971,-1.0917009115219116
Test,0,6.653145101154223e-05,-0.21536600589752197,0.9869210720062256,-1.2022870779037476,-0.18293006718158722,0.9740563035011292,-1.1569863557815552
Test,0,0.00011167917546117678,-0.17191767692565918,0.990848183631897,-1.1627658605575562,-0.13894377648830414,0.981424868106842,-1.1203685998916626
Test,0,4.752403765451163e-05,-0.253349244594574,0.9842039942741394,-1.2375532388687134,-0.22073140740394592,0.9692612886428833,-1.1899926662445068
Test,0,9.752950427355245e-05,-0.18241459131240845,0.9864938259124756,-1.1689083576202393,-0.14957235753536224,0.9757717251777649,-1.1253440380096436
Test,1,0.9992178678512573,0.9611822366714478,-0.05500030145049095,1.016182541847229,0.9595550298690796,-0.01781230792403221,0.9773673415184021
Test,1,0.9999244213104248,0.9872547388076782,-0.1905640959739685,1.177818775177002,0.9757059216499329,-0.15353041887283325,1.1292363405227661
Test,1,0.9998512268066406,0.9764723777770996,-0.156946063041687,1.1334184408187866,0.9675198793411255,-0.11986461281776428,1.0873844623565674
Test,1,0.9997993111610413,0.9792817831039429,-0.12862032651901245,1.1079020500183105,0.972153902053833,-0.09111277014017105,1.063266634941101
Test,1,0.999880313873291,0.9801045656204224,-0.1499750167131424,1.1300796270370483,0.9710402488708496,-0.11288745701313019,1.0839277505874634
Test,1,0.9997190833091736,0.9648004174232483,-0.08274149894714355,1.047541856765747,0.9593221545219421,-0.04591357335448265,1.0052356719970703
Test,1,0.9999223947525024,0.9727539420127869,-0.2003554105758667,1.1731092929840088,0.9602396488189697,-0.1635453850030899,1.1237850189208984
Test,1,0.9991999268531799,0.9463475942611694,0.005256202071905136,0.9410914182662964,0.9453318119049072,0.04170669987797737,0.9036251306533813
Test,1,0.9749467968940735,0.8382045030593872,0.2239619940519333,0.6142424941062927,0.8515398502349854,0.25968751311302185,0.5918523073196411
Test,1,0.9998528957366943,0.9698765277862549,-0.1456732153892517,1.1155498027801514,0.9604475498199463,-0.1090766042470932,1.0695241689682007
Test,1,0.9999513626098633,0.9798017144203186,-0.235283762216568,1.215085506439209,0.9657770395278931,-0.19849012792110443,1.1642671823501587
Test,1,0.9998838901519775,0.9834384918212891,-0.16576430201530457,1.149202823638916,0.974309504032135,-0.1274595707654953,1.1017690896987915
Test,1,0.9996846914291382,0.9640712738037109,-0.10327485203742981,1.0673460960388184,0.9591156840324402,-0.06533694267272949,1.0244526863098145
Test,1,0.9997231364250183,0.9716635942459106,-0.09256912767887115,1.0642327070236206,0.9658774733543396,-0.05589348077774048,1.02177095413208
Test,1,0.9999213218688965,0.9803193807601929,-0.21051780879497528,1.1908371448516846,0.9683716297149658,-0.17319898307323456,1.1415705680847168
Test,1,0.9997362494468689,0.9697520732879639,-0.10129072517156601,1.071042776107788,0.9636003971099854,-0.06428354233503342,1.0278838872909546
Test,1,0.12819932401180267,0.43109387159347534,0.7234290838241577,-0.2923352122306824,0.45947709679603577,0.7431156039237976,-0.28363850712776184
Test,1,0.9999078512191772,0.974510908126831,-0.16996800899505615,1.1444789171218872,0.963725209236145,-0.1341194212436676,1.0978446006774902
Test,1,0.052061907947063446,0.323373407125473,0.7955135107040405,-0.4721401035785675,0.35367175936698914,0.811769962310791,-0.4580982029438019
Test,1,0.9998564720153809,0.9735455513000488,-0.16312146186828613,1.136667013168335,0.9647029638290405,-0.12654085457324982,1.091243863105774
Test,1,0.9998842477798462,0.985099196434021,-0.17674118280410767,1.1618404388427734,0.9752115607261658,-0.13897646963596344,1.1141880750656128
Test,1,0.9968302845954895,0.9152096509933472,0.11622008681297302,0.7989895343780518,0.9193412661552429,0.15262266993522644,0.7667186260223389
Test,1,0.9998113512992859,0.9784470796585083,-0.1470266431570053,1.1254737377166748,0.9710520505905151,-0.10943333059549332,1.0804853439331055
Test,1,0.9999494552612305,0.9832152128219604,-0.22603219747543335,1.209247350692749,0.9691264033317566,-0.1886812299489975,1.1578075885772705
Test,1,0.9997619986534119,0.9686450362205505,-0.11109659075737,1.0797415971755981,0.961754322052002,-0.0752841979265213,1.0370385646820068
Test,1,0.9998601675033569,0.975202202796936,-0.13392996788024902,1.109132170677185,0.9662449359893799,-0.09717004746198654,1.0634149312973022
Test,1,0.6528881788253784,0.6407033205032349,0.5205578207969666,0.12014549970626831,0.6633424758911133,0.5483164191246033,0.11502605676651001
Test,1,0.9997794032096863,0.9777864813804626,-0.1272602379322052,1.1050467491149902,0.970894455909729,-0.0900062695145607,1.0609006881713867
Test,1,0.9994571805000305,0.9408266544342041,-0.05803070217370987,0.9988573789596558,0.9375655055046082,-0.022762194275856018,0.960327684879303
Test,1,0.9549005031585693,0.8013869524002075,0.2946805953979492,0.5067063570022583,0.817011833190918,0.3297094702720642,0.48730236291885376
Test,1,0.9985476136207581,0.9403181672096252,0.021550390869379044,0.9187677502632141,0.9412416219711304,0.057296790182590485,0.8839448094367981
Test,1,0.141179621219635,0.4335530400276184,0.702599048614502,-0.26904600858688354,0.46115997433662415,0.722344160079956,-0.2611841857433319
Test,1,0.9991934895515442,0.9564217329025269,-0.03088545612990856,0.9873071908950806,0.9555327892303467,0.00535786896944046,0.9501749277114868
Test,1,0.9835368990898132,0.8700611591339111,0.20788352191448212,0.6621776223182678,0.8811080455780029,0.2430517077445984,0.6380563378334045
Test,1,0.9998549222946167,0.985005795955658,-0.16287082433700562,1.1478766202926636,0.9769994616508484,-0.12606340646743774,1.1030628681182861
Test,1,0.9998718500137329,0.9716176986694336,-0.1613646000623703,1.1329822540283203,0.9625261425971985,-0.1246454119682312,1.0871715545654297
Test,1,0.9831706881523132,0.849307656288147,0.20423702895641327,0.6450706124305725,0.8610415458679199,0.23965603113174438,0.6213855147361755
Test,1,0.9996168613433838,0.9588767290115356,-0.08392686396837234,1.0428036451339722,0.9540590047836304,-0.046900272369384766,1.0009592771530151
Test,1,0.895315945148468,0.76197350025177,0.3764484226703644,0.38552507758140564,0.7787961959838867,0.4070240557193756,0.3717721402645111
Test,1,0.9999254941940308,0.9825305938720703,-0.20397034287452698,1.186500906944275,0.9700082540512085,-0.1675908863544464,1.1375991106033325
Test,1,0.9999127388000488,0.9740700721740723,-0.17635896801948547,1.1504290103912354,0.9626697301864624,-0.14021819829940796,1.1028878688812256
Test,1,0.9998770952224731,0.9785072207450867,-0.1607791930437088,1.1392863988876343,0.9685405492782593,-0.12341008335351944,1.0919506549835205
Test,1,0.9996041655540466,0.9726624488830566,-0.0874461904168129,1.0601086616516113,0.9689170718193054,-0.04919477924704552,1.0181118249893188
Test,1,0.9983874559402466,0.9417917132377625,0.026403017342090607,0.9153887033462524,0.9435847401618958,0.062043365091085434,0.88154137134552
Test,1,0.9999316930770874,0.9774104356765747,-0.22312724590301514,1.2005376815795898,0.9641440510749817,-0.18638791143894196,1.1505320072174072
Test,1,0.9995532631874084,0.9577568769454956,-0.07413064688444138,1.0318875312805176,0.9545385241508484,-0.035678569227457047,0.9902170896530151
Test,1,0.9997323155403137,0.974025309085846,-0.09203869104385376,1.0660640001296997,0.9692099690437317,-0.05414488539099693,1.0233548879623413
Test,1,0.9997245669364929,0.966286838054657,-0.11135561764240265,1.0776424407958984,0.960319995880127,-0.07421152293682098,1.0345314741134644
Test,1,0.999909520149231,0.9888134002685547,-0.18522006273269653,1.1740334033966064,0.9776843786239624,-0.14800310134887695,1.1256874799728394
Test,1,0.9997468590736389,0.9610034227371216,-0.12147848308086395,1.082481861114502,0.9546428322792053,-0.08474836498498917,1.0393911600112915
Test,1,0.9997329115867615,0.9610240459442139,-0.09634621441364288,1.0573703050613403,0.9549983739852905,-0.060086049139499664,1.0150843858718872
Test,1,0.9998972415924072,0.9842213988304138,-0.18010187149047852,1.164323329925537,0.9741665720939636,-0.14282725751399994,1.11699378490448
Test,1,0.9988635778427124,0.9576602578163147,-0.024263422936201096,0.9819236993789673,0.9579793214797974,0.01351296529173851,0.9444663524627686
Test,1,0.9991349577903748,0.9348574876785278,-0.0388595350086689,0.9737170338630676,0.9335792064666748,-0.0019290149211883545,0.9355082511901855
Test,1,0.99994957447052,0.970851719379425,-0.23431159555912018,1.2051633596420288,0.9562892913818359,-0.19755908846855164,1.15384840965271
Test,1,0.999817430973053,0.9706017971038818,-0.14399680495262146,1.1145986318588257,0.9622365236282349,-0.10730130970478058,1.069537878036499
Test,1,0.9996645450592041,0.9718915224075317,-0.07225246727466583,1.0441440343856812,0.9678150415420532,-0.03503299504518509,1.0028480291366577
Test,1,0.9968644976615906,0.9287031888961792,0.03986405208706856,0.8888391256332397,0.9340028762817383,0.0778573751449585,0.8561455011367798
Test,1,0.9998433589935303,0.987802267074585,-0.16341188549995422,1.1512141227722168,0.978965699672699,-0.1253376305103302,1.1043033599853516
Test,1,0.9999433755874634,0.9745660424232483,-0.22805848717689514,1.2026245594024658,0.96073979139328,-0.19098122417926788,1.1517210006713867
Test,1,0.40375766158103943,0.5532764196395874,0.6186665296554565,-0.06539011001586914,0.5786343216896057,0.6436164379119873,-0.06498211622238159
Test,1,0.9897040724754333,0.8591188192367554,0.18498703837394714,0.6741317510604858,0.8677072525024414,0.21943256258964539,0.6482746601104736
Test,1,0.9999319314956665,0.9813249707221985,-0.20738905668258667,1.1887140274047852,0.9692642092704773,-0.17023783922195435,1.1395020484924316
Test,1,0.9992814660072327,0.9507859349250793,-0.025941135361790657,0.9767270684242249,0.9494682550430298,0.011365439742803574,0.9381028413772583
Test,1,0.9996905326843262,0.9835521578788757,-0.11197133362293243,1.095523476600647,0.9781233072280884,-0.07364560663700104,1.0517688989639282
Test,1,0.9998804330825806,0.9762684106826782,-0.16207800805568695,1.1383464336395264,0.9669218063354492,-0.12510894238948822,1.0920307636260986
Test,1,0.544368326663971,0.6078969240188599,0.5489645004272461,0.05893242359161377,0.632591187953949,0.5764692425727844,0.05612194538116455
Test,1,0.9995594620704651,0.9572380781173706,-0.07803269475698471,1.0352708101272583,0.9541905522346497,-0.04027337580919266,0.9944639205932617
Test,1,0.9994508624076843,0.9586827754974365,-0.07189981639385223,1.0305825471878052,0.954242467880249,-0.03554171323776245,0.9897841811180115
Test,1,0.8548902273178101,0.6916713714599609,0.41577577590942383,0.2758955955505371,0.7105392217636108,0.4464818835258484,0.26405733823776245
Test,1,0.9854676127433777,0.864405632019043,0.2143171727657318,0.6500884294509888,0.8747014999389648,0.24816755950450897,0.6265339255332947
Test,1,0.9998766183853149,0.9769033789634705,-0.16162022948265076,1.1385235786437988,0.9670255184173584,-0.12444110214710236,1.0914666652679443
Test,1,0.999854326248169,0.9825316667556763,-0.14198839664459229,1.1245200634002686,0.9735143184661865,-0.10489598661661148,1.078410267829895
Test,1,0.9997215867042542,0.9714868068695068,-0.09706009924411774,1.0685468912124634,0.9653427600860596,-0.06006845459342003,1.0254112482070923
Test,1,0.9996201992034912,0.9667022228240967,-0.09852443635463715,1.065226674079895,0.9625727534294128,-0.061447352170944214,1.0240200757980347
Test,1,0.9998595714569092,0.9825520515441895,-0.15315291285514832,1.1357049942016602,0.9735502600669861,-0.11565294116735458,1.0892032384872437
Test,1,0.9992271661758423,0.945131242275238,-0.036431699991226196,0.9815629720687866,0.9433993101119995,0.00010396167635917664,0.9432953596115112
Test,1,0.9996539354324341,0.9773954153060913,-0.09145557880401611,1.0688509941101074,0.973385751247406,-0.05304699018597603,1.026432752609253
Test,1,0.9991452693939209,0.9543386101722717,-0.01580798625946045,0.9701465964317322,0.9538878202438354,0.020251113921403885,0.9336367249488831
Test,1,0.9980524778366089,0.9190974235534668,0.04663100093603134,0.8724664449691772,0.9217171669006348,0.08334438502788544,0.8383727669715881
Test,1,0.9999293088912964,0.9919795989990234,-0.21473732590675354,1.2067168951034546,0.9800307154655457,-0.1767808347940445,1.1568115949630737
Test,1,0.9998243451118469,0.9684281945228577,-0.1418674737215042,1.1102956533432007,0.9596567153930664,-0.10605840384960175,1.0657150745391846
Test,1,0.9998761415481567,0.9838119149208069,-0.15505777299404144,1.1388696432113647,0.9746403098106384,-0.11795256286859512,1.0925928354263306
Test,1,0.9998181462287903,0.9845647811889648,-0.13933172821998596,1.1238964796066284,0.9770454168319702,-0.1020321473479271,1.0790776014328003
Test,1,0.9997619986534119,0.9624269008636475,-0.12206404656171799,1.0844908952713013,0.9562056064605713,-0.08510952442884445,1.0413150787353516
Test,1,0.02858431078493595,0.2583168148994446,0.801820695400238,-0.5435038805007935,0.28841280937194824,0.8145014643669128,-0.5260886549949646
Test,1,0.9998676776885986,0.9901692271232605,-0.16929873824119568,1.1594679355621338,0.9815119504928589,-0.1317053735256195,1.1132173538208008
Test,1,0.9998824596405029,0.9842445850372314,-0.1708923876285553,1.1551369428634644,0.9746056199073792,-0.13373605906963348,1.1083416938781738
Test,1,0.996151864528656,0.9002163410186768,0.09970448911190033,0.8005118370056152,0.9052039980888367,0.13542769849300385,0.7697762846946716
Test,1,0.999893307685852,0.9861447215080261,-0.17310568690299988,1.1592503786087036,0.9764260649681091,-0.13601325452327728,1.1124392747879028
Test,1,0.9999434947967529,0.9791489839553833,-0.21857717633247375,1.1977261304855347,0.9655716419219971,-0.18081802129745483,1.1463897228240967
Test,1,0.9999295473098755,0.9861471056938171,-0.22002620995044708,1.206173300743103,0.973618745803833,-0.1823742836713791,1.1559929847717285
Test,1,0.9829960465431213,0.8623340129852295,0.2078961580991745,0.6544378399848938,0.874119222164154,0.24406826496124268,0.6300509572029114
Test,1,0.9886411428451538,0.8655262589454651,0.1766933798789978,0.6888328790664673,0.8755121231079102,0.21257437765598297,0.6629377603530884
Test,1,0.9955655932426453,0.9128828644752502,0.09585382044315338,0.8170290589332581,0.9186409711837769,0.13288666307926178,0.7857543230056763
Test,1,0.9998176693916321,0.9726308584213257,-0.14079244434833527,1.1134233474731445,0.9646002054214478,-0.10393840819597244,1.0685386657714844
Test,1,0.9541413187980652,0.7987890243530273,0.28885048627853394,0.5099385380744934,0.8131902813911438,0.322934091091156,0.4902561902999878
Test,1,0.9998281002044678,0.970079779624939,-0.1461428999900818,1.116222620010376,0.9624563455581665,-0.11039937287569046,1.0728557109832764
Test,1,0.9992923736572266,0.9557937383651733,-0.035619717091321945,0.9914134740829468,0.9536332488059998,0.0014575347304344177,0.9521757364273071
Test,1,0.9998260140419006,0.9819932579994202,-0.12740685045719147,1.1094001531600952,0.9747605323791504,-0.09008320420980453,1.064843773841858
Test,1,0.9931651949882507,0.9010517597198486,0.12094966322183609,0.7801020741462708,0.9081811904907227,0.1572299301624298,0.7509512901306152
Test,1,0.36208608746528625,0.5330604910850525,0.6456025838851929,-0.11254209280014038,0.5595558285713196,0.6704803705215454,-0.11092454195022583
Test,1,0.9998200535774231,0.9743598103523254,-0.12901096045970917,1.1033707857131958,0.9672077894210815,-0.09267888963222504,1.0598866939544678
Test,1,0.9999097585678101,0.9897006154060364,-0.18363533914089203,1.1733359098434448,0.9793310761451721,-0.1457774043083191,1.1251084804534912
Test,1,0.9999070167541504,0.9856994152069092,-0.17425668239593506,1.1599560976028442,0.9750893712043762,-0.1369282305240631,1.1120176315307617
Test,1,0.9989950060844421,0.9601874351501465,-0.025000855326652527,0.9851883053779602,0.9599549770355225,0.013163188472390175,0.9467917680740356
Test,1,0.999821126461029,0.9770827889442444,-0.1268811821937561,1.1039639711380005,0.9687945246696472,-0.09038861095905304,1.059183120727539
Test,1,0.9998897314071655,0.987935483455658,-0.171880304813385,1.159815788269043,0.979012131690979,-0.13424339890480042,1.113255500793457
Test,1,0.9916941523551941,0.8871812224388123,0.17346137762069702,0.7137198448181152,0.8954715728759766,0.2078758329153061,0.6875957250595093
Test,1,0.9983834028244019,0.9338562488555908,0.014594035223126411,0.9192622303962708,0.935448169708252,0.050472192466259,0.8849759697914124
Test,1,0.9998303651809692,0.9741566181182861,-0.12482862174510956,1.098985195159912,0.9657008051872253,-0.08886000514030457,1.0545607805252075
Test,1,0.9998020529747009,0.9844327569007874,-0.11400679498910904,1.0984395742416382,0.9777712821960449,-0.07640218734741211,1.054173469543457
Test,1,0.9999220371246338,0.9748350977897644,-0.21850493550300598,1.1933400630950928,0.9625129103660583,-0.18116852641105652,1.1436814069747925
Test,1,0.9998319149017334,0.9628114700317383,-0.14395356178283691,1.1067650318145752,0.9537390470504761,-0.10809123516082764,1.0618302822113037
Test,1,0.9954020977020264,0.9036575555801392,0.10640043765306473,0.797257125377655,0.9100455045700073,0.14276576042175293,0.7672797441482544
Test,1,0.9999505281448364,0.9682118892669678,-0.24097943305969238,1.2091913223266602,0.9535036683082581,-0.20452086627483368,1.158024549484253
Test,1,0.8709887266159058,0.6878811717033386,0.39309316873550415,0.2947880029678345,0.7044962644577026,0.42183777689933777,0.28265848755836487
Test,1,0.9999250173568726,0.981549859046936,-0.19786682724952698,1.1794166564941406,0.9696135520935059,-0.16063107550144196,1.1302446126937866
Test,1,0.9976646900177002,0.9186961054801941,0.07449578493833542,0.8442003130912781,0.9212146997451782,0.10958663374185562,0.8116280436515808
Test,1,0.9998605251312256,0.9744556546211243,-0.12993387877941132,1.1043895483016968,0.9661117792129517,-0.09329493343830109,1.0594067573547363
Test,1,0.9998610019683838,0.9755639433860779,-0.15576902031898499,1.1313329935073853,0.9667249321937561,-0.11965730786323547,1.086382269859314
Test,1,0.92963707447052,0.776017427444458,0.3637862205505371,0.4122312068939209,0.7923807501792908,0.3953958749771118,0.39698487520217896
Test,1,0.9994487166404724,0.9599277973175049,-0.05514821037650108,1.0150760412216187,0.9560092687606812,-0.01831188052892685,0.9743211269378662
Test,1,0.9982300400733948,0.9306962490081787,0.034323737025260925,0.8963724970817566,0.9329819083213806,0.07144343107938766,0.8615384697914124
Test,1,0.9999628067016602,0.9713170528411865,-0.2547440826892853,1.2260611057281494,0.9560426473617554,-0.21793101727962494,1.1739736795425415
Test,1,0.9999122619628906,0.9767427444458008,-0.1830502301454544,1.1597930192947388,0.9660123586654663,-0.14625363051891327,1.112265944480896
Test,1,0.8594143986701965,0.7088144421577454,0.43165314197540283,0.27716130018234253,0.7289083003997803,0.46271243691444397,0.2661958634853363
Test,1,0.9996453523635864,0.9668072462081909,-0.08102637529373169,1.0478336811065674,0.9620870351791382,-0.045085422694683075,1.0071724653244019
Test,1,0.9995774626731873,0.9697021842002869,-0.08608625829219818,1.0557883977890015,0.9648963212966919,-0.04931540787220001,1.0142117738723755
Test,1,0.9999396800994873,0.9838870763778687,-0.20323359966278076,1.1871206760406494,0.971430778503418,-0.16703316569328308,1.1384639739990234
Test,1,0.9995290040969849,0.9650741815567017,-0.06204533204436302,1.027119517326355,0.9613484740257263,-0.02545805275440216,0.9868065118789673
Test,1,0.9998654127120972,0.9734154343605042,-0.14518819749355316,1.1186035871505737,0.9644275307655334,-0.10930992662906647,1.0737375020980835
Test,1,0.8136722445487976,0.6904752254486084,0.45189201831817627,0.23858320713043213,0.7100712060928345,0.48159608244895935,0.22847512364387512
Test,1,0.999845027923584,0.983441174030304,-0.150129497051239,1.133570671081543,0.976162314414978,-0.11218833923339844,1.0883506536483765
Test,1,0.999394416809082,0.9584972858428955,-0.047286998480558395,1.005784273147583,0.9563531875610352,-0.01073983684182167,0.9670930504798889
Test,1,0.9995527863502502,0.9690462350845337,-0.05959045886993408,1.0286366939544678,0.9651154279708862,-0.022764991968870163,0.9878804087638855
Test,1,0.9998784065246582,0.9806927442550659,-0.17449639737606049,1.1551891565322876,0.9714570045471191,-0.1370900720357895,1.1085470914840698
Test,1,0.999762237071991,0.9725580811500549,-0.10513763874769211,1.0776957273483276,0.966464102268219,-0.06792520731687546,1.0343892574310303
Test,1,0.9999282360076904,0.9835156798362732,-0.1975754052400589,1.181091070175171,0.9715225696563721,-0.1601400524377823,1.1316626071929932
Test,1,0.9998964071273804,0.9848175048828125,-0.1890539824962616,1.1738715171813965,0.9748544096946716,-0.15200559794902802,1.1268600225448608
