"split","true_label","confidence_score","hcc_cosine_mean","hem_cosine_mean","delta_mean","hcc_cosine_kmeans","hem_cosine_kmeans","delta_kmeans"
"Val","0","0.000013794377991871443","-0.6803627014160156","0.956098735332489","-1.6364614963531494","-0.6494241952896118","0.9016687870025635","-1.5510929822921753"
"Val","0","0.000017553140423842706","-0.6802940368652344","0.9657993316650391","-1.6460933685302734","-0.6448857188224792","0.8977519273757935","-1.542637586593628"
"Val","0","0.000012992151823709719","-0.6945334672927856","0.9726704359054565","-1.6672039031982422","-0.6611766219139099","0.9020398855209351","-1.5632164478302002"
"Val","0","0.000014460913007496856","-0.6615772843360901","0.9769443273544312","-1.638521671295166","-0.6271389722824097","0.9154578447341919","-1.5425968170166016"
"Val","0","0.00001284059453610098","-0.6980457305908203","0.9698588252067566","-1.6679046154022217","-0.6627401113510132","0.9033818244934082","-1.5661219358444214"
"Val","0","0.00001179772152681835","-0.6531878709793091","0.9748557806015015","-1.6280436515808105","-0.62149578332901","0.9208589196205139","-1.542354702949524"
"Val","0","0.00001475180579291191","-0.6479531526565552","0.9730879664421082","-1.6210410594940186","-0.6162368655204773","0.918505072593689","-1.5347418785095215"
"Val","0","0.00001711726508801803","-0.6578253507614136","0.9587088227272034","-1.6165342330932617","-0.6240150928497314","0.9043431282043457","-1.5283582210540771"
"Val","0","0.000017157422917080112","-0.6436918377876282","0.9510015249252319","-1.5946934223175049","-0.614649772644043","0.896497905254364","-1.5111477375030518"
"Val","0","0.000014695431673317216","-0.6960923075675964","0.9762148261070251","-1.6723071336746216","-0.6619089245796204","0.9064341187477112","-1.5683430433273315"
"Val","0","0.00001313319353357656","-0.6711174249649048","0.9771040678024292","-1.648221492767334","-0.6383196115493774","0.9179036617279053","-1.5562232732772827"
"Val","0","0.00001570296080899425","-0.7055118083953857","0.9729684591293335","-1.6784802675247192","-0.6701503396034241","0.9058620929718018","-1.576012372970581"
"Val","0","0.000016166939531103708","-0.6854225397109985","0.9566938877105713","-1.6421164274215698","-0.6523340344429016","0.9017531275749207","-1.5540871620178223"
"Val","0","0.000018398641259409487","-0.6533195972442627","0.9660426378250122","-1.619362235069275","-0.6200337409973145","0.9053493142127991","-1.5253829956054688"
"Val","0","0.000026385107048554346","-0.6563783884048462","0.9539018273353577","-1.6102802753448486","-0.6234822273254395","0.9051315188407898","-1.528613805770874"
"Val","0","0.000012013187188131269","-0.6999706029891968","0.9736922979354858","-1.6736629009246826","-0.6660028696060181","0.9046187996864319","-1.5706217288970947"
"Val","0","0.000014175428987073246","-0.6628758907318115","0.9778845906257629","-1.6407604217529297","-0.6301377415657043","0.9210025668144226","-1.551140308380127"
"Val","0","0.000014662506146123633","-0.6930735111236572","0.9740710258483887","-1.667144536972046","-0.6579322814941406","0.9051809906959534","-1.5631132125854492"
"Val","0","0.000015694935427745804","-0.6835196018218994","0.9734931588172913","-1.657012701034546","-0.6485653519630432","0.9080939888954163","-1.5566593408584595"
"Val","0","0.000013145686352800112","-0.7068079710006714","0.97566819190979","-1.6824761629104614","-0.6736559867858887","0.9097303152084351","-1.5833863019943237"
"Val","0","0.000030034678275114857","-0.6147488355636597","0.953794538974762","-1.5685434341430664","-0.5795990228652954","0.904645562171936","-1.4842445850372314"
"Val","0","0.000014085774637351278","-0.6950706243515015","0.9676012992858887","-1.6626719236373901","-0.6612831950187683","0.8984203338623047","-1.5597035884857178"
"Val","0","0.000017230799130629748","-0.6624704599380493","0.9658660888671875","-1.6283365488052368","-0.627787709236145","0.9030483961105347","-1.5308361053466797"
"Val","0","0.000012773786693287548","-0.7161238193511963","0.9675180912017822","-1.6836419105529785","-0.6818636655807495","0.8957281112670898","-1.5775917768478394"
"Val","0","0.000011526572961884085","-0.6899640560150146","0.9792613983154297","-1.6692254543304443","-0.6574748754501343","0.9196399450302124","-1.5771148204803467"
"Val","0","0.000015042182894831058","-0.6832130551338196","0.9747090935707092","-1.6579221487045288","-0.6478314995765686","0.907063901424408","-1.5548954010009766"
"Val","0","0.000018875331079470925","-0.6753774881362915","0.9714299440383911","-1.6468074321746826","-0.6393067836761475","0.9045218825340271","-1.5438287258148193"
"Val","0","0.000015891060684225522","-0.6921110153198242","0.9702607989311218","-1.6623718738555908","-0.6565495729446411","0.9044668674468994","-1.5610164403915405"
"Val","0","0.00001313682605541544","-0.6997746229171753","0.9680893421173096","-1.6678639650344849","-0.6659525632858276","0.9072042107582092","-1.5731568336486816"
"Val","0","0.000010544495125941467","-0.6980172395706177","0.9681625366210938","-1.6661797761917114","-0.6641657948493958","0.89924556016922","-1.5634113550186157"
"Val","0","0.00001638197136344388","-0.6566101312637329","0.9504287242889404","-1.6070388555526733","-0.6232458353042603","0.896826446056366","-1.5200722217559814"
"Val","0","0.000015254205209203064","-0.7125451564788818","0.9683418869972229","-1.68088698387146","-0.6777645349502563","0.8987075090408325","-1.5764720439910889"
"Val","0","0.00001263102785742376","-0.7076407074928284","0.9692023992538452","-1.6768431663513184","-0.6732045412063599","0.8997860550880432","-1.5729906558990479"
"Val","0","0.00001554079972265754","-0.6160848140716553","0.9598818421363831","-1.5759665966033936","-0.5857830047607422","0.9158678650856018","-1.5016508102416992"
"Val","0","0.000015291390809579752","-0.6986618041992188","0.9696786403656006","-1.6683404445648193","-0.6627804636955261","0.9086003303527832","-1.571380853652954"
"Val","0","0.000012894859537482262","-0.6988996267318726","0.9714200496673584","-1.670319676399231","-0.6634109616279602","0.906417727470398","-1.569828748703003"
"Val","0","0.00001220060858031502","-0.6889256238937378","0.9788962006568909","-1.6678218841552734","-0.6551076173782349","0.911985456943512","-1.5670931339263916"
"Val","0","0.000011488997188280337","-0.6963764429092407","0.9795191287994385","-1.6758955717086792","-0.6622268557548523","0.9146204590797424","-1.5768473148345947"
"Val","0","0.000012220706594234798","-0.6858628988265991","0.9646928310394287","-1.6505557298660278","-0.6529076099395752","0.9015247225761414","-1.5544323921203613"
"Val","0","0.000013798708096146584","-0.6985674500465393","0.9721369743347168","-1.6707043647766113","-0.6637135744094849","0.9073341488838196","-1.5710477828979492"
"Val","0","0.000012532542314147577","-0.7135457992553711","0.9714943766593933","-1.6850402355194092","-0.6803312301635742","0.9042860865592957","-1.5846173763275146"
"Val","0","0.000013416519323072862","-0.7095166444778442","0.9701851010322571","-1.679701805114746","-0.6758299469947815","0.9040523171424866","-1.579882264137268"
"Val","0","0.000015316642020479776","-0.6681026220321655","0.9512310028076172","-1.6193336248397827","-0.6346597671508789","0.9022557139396667","-1.5369155406951904"
"Val","0","0.000014719444152433425","-0.6494767665863037","0.9649480581283569","-1.6144248247146606","-0.6167240142822266","0.9027262926101685","-1.519450306892395"
"Val","0","0.000020179284547339194","-0.6700053215026855","0.9700764417648315","-1.640081763267517","-0.6348868012428284","0.90411376953125","-1.5390005111694336"
"Val","0","0.000016403871995862573","-0.6678556203842163","0.9784969091415405","-1.6463525295257568","-0.6337839365005493","0.9157821536064148","-1.5495660305023193"
"Val","0","0.000012887041521025822","-0.7010834217071533","0.974361777305603","-1.6754451990127563","-0.6647136807441711","0.9082006216049194","-1.5729143619537354"
"Val","0","0.000023475728085031733","-0.6693838834762573","0.9348485469818115","-1.6042324304580688","-0.6377051472663879","0.8924717307090759","-1.5301768779754639"
"Val","0","0.000014347721844387706","-0.694635272026062","0.9650079011917114","-1.6596431732177734","-0.6615053415298462","0.9013735055923462","-1.5628788471221924"
"Val","0","0.00001285453799937386","-0.713151216506958","0.9526078701019287","-1.6657590866088867","-0.6788244247436523","0.8862156271934509","-1.565040111541748"
"Val","0","0.000015640938727301545","-0.6578168869018555","0.9676080346107483","-1.625424861907959","-0.622426450252533","0.9094886183738708","-1.5319150686264038"
"Val","0","0.000014510297660308424","-0.7091515064239502","0.9707575440406799","-1.6799089908599854","-0.6747179627418518","0.9028844833374023","-1.5776023864746094"
"Val","0","0.000018599879695102572","-0.6542863845825195","0.9653415679931641","-1.6196279525756836","-0.6222880482673645","0.9132601618766785","-1.535548210144043"
"Val","0","0.000015612265997333452","-0.6779263615608215","0.9584665298461914","-1.6363928318023682","-0.6429181098937988","0.9000065326690674","-1.5429246425628662"
"Val","0","0.000011161621841893066","-0.7047015428543091","0.9705932140350342","-1.6752947568893433","-0.6707730889320374","0.90349280834198","-1.574265956878662"
"Val","0","0.000009753392077982426","-0.693418025970459","0.9767473340034485","-1.6701653003692627","-0.6596819162368774","0.9120627641677856","-1.571744680404663"
"Val","0","0.000015347432054113597","-0.6756883859634399","0.9781766533851624","-1.653865098953247","-0.6440255045890808","0.9159683585166931","-1.559993863105774"
"Val","0","0.00001437323498976184","-0.6824508905410767","0.9724713563919067","-1.6549222469329834","-0.6496145725250244","0.9068529009819031","-1.5564675331115723"
"Val","0","0.00003888525316142477","-0.5687350034713745","0.9132435321807861","-1.4819785356521606","-0.5350627303123474","0.8559290170669556","-1.3909916877746582"
"Val","0","0.000014100251064519398","-0.6927157640457153","0.9718680381774902","-1.6645838022232056","-0.657699465751648","0.9028341770172119","-1.5605336427688599"
"Val","0","0.00010938490595435724","-0.5461053848266602","0.9119862914085388","-1.4580917358398438","-0.5100856423377991","0.8664063811302185","-1.3764920234680176"
"Val","0","0.000012927057468914427","-0.6673891544342041","0.9805247783660889","-1.647913932800293","-0.6330788731575012","0.917253315448761","-1.5503321886062622"
"Val","0","0.000011867695320688654","-0.658348560333252","0.9507143497467041","-1.609062910079956","-0.6283513903617859","0.8981806039810181","-1.5265319347381592"
"Val","0","0.00001494466505391756","-0.6704411506652832","0.977229118347168","-1.6476702690124512","-0.6368400454521179","0.9183850288391113","-1.555225133895874"
"Val","0","0.000012146218978159595","-0.6738188862800598","0.9707196950912476","-1.6445386409759521","-0.6407302021980286","0.9077897071838379","-1.5485198497772217"
"Val","0","0.000013936298273620196","-0.6879259347915649","0.9713096618652344","-1.6592355966567993","-0.6542260646820068","0.9065769910812378","-1.5608030557632446"
"Val","0","0.0000120282848001807","-0.7068362236022949","0.9684177041053772","-1.6752538681030273","-0.6736226677894592","0.901785135269165","-1.5754077434539795"
"Val","0","0.000015481849914067425","-0.6561018228530884","0.9792488217353821","-1.6353507041931152","-0.6229147911071777","0.920885443687439","-1.5438002347946167"
"Val","0","0.000012276565939828288","-0.7047656774520874","0.97502601146698","-1.6797916889190674","-0.6719914078712463","0.9087149500846863","-1.5807063579559326"
"Val","0","0.000013309727364685386","-0.6972136497497559","0.9794028401374817","-1.6766164302825928","-0.6629469394683838","0.9130813479423523","-1.5760283470153809"
"Val","0","0.000028831731469836086","-0.6258398294448853","0.9579305648803711","-1.5837703943252563","-0.5909522771835327","0.8966007232666016","-1.4875530004501343"
"Val","0","0.00004223456562613137","-0.5959599018096924","0.9448682069778442","-1.5408281087875366","-0.5616744160652161","0.8984390497207642","-1.460113525390625"
"Val","0","0.000012340350622253027","-0.6960793733596802","0.9734483957290649","-1.6695277690887451","-0.6616038084030151","0.9039566516876221","-1.5655604600906372"
"Val","0","0.00001253114351129625","-0.6766899824142456","0.9753576517105103","-1.6520476341247559","-0.6414227485656738","0.9127523303031921","-1.5541751384735107"
"Val","0","0.000013621417565445881","-0.6739861965179443","0.9720994234085083","-1.6460856199264526","-0.6424131393432617","0.9042263627052307","-1.5466394424438477"
"Val","0","0.000018256090697832406","-0.6810958385467529","0.95702064037323","-1.638116478919983","-0.6492582559585571","0.8975030183792114","-1.5467612743377686"
"Val","0","0.000018861042917706072","-0.6540563702583313","0.9564485549926758","-1.6105048656463623","-0.620693564414978","0.8996213674545288","-1.5203149318695068"
"Val","0","0.000011864187399623916","-0.7147007584571838","0.9736729860305786","-1.6883738040924072","-0.6804189085960388","0.9053026437759399","-1.585721492767334"
"Val","0","0.000011232260476390366","-0.6911517977714539","0.9768148064613342","-1.667966604232788","-0.6570335030555725","0.9104859828948975","-1.5675194263458252"
"Val","0","0.000012213880836497992","-0.6974304914474487","0.9757826328277588","-1.6732131242752075","-0.6628778576850891","0.9095664024353027","-1.572444200515747"
"Val","0","0.000014938879758119583","-0.69963139295578","0.9687464833259583","-1.6683778762817383","-0.6651065349578857","0.8976311683654785","-1.5627377033233643"
"Val","0","0.000013117021808284335","-0.6899892091751099","0.9788445234298706","-1.6688337326049805","-0.6559622883796692","0.9104013442993164","-1.5663635730743408"
"Val","0","0.000013416288311418612","-0.690119743347168","0.9718701839447021","-1.6619899272918701","-0.6566470861434937","0.9076950550079346","-1.5643421411514282"
"Val","0","0.000014300388102128636","-0.7208966016769409","0.952558159828186","-1.673454761505127","-0.6858635544776917","0.8918034434318542","-1.577666997909546"
"Val","0","0.00012964467168785632","-0.5080904960632324","0.8552844524383545","-1.363374948501587","-0.4841935932636261","0.8306201696395874","-1.3148137331008911"
"Val","0","0.000012228005289216526","-0.6935418844223022","0.9702286124229431","-1.6637704372406006","-0.6593141555786133","0.9027094841003418","-1.562023639678955"
"Val","0","0.000014558243492501788","-0.7132113575935364","0.9643305540084839","-1.677541971206665","-0.6791858673095703","0.9041970372200012","-1.5833828449249268"
"Val","0","0.000012455998330551665","-0.680923581123352","0.9665561318397522","-1.647479772567749","-0.650123119354248","0.9021266102790833","-1.5522496700286865"
"Val","0","0.000011707486009981949","-0.689888596534729","0.9735161066055298","-1.6634047031402588","-0.6550779342651367","0.9093076586723328","-1.5643856525421143"
"Val","0","0.000014047876902623102","-0.6375530958175659","0.9649898409843445","-1.6025428771972656","-0.6060038805007935","0.9099942445755005","-1.515998125076294"
"Val","0","0.0000184846758202184","-0.6756733655929565","0.9676128625869751","-1.6432862281799316","-0.6405813694000244","0.9033834934234619","-1.5439648628234863"
"Val","0","0.000014428044778469484","-0.7000085115432739","0.9747751355171204","-1.674783706665039","-0.6655765771865845","0.9086880683898926","-1.574264645576477"
"Val","0","0.00001673290717008058","-0.6594705581665039","0.9679650068283081","-1.627435564994812","-0.6237151622772217","0.9069671034812927","-1.5306823253631592"
"Val","0","0.00001329555561824236","-0.700836181640625","0.9731858968734741","-1.6740220785140991","-0.6654669642448425","0.9063946008682251","-1.5718615055084229"
"Val","0","0.00001554200025566388","-0.680606484413147","0.9691346883773804","-1.6497411727905273","-0.6489702463150024","0.9028310775756836","-1.551801323890686"
"Val","0","0.000013717139154323377","-0.6934432983398438","0.9715490341186523","-1.664992332458496","-0.6586889624595642","0.9008924961090088","-1.5595815181732178"
"Val","0","0.000016522311852895655","-0.6728507280349731","0.9630883932113647","-1.635939121246338","-0.6394596695899963","0.9134069085121155","-1.5528665781021118"
"Val","0","0.000012314123523538001","-0.6920812726020813","0.9758781790733337","-1.667959451675415","-0.6589605212211609","0.9101723432540894","-1.5691328048706055"
"Val","0","0.00008503926073899493","-0.5564682483673096","0.8698899745941162","-1.4263582229614258","-0.5313512086868286","0.8452507853507996","-1.3766019344329834"
"Val","0","0.000013126556950737722","-0.6964645981788635","0.9648488759994507","-1.661313533782959","-0.6639324426651001","0.8994796276092529","-1.563412070274353"
"Val","0","0.00003820975689450279","-0.6040633916854858","0.9496142864227295","-1.5536776781082153","-0.570116400718689","0.8966289162635803","-1.466745376586914"
"Val","0","0.000013659817341249436","-0.6854275465011597","0.9767435789108276","-1.6621711254119873","-0.6528148651123047","0.9086486101150513","-1.561463475227356"
"Val","0","0.00001225843243446434","-0.6987214684486389","0.9754221439361572","-1.6741435527801514","-0.6650556325912476","0.9108091592788696","-1.5758647918701172"
"Val","0","0.00001253462141903583","-0.7183458805084229","0.970572829246521","-1.6889187097549438","-0.6844170093536377","0.9043081998825073","-1.588725209236145"
"Val","0","0.000010788948202389292","-0.7007278203964233","0.9819819927215576","-1.682709813117981","-0.6662194728851318","0.9171299934387207","-1.5833494663238525"
"Val","0","0.000021179794202907942","-0.6522034406661987","0.9755460023880005","-1.6277494430541992","-0.6184696555137634","0.9132218360900879","-1.531691551208496"
"Val","0","0.00001635891203477513","-0.7021260857582092","0.9492365121841431","-1.651362657546997","-0.6693483591079712","0.8942821025848389","-1.56363046169281"
"Val","0","0.000014141591236693785","-0.7010918855667114","0.9709619283676147","-1.6720538139343262","-0.6688891649246216","0.9086986184120178","-1.5775878429412842"
"Val","0","0.000014044475392438471","-0.6593830585479736","0.9576311111450195","-1.6170141696929932","-0.6285793781280518","0.9049719572067261","-1.5335513353347778"
"Val","0","0.00001707466617517639","-0.6640726327896118","0.9595140814781189","-1.623586654663086","-0.6297172904014587","0.9039700627326965","-1.5336873531341553"
"Val","0","0.00004211648047203198","-0.5954304337501526","0.9347715377807617","-1.5302019119262695","-0.5601793527603149","0.8821770548820496","-1.4423563480377197"
"Val","0","0.00001551525383547414","-0.7066497802734375","0.9713623523712158","-1.6780121326446533","-0.6734881401062012","0.9043260216712952","-1.5778141021728516"
"Val","0","0.00001359218185825739","-0.6424180269241333","0.9758257269859314","-1.61824369430542","-0.6101263761520386","0.9203242063522339","-1.5304505825042725"
"Val","0","0.000018564347556093708","-0.635881245136261","0.9644094109535217","-1.6002906560897827","-0.6015673279762268","0.9138096570968628","-1.5153770446777344"
"Val","0","0.000013465742995322216","-0.6951338052749634","0.975379228591919","-1.6705130338668823","-0.6607828140258789","0.9067481756210327","-1.5675309896469116"
"Val","0","0.0000221927220991347","-0.6846494674682617","0.9660849571228027","-1.6507344245910645","-0.6482760906219482","0.9029565453529358","-1.5512325763702393"
"Val","0","0.00001383660583087476","-0.7013425827026367","0.9692181348800659","-1.6705607175827026","-0.6677932739257812","0.9097180366516113","-1.5775113105773926"
"Val","0","0.000015023530067992397","-0.7056851387023926","0.969721794128418","-1.6754069328308105","-0.6723801493644714","0.9057391881942749","-1.5781192779541016"
"Val","0","0.000022027055820217356","-0.6518230438232422","0.9621579647064209","-1.613981008529663","-0.6167324781417847","0.8957498669624329","-1.5124824047088623"
"Val","0","0.00001168568996945396","-0.6980206966400146","0.9737017750740051","-1.671722412109375","-0.6652246117591858","0.9118090271949768","-1.5770336389541626"
"Val","0","0.000014068873497308232","-0.6935117840766907","0.9787452220916748","-1.6722569465637207","-0.6610761284828186","0.9108132719993591","-1.5718894004821777"
"Val","0","0.000013369582120503765","-0.6835891008377075","0.9729976654052734","-1.656586766242981","-0.6515786647796631","0.90899658203125","-1.560575246810913"
"Val","0","0.00001397348205500748","-0.7249701619148254","0.9498494863510132","-1.6748197078704834","-0.6900889277458191","0.8890812397003174","-1.5791702270507812"
"Val","0","0.000015160446309891995","-0.6507696509361267","0.9714971780776978","-1.6222667694091797","-0.6160160303115845","0.9145026803016663","-1.5305187702178955"
"Val","0","0.00001621938281459734","-0.6869858503341675","0.9690925478935242","-1.6560783386230469","-0.6516495943069458","0.9081746339797974","-1.5598242282867432"
"Val","0","0.00003346498488099314","-0.6368249654769897","0.9483532905578613","-1.585178256034851","-0.6011456251144409","0.9050215482711792","-1.5061671733856201"
"Val","0","0.000013138505892129615","-0.7112388014793396","0.9688929915428162","-1.6801317930221558","-0.6780368685722351","0.9017305374145508","-1.5797674655914307"
"Val","0","0.000015982219338184223","-0.6875265836715698","0.9617656469345093","-1.649292230606079","-0.6527407169342041","0.8904826045036316","-1.5432233810424805"
"Val","0","0.0000173769258253742","-0.6832010746002197","0.9608049392700195","-1.6440060138702393","-0.6490735411643982","0.8955520987510681","-1.5446256399154663"
"Val","0","0.000012598437024280429","-0.6934481859207153","0.9750360250473022","-1.6684842109680176","-0.6582348346710205","0.9129194021224976","-1.571154236793518"
"Val","0","0.00001228221026394749","-0.6675021648406982","0.9836926460266113","-1.6511948108673096","-0.6337687373161316","0.9246984720230103","-1.558467149734497"
"Val","0","0.000015108802472241223","-0.6890086531639099","0.9756469130516052","-1.6646555662155151","-0.6543158292770386","0.9074544310569763","-1.5617702007293701"
"Val","0","0.000013035889423917979","-0.6971463561058044","0.9754278659820557","-1.6725742816925049","-0.6629598736763","0.9116654396057129","-1.5746252536773682"
"Val","0","0.000013608069821202662","-0.6940546631813049","0.9732458591461182","-1.6673004627227783","-0.6610954403877258","0.9017006158828735","-1.5627961158752441"
"Val","0","0.00001848432293627411","-0.6705422401428223","0.9735874533653259","-1.644129753112793","-0.6369895339012146","0.9094294309616089","-1.5464189052581787"
"Val","0","0.000012511535715020727","-0.7071529626846313","0.975667417049408","-1.6828203201293945","-0.6714878678321838","0.9083276391029358","-1.5798155069351196"
"Val","0","0.000021610152543871664","-0.661672830581665","0.9554975032806396","-1.6171703338623047","-0.6264429092407227","0.8961679339408875","-1.5226109027862549"
"Val","0","0.000026563298888504505","-0.6225764751434326","0.9354492425918579","-1.5580257177352905","-0.5913318395614624","0.8945391178131104","-1.4858709573745728"
"Val","0","0.000015780575267854147","-0.6377878785133362","0.975469708442688","-1.613257646560669","-0.6045811772346497","0.918262243270874","-1.522843360900879"
"Val","0","0.00001534759212518111","-0.6665877103805542","0.9665095806121826","-1.6330972909927368","-0.6316818594932556","0.914170503616333","-1.5458524227142334"
"Val","0","0.000013183575902075972","-0.6870250105857849","0.9781665802001953","-1.665191650390625","-0.6519101858139038","0.9133555293083191","-1.5652656555175781"
"Val","0","0.000013376494280237239","-0.6621469855308533","0.9750833511352539","-1.637230396270752","-0.6283757090568542","0.91012042760849","-1.5384961366653442"
"Val","0","0.000013430152648652438","-0.6640499234199524","0.9695308208465576","-1.6335806846618652","-0.6317898035049438","0.9046284556388855","-1.5364181995391846"
"Val","0","0.000013257180398795754","-0.6844796538352966","0.9685627818107605","-1.6530424356460571","-0.6495332717895508","0.898627758026123","-1.5481610298156738"
"Val","0","0.000012159720427007414","-0.7143340110778809","0.96830815076828","-1.6826422214508057","-0.6803978681564331","0.9013756513595581","-1.5817735195159912"
"Val","0","0.000014993800505180843","-0.6942386627197266","0.9695793986320496","-1.663818120956421","-0.6581278443336487","0.9012590050697327","-1.5593868494033813"
"Val","0","0.000014460802958637942","-0.6899173855781555","0.970988929271698","-1.6609063148498535","-0.6546909809112549","0.9014871120452881","-1.556178092956543"
"Val","0","0.000013749764548265375","-0.7035840749740601","0.9702945947647095","-1.6738786697387695","-0.6688841581344604","0.9044294357299805","-1.573313593864441"
"Val","0","0.000019478089598123915","-0.6530433893203735","0.9681280851364136","-1.621171474456787","-0.6201620697975159","0.912422776222229","-1.5325849056243896"
"Val","0","0.000015925284969853237","-0.6788113117218018","0.9716929793357849","-1.6505043506622314","-0.6455597877502441","0.9091985821723938","-1.5547583103179932"
"Val","0","0.00001683925074758008","-0.6905778646469116","0.9701749086380005","-1.660752773284912","-0.6576454639434814","0.9080542922019958","-1.565699815750122"
"Val","0","0.000015759971574880183","-0.6837625503540039","0.9754519462585449","-1.6592144966125488","-0.6486271619796753","0.9075554013252258","-1.556182622909546"
"Val","0","0.000012400209925544914","-0.7106071710586548","0.9739104509353638","-1.6845176219940186","-0.6762570142745972","0.9040332436561584","-1.5802903175354004"
"Val","0","0.000012108595001336653","-0.6849088668823242","0.9787845611572266","-1.6636934280395508","-0.6502023935317993","0.9116619825363159","-1.5618643760681152"
"Val","0","0.000012694123142864555","-0.6819243431091309","0.9792177081108093","-1.661142110824585","-0.6475064158439636","0.9179306030273438","-1.5654370784759521"
"Val","0","0.000010530085091886576","-0.6990113258361816","0.9689117074012756","-1.6679229736328125","-0.6645742654800415","0.9020153284072876","-1.566589593887329"
"Val","0","0.000013397469047049526","-0.6798982620239258","0.9630110263824463","-1.642909288406372","-0.647251546382904","0.8959949016571045","-1.5432465076446533"
"Val","0","0.000014941259905754123","-0.6972364187240601","0.9710526466369629","-1.668289065361023","-0.6616675853729248","0.9015070199966431","-1.5631746053695679"
"Val","0","0.000018986756913363934","-0.6461911797523499","0.9708117246627808","-1.6170029640197754","-0.6111021041870117","0.9068460464477539","-1.5179481506347656"
"Val","0","0.000021970350644551218","-0.6538560390472412","0.9701792001724243","-1.6240352392196655","-0.6187164783477783","0.9186481833457947","-1.5373647212982178"
"Val","0","0.000013822335859003942","-0.6855509281158447","0.970758318901062","-1.6563092470169067","-0.6520169377326965","0.9099861979484558","-1.5620031356811523"
"Val","0","0.000017762928109732457","-0.678099513053894","0.972933292388916","-1.65103280544281","-0.642607569694519","0.9132758378982544","-1.5558834075927734"
"Val","0","0.000014892139006406069","-0.7069982290267944","0.9699509143829346","-1.676949143409729","-0.6718358397483826","0.9000759124755859","-1.5719118118286133"
"Val","0","0.000015260797226801515","-0.691435694694519","0.9671149253845215","-1.6585506200790405","-0.6565505266189575","0.9045243859291077","-1.56107497215271"
"Val","0","0.000012703107131528668","-0.6979631781578064","0.9611088037490845","-1.659071922302246","-0.665315568447113","0.8871099352836609","-1.552425503730774"
"Val","0","0.00001724598951113876","-0.679643988609314","0.9704761505126953","-1.6501201391220093","-0.6448171734809875","0.9111430644989014","-1.5559601783752441"
"Val","0","0.000016921674614422955","-0.6362942457199097","0.9529680013656616","-1.5892622470855713","-0.6041799783706665","0.892087459564209","-1.4962674379348755"
"Val","0","0.00001221653656102717","-0.6920872926712036","0.979704737663269","-1.6717920303344727","-0.6579409837722778","0.9165911674499512","-1.574532151222229"
"Val","0","0.00001257378335139947","-0.7045093774795532","0.9664471745491028","-1.6709566116333008","-0.6695799827575684","0.8980148434638977","-1.5675947666168213"
"Val","0","0.00001834955946833361","-0.6480075120925903","0.9714248776435852","-1.6194324493408203","-0.6155445575714111","0.9060782790184021","-1.521622896194458"
"Val","0","0.000013766491974820383","-0.6880797147750854","0.9756189584732056","-1.663698673248291","-0.6545249223709106","0.90540611743927","-1.5599310398101807"
"Val","0","0.000012368485840852372","-0.6719649434089661","0.9792895317077637","-1.651254415512085","-0.6377564072608948","0.9159629344940186","-1.5537192821502686"
"Val","0","0.00002194595435867086","-0.6845614910125732","0.9542893767356873","-1.6388509273529053","-0.6508322954177856","0.9042590260505676","-1.555091381072998"
"Val","0","0.000011358332812960725","-0.6738904118537903","0.9756187200546265","-1.6495091915130615","-0.6397719383239746","0.9174330234527588","-1.5572049617767334"
"Val","0","0.000014017231478646863","-0.6521711349487305","0.9636399745941162","-1.6158111095428467","-0.6185805201530457","0.9027577042579651","-1.5213382244110107"
"Val","0","0.000013858607417205349","-0.6840826869010925","0.9777324795722961","-1.6618151664733887","-0.6491808891296387","0.914897620677948","-1.5640785694122314"
"Val","0","0.000016004165445338003","-0.7136533260345459","0.954852819442749","-1.668506145477295","-0.6794398427009583","0.895416796207428","-1.5748566389083862"
"Val","0","0.000012137476005591452","-0.7173346281051636","0.9689919948577881","-1.6863266229629517","-0.6833460330963135","0.8983256816864014","-1.5816717147827148"
"Val","0","0.000013165371456125285","-0.6910849809646606","0.9631116390228271","-1.6541966199874878","-0.6557227969169617","0.8980157375335693","-1.5537385940551758"
"Val","0","0.00001876401984191034","-0.6312693357467651","0.9710767269134521","-1.6023460626602173","-0.5981642603874207","0.9232422113418579","-1.5214064121246338"
"Val","0","0.00003346702578710392","-0.5909224152565002","0.9520494937896729","-1.5429718494415283","-0.5560563206672668","0.9058460593223572","-1.461902379989624"
"Val","0","0.000011872924915223848","-0.7092525959014893","0.9735798239707947","-1.6828324794769287","-0.6747530102729797","0.9105597734451294","-1.585312843322754"
"Val","0","0.00002337851947231684","-0.6397751569747925","0.9324378967285156","-1.572213053703308","-0.608699381351471","0.8871885538101196","-1.4958879947662354"
"Val","0","0.000011783766240114346","-0.7080568075180054","0.9753119349479675","-1.6833686828613281","-0.6735430955886841","0.9105636477470398","-1.584106683731079"
"Val","0","0.00001153028915723553","-0.7019234895706177","0.9743303656578064","-1.6762537956237793","-0.6681324243545532","0.9093315005302429","-1.5774638652801514"
"Val","0","0.00002636327553773299","-0.663244366645813","0.9470176696777344","-1.6102620363235474","-0.6274487376213074","0.8849519491195679","-1.5124006271362305"
"Val","0","0.000022477948732557707","-0.6682523488998413","0.9679428339004517","-1.636195182800293","-0.6324425339698792","0.9033077955245972","-1.535750389099121"
"Val","0","0.000012865662029071245","-0.7158015370368958","0.9700074195861816","-1.6858088970184326","-0.6813205480575562","0.9052055478096008","-1.5865261554718018"
"Val","0","0.000013448197933030315","-0.6776292324066162","0.9785259366035461","-1.6561551094055176","-0.6429874897003174","0.9119479656219482","-1.5549354553222656"
"Val","0","0.000017237061911146156","-0.6447494029998779","0.9778397083282471","-1.622589111328125","-0.6116186380386353","0.9283109903335571","-1.5399296283721924"
"Val","0","0.00001214246640302008","-0.6689438819885254","0.9657919406890869","-1.6347358226776123","-0.6381863951683044","0.910347580909729","-1.5485339164733887"
"Val","0","0.00001772985706338659","-0.6565799713134766","0.9731969833374023","-1.629776954650879","-0.6226599216461182","0.9157121777534485","-1.5383720397949219"
"Val","0","0.000026296729629393667","-0.6157213449478149","0.9429730176925659","-1.5586943626403809","-0.584320068359375","0.8873466849327087","-1.4716668128967285"
"Val","0","0.000031390802178066224","-0.6061286926269531","0.9256191253662109","-1.531747817993164","-0.5768758654594421","0.8713346719741821","-1.4482104778289795"
"Val","0","0.000011549009286682121","-0.6592029333114624","0.9600980281829834","-1.6193009614944458","-0.6305535435676575","0.9024929404258728","-1.5330464839935303"
"Val","0","0.000012685144611168653","-0.701246976852417","0.9735043048858643","-1.6747512817382812","-0.6677700281143188","0.9052421450614929","-1.573012113571167"
"Val","0","0.000021284477043082006","-0.6634876132011414","0.9624922871589661","-1.6259799003601074","-0.6278132200241089","0.8968797922134399","-1.5246930122375488"
"Val","0","0.00001395742037857417","-0.6442183256149292","0.9710949659347534","-1.6153132915496826","-0.6114513874053955","0.9112992286682129","-1.5227506160736084"
"Val","0","0.000014964915862947237","-0.6905769109725952","0.9720315933227539","-1.6626085042953491","-0.6568959951400757","0.9041204452514648","-1.5610164403915405"
"Val","0","0.00007006579835433513","-0.501062273979187","0.9254584312438965","-1.4265207052230835","-0.4683879613876343","0.8996332287788391","-1.3680212497711182"
"Val","0","0.000012654405509238131","-0.6874337196350098","0.9694530963897705","-1.6568868160247803","-0.6533986330032349","0.9006636142730713","-1.5540622472763062"
"Val","0","0.000013699189366889186","-0.693053126335144","0.9754636287689209","-1.668516755104065","-0.6589198112487793","0.9146386384963989","-1.5735584497451782"
"Val","0","0.000028239730454515666","-0.6555263996124268","0.949365496635437","-1.6048918962478638","-0.619688093662262","0.8878291249275208","-1.5075172185897827"
"Val","0","0.000015359115423052572","-0.7063878774642944","0.9624812602996826","-1.668869137763977","-0.6712706685066223","0.8960031270980835","-1.5672738552093506"
"Val","0","0.000026513112970860675","-0.6102383136749268","0.9487537145614624","-1.5589920282363892","-0.5739792585372925","0.8953193426132202","-1.4692986011505127"
"Val","0","0.000013173356819606852","-0.7114624977111816","0.9697993397712708","-1.6812617778778076","-0.6786780953407288","0.9029334783554077","-1.5816116333007812"
"Val","0","0.000015913961760816164","-0.67405104637146","0.9640401005744934","-1.6380910873413086","-0.6408824324607849","0.8994303941726685","-1.5403127670288086"
"Val","0","0.000013291526556713507","-0.6730490326881409","0.9792314171791077","-1.6522804498672485","-0.6383917331695557","0.9156807661056519","-1.5540724992752075"
"Val","0","0.000012624283954210114","-0.6787211894989014","0.9743320941925049","-1.6530532836914062","-0.6453546285629272","0.9069170951843262","-1.5522717237472534"
"Val","0","0.000014661065506516024","-0.7020282745361328","0.9730932712554932","-1.675121545791626","-0.66722571849823","0.9035350680351257","-1.570760726928711"
"Val","0","0.00001748704380588606","-0.7047505378723145","0.9540667533874512","-1.6588172912597656","-0.6710629463195801","0.8972675800323486","-1.5683305263519287"
"Val","0","0.000020515808500931598","-0.64112389087677","0.9677823781967163","-1.6089062690734863","-0.6063921451568604","0.9174947738647461","-1.5238869190216064"
"Val","0","0.00001610339131730143","-0.6619616746902466","0.9752055406570435","-1.63716721534729","-0.6285179853439331","0.9136173725128174","-1.5421353578567505"
"Val","0","0.000013069260603515431","-0.6914962530136108","0.9754543900489807","-1.6669507026672363","-0.6569295525550842","0.9077301025390625","-1.564659595489502"
"Val","0","0.000013410368410404772","-0.6952629089355469","0.976311981678009","-1.6715748310089111","-0.660535454750061","0.9138047695159912","-1.5743402242660522"
"Val","0","0.000011724692740244791","-0.6875108480453491","0.9552547335624695","-1.6427655220031738","-0.6549146771430969","0.8964398503303528","-1.5513545274734497"
"Val","0","0.000011551134775800165","-0.703444242477417","0.9754695296287537","-1.6789138317108154","-0.6703043580055237","0.9086476564407349","-1.5789520740509033"
"Val","0","0.000011687719052133616","-0.7004857063293457","0.9701124429702759","-1.6705981492996216","-0.6655527353286743","0.9029310941696167","-1.568483829498291"
"Val","0","0.000013121951269567944","-0.6830379962921143","0.9800353050231934","-1.6630733013153076","-0.6492468118667603","0.9147048592567444","-1.5639517307281494"
"Val","0","0.000017596363250049762","-0.6882245540618896","0.9707223773002625","-1.6589469909667969","-0.6522984504699707","0.9040719866752625","-1.556370496749878"
"Val","0","0.000012887090633739717","-0.6787159442901611","0.979587197303772","-1.658303141593933","-0.6444793343544006","0.9148709774017334","-1.5593502521514893"
"Val","0","0.000012684417924901936","-0.7094501852989197","0.9759818911552429","-1.6854320764541626","-0.6747252345085144","0.9072252511978149","-1.5819504261016846"
"Val","0","0.000014525292499456555","-0.7023125886917114","0.969245970249176","-1.6715586185455322","-0.6684917211532593","0.9090961217880249","-1.5775878429412842"
"Val","0","0.000016929194316617213","-0.6997758150100708","0.9640223979949951","-1.663798213005066","-0.6642808318138123","0.8912267088890076","-1.5555075407028198"
"Val","0","0.000026113777494174428","-0.6632066369056702","0.944701075553894","-1.607907772064209","-0.6305785179138184","0.8906440734863281","-1.5212225914001465"
"Val","0","0.000013902700629842002","-0.688442587852478","0.9730583429336548","-1.6615009307861328","-0.6535035371780396","0.9037665724754333","-1.5572700500488281"
"Val","0","0.000011178442946402356","-0.7001016736030579","0.9777479767799377","-1.6778496503829956","-0.6657538414001465","0.9110718965530396","-1.576825737953186"
"Val","0","0.000012911286830785684","-0.6952453255653381","0.972948431968689","-1.6681938171386719","-0.6603367328643799","0.9039974808692932","-1.5643341541290283"
"Val","0","0.000014135497622191906","-0.6858559846878052","0.9764339327812195","-1.6622898578643799","-0.6533023118972778","0.9101707935333252","-1.563473105430603"
"Val","0","0.00001522361344541423","-0.6545165777206421","0.9697508215904236","-1.624267339706421","-0.6194732189178467","0.9117823243141174","-1.5312554836273193"
"Val","0","0.000012614042134373449","-0.6584998369216919","0.9813038110733032","-1.6398036479949951","-0.6267349720001221","0.9225733280181885","-1.5493083000183105"
"Val","0","0.000014737744095327798","-0.7029191255569458","0.9754112362861633","-1.678330421447754","-0.6688089370727539","0.9105089902877808","-1.5793179273605347"
"Val","0","0.000013827490874973591","-0.6933623552322388","0.9506000876426697","-1.6439623832702637","-0.660886287689209","0.8942247033119202","-1.5551109313964844"
"Val","0","0.00001517621331004193","-0.703495442867279","0.968288242816925","-1.671783685684204","-0.6676375269889832","0.8997755646705627","-1.567413091659546"
"Val","0","0.000013887778550270014","-0.699176549911499","0.9727588891983032","-1.6719354391098022","-0.6653037667274475","0.9042248129844666","-1.569528579711914"
"Val","0","0.000014523560821544379","-0.684597373008728","0.9749029278755188","-1.6595003604888916","-0.6502354741096497","0.913972795009613","-1.5642082691192627"
"Val","0","0.000013027972272539046","-0.6688001155853271","0.9733015894889832","-1.642101764678955","-0.6337096095085144","0.9125298261642456","-1.5462393760681152"
"Val","0","0.000012852282452513464","-0.7043852210044861","0.9742895364761353","-1.6786746978759766","-0.6696667671203613","0.9075859189033508","-1.5772526264190674"
"Val","0","0.000017316773664788343","-0.635288655757904","0.9635782241821289","-1.5988669395446777","-0.6015670299530029","0.9049933552742004","-1.5065603256225586"
"Val","0","0.000025895225917338394","-0.6543094515800476","0.9461919665336609","-1.6005014181137085","-0.6217769384384155","0.9013237953186035","-1.523100733757019"
"Val","0","0.000012038475688314065","-0.7025320529937744","0.9672415256500244","-1.6697735786437988","-0.6691573858261108","0.8992236852645874","-1.5683810710906982"
"Val","0","0.000029887387427152134","-0.596234917640686","0.9466418623924255","-1.5428767204284668","-0.5633440017700195","0.8909945487976074","-1.454338550567627"
"Val","0","0.000014159216334519442","-0.6716745495796204","0.9698371291160583","-1.6415116786956787","-0.6379010677337646","0.9008600115776062","-1.5387611389160156"
"Val","0","0.000010199046300840564","-0.6939373016357422","0.9777625799179077","-1.67169988155365","-0.6600340008735657","0.9141891002655029","-1.5742230415344238"
"Val","0","0.000014776052012166474","-0.6715553402900696","0.982731282711029","-1.6542866230010986","-0.6369707584381104","0.9216050505638123","-1.5585758686065674"
"Val","0","0.00001644821895752102","-0.6631011962890625","0.9663084149360657","-1.6294095516204834","-0.6285114288330078","0.9106809496879578","-1.5391924381256104"
"Val","0","0.000013069709893898107","-0.7133853435516357","0.9705934524536133","-1.683978796005249","-0.6798721551895142","0.9006140232086182","-1.5804861783981323"
"Val","0","0.000018098551663570106","-0.6570602655410767","0.9747470617294312","-1.6318073272705078","-0.6230248212814331","0.9139077067375183","-1.5369324684143066"
"Val","0","0.000014399467545445077","-0.7081737518310547","0.9707524180412292","-1.6789262294769287","-0.6732052564620972","0.9009469747543335","-1.5741522312164307"
"Val","0","0.00001119706121244235","-0.6972123384475708","0.9786427021026611","-1.675855040550232","-0.663139820098877","0.9136990904808044","-1.5768389701843262"
"Val","0","0.000011901731340913102","-0.7081080675125122","0.97275710105896","-1.6808651685714722","-0.673661470413208","0.9061963558197021","-1.5798578262329102"
"Val","0","0.00001529737164673861","-0.668414831161499","0.9759072065353394","-1.6443220376968384","-0.6340839862823486","0.9134233593940735","-1.5475072860717773"
"Val","0","0.00001324011100223288","-0.7061895132064819","0.9649536609649658","-1.6711431741714478","-0.6710504293441772","0.89492267370224","-1.5659730434417725"
"Val","1","0.9997043013572693","0.8021199703216553","-0.3540325164794922","1.1561524868011475","0.7833696007728577","-0.28801271319389343","1.0713822841644287"
"Val","1","0.9999831914901733","0.9392554759979248","-0.6358984708786011","1.5751539468765259","0.902550458908081","-0.5794717669487","1.4820222854614258"
"Val","1","0.9999697208404541","0.9350317120552063","-0.567866325378418","1.5028979778289795","0.8989531993865967","-0.49847692251205444","1.397430181503296"
"Val","1","0.9999707937240601","0.9234304428100586","-0.5483647584915161","1.4717952013015747","0.8857479691505432","-0.4745907783508301","1.3603386878967285"
"Val","1","0.9999839067459106","0.9608725905418396","-0.6507793664932251","1.61165189743042","0.9198191165924072","-0.5901637673377991","1.5099828243255615"
"Val","1","0.9999738931655884","0.9110564589500427","-0.5312459468841553","1.4423024654388428","0.8775207996368408","-0.4710913300514221","1.3486120700836182"
"Val","1","0.9986956715583801","0.7089474201202393","-0.25884294509887695","0.9677903652191162","0.6905938386917114","-0.17890208959579468","0.8694959282875061"
"Val","1","0.0002666194341145456","-0.4245414137840271","0.8043746948242188","-1.2289161682128906","-0.39875054359436035","0.7944227457046509","-1.1931732892990112"
"Val","1","0.9951207041740417","0.5576297044754028","-0.16720831394195557","0.7248380184173584","0.5421936511993408","-0.0920284166932106","0.6342220902442932"
"Val","1","0.9999806880950928","0.9291546940803528","-0.57657390832901","1.5057286024093628","0.8915369510650635","-0.51495760679245","1.4064946174621582"
"Val","1","0.9998486042022705","0.8703422546386719","-0.48913300037384033","1.3594752550125122","0.8403153419494629","-0.4021950364112854","1.2425103187561035"
"Val","1","0.9998584985733032","0.8151518702507019","-0.3553856611251831","1.1705374717712402","0.7902376651763916","-0.29689687490463257","1.087134599685669"
"Val","1","0.999977707862854","0.923554003238678","-0.5569300651550293","1.4804840087890625","0.8848787546157837","-0.4897018074989319","1.3745806217193604"
"Val","1","0.8951370716094971","0.2921451926231384","0.10250920802354813","0.1896359920501709","0.29244178533554077","0.18010444939136505","0.11233733594417572"
"Val","1","0.999971866607666","0.9187048673629761","-0.5537247061729431","1.4724295139312744","0.8819972276687622","-0.4884498119354248","1.370447039604187"
"Val","1","0.9994251728057861","0.705555260181427","-0.39169561862945557","1.0972509384155273","0.6790844202041626","-0.3224106729030609","1.001495122909546"
"Val","1","0.22748608887195587","0.09314265102148056","0.31634026765823364","-0.22319760918617249","0.10499072074890137","0.3691779375076294","-0.264187216758728"
"Val","1","0.9997177720069885","0.799386203289032","-0.37171471118927","1.1711008548736572","0.7748374938964844","-0.29849308729171753","1.0733306407928467"
"Val","1","0.9999865293502808","0.9640662670135498","-0.6801466345787048","1.6442129611968994","0.9263818264007568","-0.6216665506362915","1.5480483770370483"
"Val","1","0.04312709718942642","-0.029003668576478958","0.4459667205810547","-0.47497040033340454","-0.010975208133459091","0.4922318458557129","-0.5032070279121399"
"Val","1","0.9999850988388062","0.9600628018379211","-0.6312993168830872","1.5913621187210083","0.9206281900405884","-0.5678961277008057","1.488524317741394"
"Val","1","0.018128668889403343","-0.14117997884750366","0.5179219245910645","-0.6591019034385681","-0.1231328472495079","0.5577054619789124","-0.6808382868766785"
"Val","1","0.9999783039093018","0.9075866937637329","-0.6257951259613037","1.5333818197250366","0.8795321583747864","-0.5751578211784363","1.4546899795532227"
"Val","1","0.860620379447937","0.2749949097633362","0.11333737522363663","0.16165754199028015","0.27150776982307434","0.17679791152477264","0.0947098582983017"
"Val","1","0.9999444484710693","0.897295355796814","-0.5214297771453857","1.4187251329421997","0.864077091217041","-0.4534175992012024","1.3174946308135986"
"Val","1","0.9998931884765625","0.8367635011672974","-0.5003869533538818","1.3371504545211792","0.8053827285766602","-0.436241090297699","1.241623878479004"
"Val","1","0.999963641166687","0.9364386200904846","-0.620597243309021","1.5570359230041504","0.8983801007270813","-0.5432056188583374","1.4415857791900635"
"Val","1","0.9998692274093628","0.8517761826515198","-0.4925028383731842","1.3442790508270264","0.826445460319519","-0.4291040301322937","1.255549430847168"
"Val","1","0.08131719380617142","-0.07081084698438644","0.5058399438858032","-0.5766507983207703","-0.04223131760954857","0.5337210893630981","-0.575952410697937"
"Val","1","0.999984860420227","0.9533155560493469","-0.5932061076164246","1.5465216636657715","0.9145894050598145","-0.5323706269264221","1.4469599723815918"
"Val","1","0.9996751546859741","0.7718045711517334","-0.38221895694732666","1.15402352809906","0.7490061521530151","-0.31206876039505005","1.06107497215271"
"Val","1","0.9997348189353943","0.7694865465164185","-0.3541153073310852","1.1236019134521484","0.7424312233924866","-0.2736945152282715","1.0161256790161133"
"Val","1","0.9999681711196899","0.8653367757797241","-0.5747690796852112","1.44010591506958","0.8414462804794312","-0.5268891453742981","1.368335485458374"
"Val","1","0.9999790191650391","0.9325516223907471","-0.5970562696456909","1.529607892036438","0.8899227380752563","-0.525895893573761","1.415818691253662"
"Val","1","0.999731719493866","0.7738844752311707","-0.414101243019104","1.1879856586456299","0.7466431260108948","-0.33688321709632874","1.083526372909546"
"Val","1","0.9545862674713135","0.44341158866882324","0.0663333535194397","0.37707823514938354","0.4475114047527313","0.10371027886867523","0.3438011407852173"
"Val","1","0.9999873638153076","0.9653851389884949","-0.6368975639343262","1.6022827625274658","0.9222992062568665","-0.5723280310630798","1.4946272373199463"
"Val","1","0.0015052389353513718","-0.3106412887573242","0.7091606855392456","-1.0198019742965698","-0.29376721382141113","0.7095845341682434","-1.0033516883850098"
"Val","1","0.8945427536964417","0.4498678743839264","0.10992251336574554","0.33994537591934204","0.45468640327453613","0.1850070208311081","0.26967936754226685"
"Val","1","0.9999498128890991","0.9375766515731812","-0.5460214614868164","1.4835981130599976","0.9047510623931885","-0.4687407612800598","1.3734917640686035"
"Val","1","0.9999603033065796","0.8534752130508423","-0.5432708263397217","1.396746039390564","0.8308001160621643","-0.49706631898880005","1.3278664350509644"
"Val","1","0.9997169375419617","0.8003047704696655","-0.3987845778465271","1.1990892887115479","0.7731524705886841","-0.3213885426521301","1.094541072845459"
"Val","1","0.9999279975891113","0.8918329477310181","-0.5138850808143616","1.4057180881500244","0.8644511699676514","-0.45062583684921265","1.3150770664215088"
"Val","1","0.9999402761459351","0.874426007270813","-0.5675309896469116","1.4419569969177246","0.8367445468902588","-0.49423947930336","1.3309839963912964"
"Val","1","0.2230236530303955","-0.012295342981815338","0.22031916677951813","-0.23261451721191406","-0.00023356452584266663","0.28508955240249634","-0.2853231132030487"
"Val","1","0.9948957562446594","0.6055549383163452","-0.12445688992738724","0.7300118207931519","0.6034384369850159","-0.07097920030355453","0.6744176149368286"
"Val","1","0.9999455213546753","0.9083428382873535","-0.49778544902801514","1.4061282873153687","0.874792218208313","-0.42483484745025635","1.2996270656585693"
"Val","1","0.7741153240203857","0.21009990572929382","0.12800756096839905","0.08209234476089478","0.21409988403320312","0.20110942423343658","0.01299045979976654"
"Val","1","0.9999450445175171","0.8660616874694824","-0.5180749893188477","1.38413667678833","0.8306810855865479","-0.46813082695007324","1.298811912536621"
"Val","1","0.9999792575836182","0.9495539665222168","-0.5845902562141418","1.5341441631317139","0.913794994354248","-0.5235756039619446","1.4373705387115479"
"Val","1","0.9997779726982117","0.8015531301498413","-0.37341612577438354","1.17496919631958","0.7786619067192078","-0.28982558846473694","1.068487524986267"
"Val","1","0.9999735355377197","0.9158862829208374","-0.5810277462005615","1.496914029121399","0.8839625716209412","-0.5248153209686279","1.4087779521942139"
"Val","1","0.9999852180480957","0.9648367166519165","-0.6211279630661011","1.5859646797180176","0.9256415367126465","-0.5609606504440308","1.4866021871566772"
"Val","1","0.9999840259552002","0.9670519828796387","-0.6519035696983337","1.6189556121826172","0.9259247779846191","-0.5849710702896118","1.510895848274231"
"Val","1","0.9999438524246216","0.8428468704223633","-0.5377224683761597","1.380569338798523","0.8234977722167969","-0.48682117462158203","1.310318946838379"
"Val","1","0.9999743700027466","0.9480205774307251","-0.5651437044143677","1.5131642818450928","0.9127449989318848","-0.49782782793045044","1.4105727672576904"
"Val","1","0.9995357990264893","0.7805683016777039","-0.4059996008872986","1.1865679025650024","0.7529676556587219","-0.3217657208442688","1.0747333765029907"
"Val","1","0.9999618530273438","0.9190626740455627","-0.5548691749572754","1.4739317893981934","0.8851861357688904","-0.48060452938079834","1.365790605545044"
"Val","1","0.9999798536300659","0.9356834292411804","-0.6161887049674988","1.5518721342086792","0.8966363072395325","-0.5516312718391418","1.4482675790786743"
"Val","1","0.9991533756256104","0.6883004903793335","-0.2764233648777008","0.9647238254547119","0.666456401348114","-0.22085891664028168","0.8873153328895569"
"Val","1","0.9999619722366333","0.9270601272583008","-0.552201509475708","1.4792616367340088","0.8895958662033081","-0.4834103584289551","1.3730062246322632"
"Val","1","0.9999809265136719","0.9506407380104065","-0.5997311472892761","1.5503718852996826","0.9152019619941711","-0.5333586931228638","1.4485607147216797"
"Val","1","0.9996404647827148","0.7621089220046997","-0.3538062572479248","1.1159151792526245","0.738715410232544","-0.2829824388027191","1.0216978788375854"
"Val","1","0.9999793767929077","0.9491432309150696","-0.6586604118347168","1.6078035831451416","0.9059907793998718","-0.5912880301475525","1.4972788095474243"
"Val","1","0.9999781847000122","0.9319456815719604","-0.5640988349914551","1.4960445165634155","0.8944743275642395","-0.4998341500759125","1.3943084478378296"
"Val","1","0.8591081500053406","0.23094730079174042","0.09388594329357147","0.13706135749816895","0.2252538800239563","0.15147486329078674","0.07377901673316956"
"Val","1","0.9998980760574341","0.8688626289367676","-0.3745157718658447","1.2433784008026123","0.8432332277297974","-0.30409881472587585","1.1473320722579956"
"Val","1","0.9999830722808838","0.9467405676841736","-0.6049313545227051","1.5516719818115234","0.909314751625061","-0.5441636443138123","1.4534783363342285"
"Val","1","0.997581958770752","0.4996839165687561","-0.15067394077777863","0.6503578424453735","0.5073629021644592","-0.11618618667125702","0.6235491037368774"
"Val","1","0.9999749660491943","0.9393924474716187","-0.5663207173347473","1.5057132244110107","0.9014376401901245","-0.488983154296875","1.3904207944869995"
"Val","1","0.9983739852905273","0.6647026538848877","-0.33972159028053284","1.0044242143630981","0.6473407745361328","-0.2522943913936615","0.8996351957321167"
"Val","1","0.999671220779419","0.7344459295272827","-0.33345380425453186","1.0678997039794922","0.7050188183784485","-0.24297380447387695","0.9479926228523254"
"Val","1","0.9999719858169556","0.9357583522796631","-0.58992600440979","1.5256843566894531","0.9030779004096985","-0.522277295589447","1.4253551959991455"
"Val","1","0.9999696016311646","0.9279413223266602","-0.5197414755821228","1.4476828575134277","0.8935787081718445","-0.45980727672576904","1.3533859252929688"
"Val","1","0.9999865293502808","0.9691302180290222","-0.652824878692627","1.621955156326294","0.9256175756454468","-0.5864542722702026","1.5120718479156494"
"Val","1","0.9576911330223083","0.4393426477909088","0.039942748844623566","0.39939990639686584","0.43593958020210266","0.11590705066919327","0.32003253698349"
"Val","1","0.9999793767929077","0.9196380376815796","-0.6164522767066956","1.53609037399292","0.889512836933136","-0.5641940832138062","1.453706979751587"
"Val","1","0.999757707118988","0.7582951784133911","-0.4621660113334656","1.220461130142212","0.727868378162384","-0.3841255307197571","1.1119939088821411"
"Val","1","0.999968409538269","0.9007736444473267","-0.54604572057724","1.4468193054199219","0.8642975091934204","-0.4835086464881897","1.3478062152862549"
"Val","1","0.9999868869781494","0.9521134495735168","-0.6686291694641113","1.6207425594329834","0.9083408713340759","-0.6031836867332458","1.5115245580673218"
"Val","1","0.9999847412109375","0.9575668573379517","-0.6295347213745117","1.5871015787124634","0.9168769121170044","-0.5658812522888184","1.4827581644058228"
"Val","1","0.9999780654907227","0.9345935583114624","-0.5767003893852234","1.511293888092041","0.9019346237182617","-0.515762448310852","1.4176970720291138"
"Val","1","0.9930353164672852","0.5928539037704468","-0.19538703560829163","0.788240909576416","0.578493058681488","-0.1368902027606964","0.7153832912445068"
"Val","1","0.9999631643295288","0.9041426181793213","-0.5873197317123413","1.4914623498916626","0.8661403059959412","-0.529183566570282","1.3953238725662231"
"Val","1","0.9999732971191406","0.9124180674552917","-0.5470121502876282","1.45943021774292","0.8809239864349365","-0.48249495029449463","1.3634189367294312"
"Val","1","0.9999731779098511","0.870046854019165","-0.6096467971801758","1.4796936511993408","0.845053493976593","-0.5607144832611084","1.4057679176330566"
"Val","1","0.999974250793457","0.890868067741394","-0.6272412538528442","1.5181093215942383","0.861636757850647","-0.5765896439552307","1.4382264614105225"
"Val","1","0.9999359846115112","0.8749440908432007","-0.49533703923225403","1.3702811002731323","0.8446070551872253","-0.42247071862220764","1.2670778036117554"
"Val","1","0.9999459981918335","0.8726704120635986","-0.5594167709350586","1.4320871829986572","0.8379411697387695","-0.4925198554992676","1.330461025238037"
"Val","1","0.9999744892120361","0.9478022456169128","-0.6520739793777466","1.5998761653900146","0.9079651236534119","-0.5839088559150696","1.4918739795684814"
"Val","1","0.9999529123306274","0.8947277069091797","-0.49402865767478943","1.3887563943862915","0.8616056442260742","-0.4271356463432312","1.2887413501739502"
"Val","1","0.9999717473983765","0.8986741900444031","-0.5431686043739319","1.441842794418335","0.8570536375045776","-0.4817715585231781","1.3388252258300781"
"Val","1","0.9998607635498047","0.8609007596969604","-0.4439716339111328","1.3048723936080933","0.8317043781280518","-0.3751562833786011","1.2068606615066528"
"Val","1","0.9999384880065918","0.8844655752182007","-0.44954627752304077","1.3340117931365967","0.8582865595817566","-0.382572740316391","1.2408592700958252"
"Val","1","0.9997702240943909","0.8358458280563354","-0.3407227098941803","1.1765685081481934","0.8155200481414795","-0.2589612901210785","1.0744813680648804"
"Val","1","0.9992110729217529","0.7217355966567993","-0.24262119829654694","0.9643567800521851","0.7064071297645569","-0.1735803484916687","0.8799874782562256"
"Val","1","0.7462193965911865","0.3227079510688782","0.21011199057102203","0.11259596049785614","0.32276681065559387","0.2763087749481201","0.046458035707473755"
"Val","1","0.9988600015640259","0.6767839789390564","-0.2943764925003052","0.9711604714393616","0.6585763096809387","-0.2156316339969635","0.8742079734802246"
"Val","1","0.18478485941886902","0.06600920110940933","0.3958647847175598","-0.3298555910587311","0.0724475085735321","0.44808074831962585","-0.37563323974609375"
"Val","1","0.9999696016311646","0.8970780372619629","-0.5290486812591553","1.4261267185211182","0.8648154735565186","-0.474803626537323","1.3396191596984863"
"Val","1","0.9999417066574097","0.8635448217391968","-0.44487959146499634","1.308424472808838","0.8301165699958801","-0.3799925744533539","1.2101091146469116"
"Val","1","0.9999721050262451","0.8809256553649902","-0.5841375589370728","1.465063214302063","0.8553125858306885","-0.5366092920303345","1.391921877861023"
"Val","1","0.9997966885566711","0.7514289617538452","-0.35791441798210144","1.109343409538269","0.7368701696395874","-0.31434932351112366","1.0512194633483887"
"Val","1","0.9999666213989258","0.8828078508377075","-0.5569999814033508","1.4398078918457031","0.8560347557067871","-0.502787709236145","1.3588224649429321"
"Val","1","0.9999527931213379","0.9088979959487915","-0.5140547156333923","1.422952651977539","0.874276340007782","-0.43526381254196167","1.3095401525497437"
"Val","1","0.9999803304672241","0.9374830722808838","-0.5955044031143188","1.5329874753952026","0.8972402811050415","-0.5264208316802979","1.4236611127853394"
"Val","1","0.8408001661300659","0.24184465408325195","0.09003952890634537","0.15180513262748718","0.24110953509807587","0.15676464140415192","0.08434489369392395"
"Val","1","0.9999246597290039","0.9034221172332764","-0.5556896924972534","1.4591118097305298","0.8710934519767761","-0.47121793031692505","1.3423113822937012"
"Val","1","0.9999350309371948","0.895429253578186","-0.46171098947525024","1.357140302658081","0.8641631603240967","-0.3887190818786621","1.2528822422027588"
"Val","1","0.9999687671661377","0.9405465126037598","-0.601608157157898","1.5421546697616577","0.9020437002182007","-0.5263665914535522","1.428410291671753"
"Val","1","0.9999792575836182","0.929991602897644","-0.6080106496810913","1.5380022525787354","0.8873057961463928","-0.5355910658836365","1.4228968620300293"
"Val","1","0.9999754428863525","0.9390978217124939","-0.5484212636947632","1.4875190258026123","0.9052237272262573","-0.4827389717102051","1.3879626989364624"
"Val","1","0.9999245405197144","0.8681042194366455","-0.5700177550315857","1.438122034072876","0.8327041268348694","-0.4890713691711426","1.3217754364013672"
"Val","1","0.9998712539672852","0.8133945465087891","-0.3717879354953766","1.1851824522018433","0.7864179611206055","-0.3202669024467468","1.106684923171997"
"Val","1","0.9982396364212036","0.6182682514190674","-0.23791660368442535","0.8561848402023315","0.6114672422409058","-0.1983022391796112","0.8097695112228394"
"Val","1","0.999984860420227","0.9477246403694153","-0.646888017654419","1.5946125984191895","0.9125502109527588","-0.5898168087005615","1.5023670196533203"
"Val","1","0.9999613761901855","0.9213767051696777","-0.5877242088317871","1.5091009140014648","0.893295407295227","-0.5197996497154236","1.4130949974060059"
"Val","1","0.999976634979248","0.9232268929481506","-0.5618963837623596","1.4851232767105103","0.8847497701644897","-0.4971882104873657","1.3819379806518555"
"Val","1","0.9999521970748901","0.8213316202163696","-0.5019547343254089","1.3232862949371338","0.8028165698051453","-0.45737797021865845","1.2601945400238037"
"Val","1","0.9999829530715942","0.9629980325698853","-0.6381773352622986","1.601175308227539","0.9231797456741333","-0.5693415403366089","1.4925212860107422"
"Val","1","0.9999731779098511","0.9287704825401306","-0.6105532050132751","1.5393236875534058","0.8933455944061279","-0.5490429997444153","1.4423885345458984"
"Val","1","0.9919050931930542","0.5227624177932739","-0.123940110206604","0.6467025279998779","0.5101346969604492","-0.03621848672628403","0.5463531613349915"
"Val","1","0.9999632835388184","0.8532015681266785","-0.542517900466919","1.3957195281982422","0.8320668339729309","-0.4944303631782532","1.326497197151184"
"Val","1","0.9999477863311768","0.9098718166351318","-0.555687427520752","1.4655592441558838","0.8752467632293701","-0.47647374868392944","1.3517205715179443"
"Val","1","0.9999852180480957","0.9588349461555481","-0.6707519292831421","1.629586935043335","0.9180974960327148","-0.6089285016059875","1.5270259380340576"
"Val","1","0.9999841451644897","0.9712610244750977","-0.6304349899291992","1.6016960144042969","0.9325113892555237","-0.5648623704910278","1.4973738193511963"
"Val","1","0.8254702091217041","0.3361743092536926","0.07207310199737549","0.26410120725631714","0.3443205952644348","0.1226029098033905","0.2217176854610443"
"Val","1","0.9999856948852539","0.9632787108421326","-0.670569658279419","1.6338484287261963","0.9201414585113525","-0.6033483147621155","1.5234897136688232"
"Val","1","0.9995179176330566","0.7815823554992676","-0.37909960746765137","1.160681962966919","0.7565763592720032","-0.2952876687049866","1.0518640279769897"
"Val","1","0.9947927594184875","0.5711660385131836","-0.12480030953884125","0.695966362953186","0.5557473301887512","-0.0580364353954792","0.6137837767601013"
"Val","1","0.9999227523803711","0.8491286039352417","-0.4953339695930481","1.3444626331329346","0.8129041790962219","-0.42023229598999023","1.2331364154815674"
"Val","1","0.9936991930007935","0.632876992225647","-0.1606019288301468","0.7934789061546326","0.6220779418945312","-0.09274443238973618","0.7148223519325256"
"Val","1","0.9999613761901855","0.8948171138763428","-0.5167933702468872","1.41161048412323","0.8626887202262878","-0.448734849691391","1.3114235401153564"
"Val","1","0.9999039173126221","0.8654072880744934","-0.42428404092788696","1.2896913290023804","0.8397752642631531","-0.35784316062927246","1.1976184844970703"
"Val","1","0.9896798729896545","0.46412381529808044","-0.06760095059871674","0.531724750995636","0.4476427435874939","0.009293759241700172","0.4383489787578583"
"Val","1","0.9998866319656372","0.8427854180335999","-0.39385557174682617","1.2366409301757812","0.818101167678833","-0.3251492381095886","1.1432504653930664"
"Val","1","0.9799429774284363","0.426302969455719","-0.10931865870952606","0.5356216430664062","0.41397249698638916","-0.03741779178380966","0.4513902962207794"
"Val","1","0.9762091040611267","0.4945778548717499","-0.04393235966563225","0.5385102033615112","0.48986780643463135","0.03201518952846527","0.4578526020050049"
"Val","1","0.9999552965164185","0.8390002250671387","-0.5169215798377991","1.355921745300293","0.8189671635627747","-0.4701762795448303","1.289143443107605"
"Val","1","0.9999659061431885","0.90975022315979","-0.5122880935668945","1.4220383167266846","0.8771332502365112","-0.44903260469436646","1.3261659145355225"
"Val","1","0.9998453855514526","0.8031991720199585","-0.3925192356109619","1.1957184076309204","0.7735304236412048","-0.31610989570617676","1.0896403789520264"
"Val","1","0.999796450138092","0.8111822009086609","-0.3856770992279053","1.196859359741211","0.7863653898239136","-0.33150649070739746","1.117871880531311"
"Val","1","0.9999827146530151","0.9355457425117493","-0.579888105392456","1.5154337882995605","0.8948789834976196","-0.5191992521286011","1.4140782356262207"
"Val","1","0.9999855756759644","0.9602618217468262","-0.6454864740371704","1.6057482957839966","0.9156078100204468","-0.5762059688568115","1.4918137788772583"
"Val","1","0.9999734163284302","0.9254794716835022","-0.6062517762184143","1.5317312479019165","0.8858518600463867","-0.5370292663574219","1.4228811264038086"
"Val","1","0.999981164932251","0.9524323344230652","-0.589760422706604","1.5421926975250244","0.9171446561813354","-0.5266057252883911","1.4437503814697266"
"Val","1","0.9999682903289795","0.8502430319786072","-0.5824223160743713","1.4326653480529785","0.8274930715560913","-0.5372527241706848","1.364745855331421"
"Val","1","0.9998024106025696","0.8288766145706177","-0.5234895944595337","1.3523662090301514","0.7941449880599976","-0.43602558970451355","1.2301706075668335"
"Val","1","0.9999706745147705","0.9313833713531494","-0.6545957326889038","1.5859791040420532","0.8868898153305054","-0.5812674164772034","1.4681572914123535"
"Val","1","0.9999880790710449","0.9620270133018494","-0.6609269380569458","1.6229538917541504","0.9198526740074158","-0.5987239480018616","1.5185766220092773"
"Val","1","0.9999853372573853","0.9510668516159058","-0.6204933524131775","1.5715601444244385","0.9107357263565063","-0.5587838292121887","1.4695196151733398"
"Val","1","0.9999868869781494","0.96767258644104","-0.6567068099975586","1.6243793964385986","0.9270570874214172","-0.5943278074264526","1.5213849544525146"
"Val","1","0.9999728202819824","0.9259030818939209","-0.5996081829071045","1.5255112648010254","0.8844414353370667","-0.5256326198577881","1.41007399559021"
"Val","1","0.9999812841415405","0.9535170793533325","-0.5993912220001221","1.5529083013534546","0.9126080274581909","-0.5273341536521912","1.4399421215057373"
"Val","1","0.9999120235443115","0.872576892375946","-0.4230503439903259","1.295627236366272","0.8497510552406311","-0.35648006200790405","1.2062311172485352"
"Val","1","0.9999744892120361","0.9409285187721252","-0.5268398523330688","1.4677684307098389","0.9076646566390991","-0.458694726228714","1.3663593530654907"
"Val","1","0.9999561309814453","0.8655318021774292","-0.5344643592834473","1.3999961614608765","0.8277409672737122","-0.4733859896659851","1.3011269569396973"
"Val","1","0.9999850988388062","0.9633027911186218","-0.6474833488464355","1.6107861995697021","0.9243836402893066","-0.5852437615394592","1.509627342224121"
"Val","1","0.9999638795852661","0.9184073209762573","-0.5348694920539856","1.4532768726348877","0.8889663219451904","-0.4727970063686371","1.36176335811615"
"Val","1","0.9992606043815613","0.7132046818733215","-0.31248772144317627","1.0256924629211426","0.6905263066291809","-0.23595917224884033","0.9264854788780212"
"Val","1","0.999984860420227","0.9606925249099731","-0.6261621713638306","1.5868546962738037","0.9218124151229858","-0.5648730397224426","1.4866855144500732"
"Val","1","0.9989770650863647","0.6682624816894531","-0.27107375860214233","0.9393362402915955","0.647776186466217","-0.19310122728347778","0.8408774137496948"
"Val","1","0.9999784231185913","0.9425948858261108","-0.5703528523445129","1.5129477977752686","0.9026106595993042","-0.5038909912109375","1.4065016508102417"
"Val","1","0.9818591475486755","0.5187047719955444","-0.06366034597158432","0.582365095615387","0.5122711658477783","0.02597895637154579","0.4862922132015228"
"Val","1","0.9995524287223816","0.746372401714325","-0.35326528549194336","1.099637746810913","0.7207044363021851","-0.3072834014892578","1.0279878377914429"
"Val","1","0.9999861717224121","0.9613298177719116","-0.6308966875076294","1.592226505279541","0.9191203713417053","-0.5658549666404724","1.4849753379821777"
"Val","1","0.9982099533081055","0.6131292581558228","-0.2555217742919922","0.8686510324478149","0.5925902128219604","-0.17565810680389404","0.7682483196258545"
"Val","1","0.9985284805297852","0.63047194480896","-0.1820237636566162","0.8124957084655762","0.605803370475769","-0.11099918186664581","0.7168025374412537"
"Val","1","0.35248175263404846","0.18562233448028564","0.24167203903198242","-0.05604970455169678","0.1972368061542511","0.30446019768714905","-0.10722339153289795"
"Val","1","0.9999762773513794","0.9283694624900818","-0.5742838978767395","1.5026533603668213","0.8977414965629578","-0.5177856683731079","1.415527105331421"
"Val","1","0.03610219061374664","-0.006172237917780876","0.43781763315200806","-0.4439898729324341","0.004172738641500473","0.4961402714252472","-0.4919675290584564"
"Val","1","0.9999750852584839","0.9022732973098755","-0.647929310798645","1.5502026081085205","0.8730697631835938","-0.5914722084999084","1.4645419120788574"
"Val","1","0.9999349117279053","0.8697167634963989","-0.5294045805931091","1.3991212844848633","0.8359287977218628","-0.4688180983066559","1.3047468662261963"
"Val","1","0.14821219444274902","0.12978248298168182","0.38006457686424255","-0.2502821087837219","0.1403307467699051","0.42522522807121277","-0.2848944664001465"
"Val","1","0.9999457597732544","0.887627363204956","-0.49368810653686523","1.3813154697418213","0.8559845685958862","-0.4245055317878723","1.2804901599884033"
"Val","1","0.9999622106552124","0.9042918682098389","-0.5872341394424438","1.4915260076522827","0.864728569984436","-0.5142709016799927","1.3789994716644287"
"Val","1","0.9926555156707764","0.5369712710380554","-0.12493294477462769","0.6619042158126831","0.523634135723114","-0.04556671902537346","0.569200873374939"
"Val","1","0.9998874664306641","0.832595705986023","-0.5121105909347534","1.3447062969207764","0.7996267080307007","-0.428865909576416","1.2284926176071167"
"Val","1","0.9999651908874512","0.9289854764938354","-0.5396053194999695","1.4685907363891602","0.8919879794120789","-0.46005481481552124","1.3520427942276"
"Val","1","0.9999788999557495","0.9104000329971313","-0.6487582325935364","1.5591583251953125","0.8805459141731262","-0.5960299968719482","1.4765758514404297"
"Val","1","0.9999830722808838","0.9561479091644287","-0.6047844886779785","1.5609323978424072","0.9143303632736206","-0.5367475748062134","1.451077938079834"
"Val","1","0.9997183680534363","0.7906769514083862","-0.34884530305862427","1.1395223140716553","0.7643046379089355","-0.2807868719100952","1.0450915098190308"
"Val","1","0.999983549118042","0.9611490964889526","-0.6484346985816956","1.609583854675293","0.9172680377960205","-0.5803438425064087","1.4976118803024292"
"Val","1","0.9999594688415527","0.8302615284919739","-0.5203309059143066","1.3505923748016357","0.8095899820327759","-0.4743678569793701","1.283957839012146"
"Val","1","0.9759122729301453","0.4485124349594116","-0.030860260128974915","0.47937268018722534","0.4405471086502075","0.04927823692560196","0.39126887917518616"
"Val","1","0.1886260062456131","0.07586713135242462","0.4017013907432556","-0.3258342742919922","0.08828583359718323","0.46807152032852173","-0.3797856867313385"
"Val","1","0.9999628067016602","0.9159883260726929","-0.6076861619949341","1.523674488067627","0.8754262924194336","-0.5301747918128967","1.4056010246276855"
"Val","1","0.9999758005142212","0.936418890953064","-0.5492691993713379","1.4856880903244019","0.8968318104743958","-0.48446017503738403","1.3812919855117798"
"Val","1","0.03396769240498543","0.02991051971912384","0.5092262625694275","-0.47931575775146484","0.04567942023277283","0.5401341915130615","-0.4944547712802887"
"Val","1","0.995930016040802","0.6174626350402832","-0.2061491310596466","0.8236117362976074","0.6028598546981812","-0.1416221708059311","0.7444820404052734"
"Val","1","0.9979450106620789","0.6376329660415649","-0.17290592193603516","0.8105388879776001","0.633587658405304","-0.10742759704589844","0.7410152554512024"
"Val","1","0.999089241027832","0.7388840913772583","-0.29561862349510193","1.0345027446746826","0.7203537225723267","-0.23726250231266022","0.9576162099838257"
"Val","1","0.9999721050262451","0.9333192706108093","-0.5438859462738037","1.4772052764892578","0.8985953330993652","-0.47100594639778137","1.3696012496948242"
"Val","1","0.9999829530715942","0.9583306312561035","-0.610101580619812","1.5684322118759155","0.9185106158256531","-0.5415154099464417","1.4600260257720947"
"Val","1","0.993739128112793","0.5836769342422485","-0.1496274769306183","0.7333043813705444","0.5726742148399353","-0.08519919961690903","0.6578733921051025"
"Val","1","0.9962033629417419","0.6251715421676636","-0.17168062925338745","0.796852171421051","0.6107943654060364","-0.10301734507083893","0.7138116955757141"
"Val","1","0.9684454798698425","0.4474484324455261","0.020915169268846512","0.4265332520008087","0.4414812922477722","0.08730010688304901","0.354181170463562"
"Val","1","0.9999799728393555","0.9437475204467773","-0.6123072504997253","1.5560548305511475","0.9080197215080261","-0.5484273433685303","1.4564471244812012"
"Val","1","0.9902419447898865","0.49739667773246765","-0.09804670512676239","0.5954433679580688","0.4850437641143799","-0.013944007456302643","0.49898776412010193"
"Val","1","0.9999881982803345","0.9624685049057007","-0.6491459608078003","1.611614465713501","0.9207765460014343","-0.5900516510009766","1.5108282566070557"
"Val","1","0.5090817809104919","0.12363496422767639","0.19249215722084045","-0.06885719299316406","0.12197127938270569","0.2342638224363327","-0.11229254305362701"
"Val","1","0.9999822378158569","0.9419285655021667","-0.6360104084014893","1.5779390335083008","0.9073314070701599","-0.5791418552398682","1.4864733219146729"
"Val","1","0.0007465054513886571","-0.41070476174354553","0.7075136303901672","-1.1182184219360352","-0.39215731620788574","0.7050897479057312","-1.0972471237182617"
"Val","1","0.9977090358734131","0.6680186986923218","-0.15239721536636353","0.8204159140586853","0.6574239730834961","-0.09641741961240768","0.7538414001464844"
"Val","1","0.9991409778594971","0.7084289193153381","-0.28307873010635376","0.9915076494216919","0.6851741075515747","-0.20369291305541992","0.8888670206069946"
"Val","1","0.9999749660491943","0.9290326237678528","-0.5651750564575195","1.4942076206207275","0.894676685333252","-0.5062143206596375","1.4008910655975342"
"Val","1","0.9999312162399292","0.9009793400764465","-0.502055287361145","1.4030346870422363","0.8719485402107239","-0.43950608372688293","1.3114546537399292"
"Val","1","0.9999767541885376","0.9329495429992676","-0.5903183221817017","1.5232678651809692","0.8943933844566345","-0.5231379866600037","1.4175313711166382"
"Val","1","0.9999674558639526","0.9135752320289612","-0.543978214263916","1.4575533866882324","0.8821439743041992","-0.48397296667099","1.366117000579834"
"Val","1","0.9999674558639526","0.9495036005973816","-0.6320980787277222","1.581601619720459","0.9088995456695557","-0.5591521263122559","1.4680516719818115"
"Val","1","0.9999847412109375","0.9495493173599243","-0.6062804460525513","1.5558297634124756","0.9107543230056763","-0.5487032532691956","1.4594576358795166"
"Val","1","0.999958872795105","0.9010171890258789","-0.5199359655380249","1.4209531545639038","0.8695898056030273","-0.4555068612098694","1.325096607208252"
"Val","1","0.9983044862747192","0.5480639934539795","-0.2048088014125824","0.7528728246688843","0.5501862168312073","-0.17305085062980652","0.7232370376586914"
"Val","1","0.9999831914901733","0.943636417388916","-0.5726214051246643","1.5162577629089355","0.9037193059921265","-0.5099112391471863","1.413630485534668"
"Val","1","0.9999099969863892","0.8763478994369507","-0.4772912263870239","1.3536391258239746","0.8439477682113647","-0.405120849609375","1.2490686178207397"
"Val","1","0.9999727010726929","0.9294829368591309","-0.5930547714233398","1.5225377082824707","0.8934970498085022","-0.5195513963699341","1.413048505783081"
"Val","1","0.9999520778656006","0.8353518843650818","-0.5124417543411255","1.3477935791015625","0.8162176012992859","-0.46685609221458435","1.2830736637115479"
"Val","1","0.9999760389328003","0.9053429365158081","-0.5682068467140198","1.4735498428344727","0.8780276775360107","-0.5124871134757996","1.390514850616455"
"Val","1","0.9992918968200684","0.7370611429214478","-0.28580400347709656","1.0228651762008667","0.7159598469734192","-0.21949635446071625","0.9354562163352966"
"Val","1","0.9996353387832642","0.7820184230804443","-0.40023255348205566","1.1822509765625","0.7570192217826843","-0.3143104910850525","1.0713297128677368"
"Val","1","0.9999411106109619","0.8868230581283569","-0.5272650718688965","1.4140881299972534","0.8539589643478394","-0.4507107734680176","1.304669737815857"
"Val","1","0.999982476234436","0.936591625213623","-0.5963685512542725","1.5329601764678955","0.9031578302383423","-0.5378502607345581","1.4410080909729004"
"Val","1","0.999982476234436","0.9346225261688232","-0.5916498899459839","1.5262724161148071","0.8965232372283936","-0.5281368494033813","1.424660086631775"
"Val","1","0.0001828869280871004","-0.48414695262908936","0.8622479438781738","-1.3463948965072632","-0.45097634196281433","0.8259879350662231","-1.2769643068313599"
"Val","1","0.9999856948852539","0.95027095079422","-0.6169335842132568","1.567204475402832","0.9094343781471252","-0.55791175365448","1.46734619140625"
"Val","1","0.9999594688415527","0.8951418399810791","-0.5138221979141235","1.4089640378952026","0.8597747683525085","-0.4542301595211029","1.314004898071289"
"Val","1","0.6602595448493958","0.16991059482097626","0.2619110643863678","-0.09200046956539154","0.17221225798130035","0.3260692059993744","-0.15385694801807404"
"Val","1","0.9999762773513794","0.9241493940353394","-0.6124749779701233","1.5366244316101074","0.8928127884864807","-0.5559261441230774","1.448738932609558"
"Val","1","0.9709764122962952","0.4892036020755768","0.005620274692773819","0.48358333110809326","0.48488518595695496","0.06680972874164581","0.41807544231414795"
"Val","1","0.9999748468399048","0.949124276638031","-0.6022450923919678","1.5513694286346436","0.90761798620224","-0.5247608423233032","1.4323787689208984"
"Val","1","0.9999672174453735","0.9192084074020386","-0.5511871576309204","1.470395565032959","0.8854489326477051","-0.4832547903060913","1.3687037229537964"
"Val","1","0.9752249717712402","0.4190552234649658","0.014250066131353378","0.40480515360832214","0.4115348756313324","0.07971537113189697","0.3318195044994354"
"Val","1","0.9999788999557495","0.952289879322052","-0.6413776874542236","1.5936675071716309","0.916405975818634","-0.5763244032859802","1.4927303791046143"
"Val","1","0.9999071359634399","0.8787904977798462","-0.5257374048233032","1.4045279026031494","0.8471255302429199","-0.4501914381980896","1.2973170280456543"
"Val","1","0.9999805688858032","0.9406153559684753","-0.6051115393638611","1.5457268953323364","0.9017260074615479","-0.5461490154266357","1.4478750228881836"
"Val","1","0.9999805688858032","0.9354162216186523","-0.5618516206741333","1.4972678422927856","0.8957825303077698","-0.5005919337272644","1.3963744640350342"
"Val","1","0.9999637603759766","0.9014064073562622","-0.47933900356292725","1.3807454109191895","0.8738563060760498","-0.41657042503356934","1.2904267311096191"
"Val","1","0.9999618530273438","0.9036115407943726","-0.5082787275314331","1.4118902683258057","0.8684301376342773","-0.44833219051361084","1.3167623281478882"
"Val","1","0.9994291663169861","0.6659201383590698","-0.34862104058265686","1.0145411491394043","0.6382942795753479","-0.2780088186264038","0.9163030982017517"
"Val","1","0.9997522234916687","0.6669734716415405","-0.3664023280143738","1.0333757400512695","0.6623559594154358","-0.3320135176181793","0.9943695068359375"
"Val","1","0.0056743319146335125","-0.20302587747573853","0.6354284286499023","-0.8384543061256409","-0.17527274787425995","0.6473767161369324","-0.8226494789123535"
"Val","1","0.9890843033790588","0.4955739378929138","-0.05073839798569679","0.5463123321533203","0.49815118312835693","-0.00799601525068283","0.5061472058296204"
"Val","1","0.999971866607666","0.9257447719573975","-0.5371567010879517","1.4629014730453491","0.8902158141136169","-0.4687288999557495","1.3589446544647217"
"Val","1","0.999097466468811","0.689812183380127","-0.2567801773548126","0.9465923309326172","0.668084442615509","-0.20339451730251312","0.8714789748191833"
"Val","1","0.9999850988388062","0.9557069540023804","-0.6222301721572876","1.577937126159668","0.917985200881958","-0.5616745352745056","1.4796597957611084"
"Val","1","0.9999614953994751","0.9237312078475952","-0.5387187600135803","1.4624500274658203","0.8910406231880188","-0.4615676701068878","1.352608323097229"
"Val","1","0.9999788999557495","0.958077073097229","-0.5772850513458252","1.5353621244430542","0.9239416122436523","-0.5112335681915283","1.4351751804351807"
"Val","1","0.9999817609786987","0.9542297124862671","-0.6148693561553955","1.5690990686416626","0.9116982817649841","-0.5436009168624878","1.4552991390228271"
"Val","1","0.9999604225158691","0.845439612865448","-0.5502749681472778","1.395714521408081","0.8241027593612671","-0.5026835203170776","1.3267862796783447"
"Val","1","0.999946117401123","0.89997398853302","-0.47825437784194946","1.3782284259796143","0.8697774410247803","-0.4158678650856018","1.2856452465057373"
"Val","1","0.999883770942688","0.862701416015625","-0.4292905926704407","1.291991949081421","0.8372421264648438","-0.3544882833957672","1.1917303800582886"
"Val","1","0.9997645020484924","0.774559497833252","-0.38509559631347656","1.1596550941467285","0.7456995844841003","-0.31511956453323364","1.060819149017334"
"Val","1","0.9999585151672363","0.8949443101882935","-0.5023152828216553","1.3972595930099487","0.8647760152816772","-0.4312734603881836","1.2960494756698608"
"Val","1","0.24875928461551666","0.06647749245166779","0.29318252205848694","-0.22670502960681915","0.07494974881410599","0.344399631023407","-0.2694498896598816"
"Val","1","0.00941670686006546","-0.13067469000816345","0.5269430875778198","-0.6576178073883057","-0.11407191306352615","0.5255225896835327","-0.6395944952964783"
"Val","1","0.001980225555598736","-0.27380967140197754","0.6872522830963135","-0.961061954498291","-0.2478460967540741","0.6944957971572876","-0.9423419237136841"
"Val","1","0.9999665021896362","0.9127675294876099","-0.5343896150588989","1.4471571445465088","0.8782253861427307","-0.46660536527633667","1.3448307514190674"
"Val","1","0.9999874830245972","0.9584953784942627","-0.6502929925918579","1.6087883710861206","0.9167553186416626","-0.5891103148460388","1.5058655738830566"
"Val","1","0.9999858140945435","0.9553380012512207","-0.5979849696159363","1.5533230304718018","0.9160003066062927","-0.5312590599060059","1.4472594261169434"
"Val","1","0.9999493360519409","0.8615177869796753","-0.5251016020774841","1.3866193294525146","0.8380354642868042","-0.47501081228256226","1.3130462169647217"
"Val","1","0.9999823570251465","0.934165358543396","-0.5908008217811584","1.5249662399291992","0.9008067846298218","-0.5332225561141968","1.4340293407440186"
"Val","1","0.9996987581253052","0.795264482498169","-0.4001421332359314","1.1954066753387451","0.771275520324707","-0.3350297808647156","1.1063053607940674"
"Val","1","0.999937891960144","0.8761670589447021","-0.45553794503211975","1.3317049741744995","0.8462685942649841","-0.39121681451797485","1.237485408782959"
"Val","1","0.9978297352790833","0.6496341824531555","-0.13745735585689545","0.7870915532112122","0.6323511600494385","-0.06857690215110779","0.7009280920028687"
"Val","1","0.9997373223304749","0.7550560832023621","-0.36369308829307556","1.1187491416931152","0.7428511381149292","-0.32066404819488525","1.0635151863098145"
"Val","1","0.9999847412109375","0.9470263123512268","-0.6725777387619019","1.6196041107177734","0.9107425808906555","-0.6157563328742981","1.5264989137649536"
"Val","1","0.9999624490737915","0.8494734764099121","-0.5378283262252808","1.3873018026351929","0.8270711898803711","-0.49029791355133057","1.3173691034317017"
"Val","1","0.999015212059021","0.6495060920715332","-0.31681713461875916","0.9663232564926147","0.6279755234718323","-0.23950383067131042","0.8674793243408203"
"Val","1","0.9872288703918457","0.5644890069961548","-0.040876008570194244","0.6053650379180908","0.555472731590271","0.028644442558288574","0.5268282890319824"
"Val","1","0.9999865293502808","0.9684799909591675","-0.5996860861778259","1.5681660175323486","0.9290357232093811","-0.534881591796875","1.4639172554016113"
"Val","1","0.9998353719711304","0.7662966847419739","-0.38807663321495056","1.154373288154602","0.7527469992637634","-0.34489715099334717","1.0976440906524658"
"Val","1","0.9997250437736511","0.7918015122413635","-0.5125499963760376","1.304351568222046","0.7634119987487793","-0.4311833679676056","1.1945953369140625"
"Val","1","0.999951958656311","0.8399597406387329","-0.5320087671279907","1.3719685077667236","0.8195482492446899","-0.48217689990997314","1.301725149154663"
"Val","1","0.9919916987419128","0.566127359867096","-0.06409750133752823","0.630224883556366","0.553158700466156","-0.006707649677991867","0.5598663687705994"
"Val","1","0.9999831914901733","0.9794144034385681","-0.6083552837371826","1.5877697467803955","0.941641628742218","-0.5387657880783081","1.480407476425171"
"Val","1","0.9999663829803467","0.9277914762496948","-0.5603396892547607","1.4881311655044556","0.8986092805862427","-0.498843252658844","1.3974525928497314"
"Val","1","0.9998852014541626","0.8433375358581543","-0.4706778824329376","1.3140153884887695","0.8125982880592346","-0.3946903645992279","1.2072886228561401"
"Test","0","0.00001598505514266435","-0.6390552520751953","0.9751085042953491","-1.6141637563705444","-0.6064285635948181","0.9244632720947266","-1.5308918952941895"
"Test","0","0.00001590725514688529","-0.7008092403411865","0.9727822542190552","-1.6735914945602417","-0.6670347452163696","0.9059969186782837","-1.5730316638946533"
"Test","0","0.000015210553101496771","-0.7159109115600586","0.9549487233161926","-1.6708595752716064","-0.6814858913421631","0.8944838047027588","-1.5759696960449219"
"Test","0","0.000020172396034467965","-0.7019723653793335","0.9524062871932983","-1.6543786525726318","-0.6686340570449829","0.8985338807106018","-1.5671679973602295"
"Test","0","0.000015895699107204564","-0.7046868205070496","0.9649404883384705","-1.66962730884552","-0.6715970039367676","0.899938702583313","-1.5715357065200806"
"Test","0","0.000017718295566737652","-0.6819555759429932","0.9738051891326904","-1.6557607650756836","-0.6471982002258301","0.913460373878479","-1.560658574104309"
"Test","0","0.000012885001524409745","-0.7157872915267944","0.9706485271453857","-1.6864358186721802","-0.6816991567611694","0.9028451442718506","-1.58454430103302"
"Test","0","0.000016031968698371202","-0.6980328559875488","0.9683353304862976","-1.6663682460784912","-0.6640127301216125","0.9032766222953796","-1.5672893524169922"
"Test","0","0.000014414346878766082","-0.7140014171600342","0.9708547592163086","-1.6848561763763428","-0.6794407367706299","0.901407778263092","-1.5808484554290771"
"Test","0","0.000012712682291748933","-0.6797211170196533","0.9760661125183105","-1.6557872295379639","-0.6453165411949158","0.9160960912704468","-1.5614125728607178"
"Test","0","0.000010920673958025873","-0.6967555284500122","0.9725674390792847","-1.6693229675292969","-0.6630131602287292","0.9046247005462646","-1.5676379203796387"
"Test","0","0.000012791731023753528","-0.6841741800308228","0.9766924381256104","-1.660866618156433","-0.6516356468200684","0.9149824380874634","-1.5666180849075317"
"Test","0","0.000012737972610921133","-0.7022013664245605","0.969376266002655","-1.6715776920318604","-0.6687561273574829","0.9002072215080261","-1.5689632892608643"
"Test","0","0.0000238110023929039","-0.6849180459976196","0.9483327865600586","-1.6332508325576782","-0.6493520140647888","0.8934658765792847","-1.5428178310394287"
"Test","0","0.00001239110770256957","-0.6760345101356506","0.9752787947654724","-1.651313304901123","-0.643439531326294","0.9071798920631409","-1.55061936378479"
"Test","0","0.000012625740055227652","-0.6888468265533447","0.9734465479850769","-1.6622934341430664","-0.6550505757331848","0.9036809802055359","-1.5587315559387207"
"Test","0","0.00004368535155663267","-0.5894217491149902","0.9497283697128296","-1.5391501188278198","-0.5530340075492859","0.8993911743164062","-1.452425241470337"
"Test","0","0.000013131991181580815","-0.6576080322265625","0.9734160900115967","-1.6310241222381592","-0.6254462599754333","0.9098705053329468","-1.5353167057037354"
"Test","0","0.000013473975741362665","-0.7086865901947021","0.972620964050293","-1.6813075542449951","-0.6752208471298218","0.903606653213501","-1.5788275003433228"
"Test","0","0.000012670006981352344","-0.6840197443962097","0.9717056751251221","-1.6557254791259766","-0.6513698101043701","0.90971440076828","-1.561084270477295"
"Test","0","0.000010752525668067392","-0.7015803456306458","0.9697693586349487","-1.6713497638702393","-0.6686283349990845","0.9085261225700378","-1.5771543979644775"
"Test","0","0.000023935306671774015","-0.6712549924850464","0.9697189331054688","-1.6409739255905151","-0.636725664138794","0.9089013338088989","-1.5456269979476929"
"Test","0","0.000022886830265633762","-0.6578934192657471","0.9604165554046631","-1.6183099746704102","-0.6229188442230225","0.9009933471679688","-1.5239121913909912"
"Test","0","0.000012818461982533336","-0.7208251953125","0.9720097780227661","-1.6928349733352661","-0.6860709190368652","0.9035484194755554","-1.5896193981170654"
"Test","0","0.000014497420124826021","-0.6551859974861145","0.9681508541107178","-1.6233367919921875","-0.6223517656326294","0.9045301079750061","-1.5268819332122803"
"Test","0","0.000024809538444969803","-0.683100163936615","0.9159270524978638","-1.599027156829834","-0.6519479751586914","0.872138261795044","-1.5240862369537354"
"Test","0","0.0000139096764542046","-0.6817049980163574","0.9779398441314697","-1.6596448421478271","-0.6484156847000122","0.9137154221534729","-1.5621311664581299"
"Test","0","0.000014435338925977703","-0.6851847767829895","0.9801439046859741","-1.6653287410736084","-0.650434672832489","0.9162052869796753","-1.5666399002075195"
"Test","0","0.000019079707271885127","-0.6938269138336182","0.9509075880050659","-1.644734501838684","-0.6592937111854553","0.9021968245506287","-1.561490535736084"
"Test","0","0.000013493573533196468","-0.7187517881393433","0.9667180776596069","-1.6854698657989502","-0.6845797300338745","0.8972440958023071","-1.5818238258361816"
"Test","0","0.000012493495887611061","-0.71192467212677","0.9712622761726379","-1.6831870079040527","-0.677762508392334","0.9018084406852722","-1.579571008682251"
"Test","0","0.00001461062129237689","-0.6936070919036865","0.9703785181045532","-1.6639856100082397","-0.660441517829895","0.9056415557861328","-1.5660830736160278"
"Test","0","0.000016406844224547967","-0.6534801721572876","0.9755853414535522","-1.6290655136108398","-0.6191014647483826","0.9141404032707214","-1.533241868019104"
"Test","0","0.000015647503460058942","-0.6955528259277344","0.9594423770904541","-1.6549952030181885","-0.6621269583702087","0.9036540985107422","-1.5657811164855957"
"Test","0","0.00001348919886368094","-0.7093608975410461","0.9691439867019653","-1.6785049438476562","-0.6749637126922607","0.9002187252044678","-1.5751824378967285"
"Test","0","0.000019095017705694772","-0.7159295082092285","0.9520585536956787","-1.6679880619049072","-0.6814859509468079","0.8941571712493896","-1.5756430625915527"
"Test","0","0.000017767333702067845","-0.6369516849517822","0.9757975339889526","-1.6127492189407349","-0.6056132912635803","0.9266982674598694","-1.5323115587234497"
"Test","0","0.00002935559859906789","-0.6484652757644653","0.9480363130569458","-1.5965015888214111","-0.6133497953414917","0.8833908438682556","-1.4967405796051025"
"Test","0","0.000013395923815551214","-0.7074970006942749","0.9743472337722778","-1.6818442344665527","-0.6729564666748047","0.9109404683113098","-1.5838968753814697"
"Test","0","0.00009026575571624562","-0.6229703426361084","0.8177021145820618","-1.4406723976135254","-0.5938042402267456","0.7929331064224243","-1.38673734664917"
"Test","0","0.00001405487273586914","-0.7129164338111877","0.9685347676277161","-1.6814512014389038","-0.6797804236412048","0.9039878845214844","-1.583768367767334"
"Test","0","0.000011372574590495788","-0.7048543691635132","0.9687650203704834","-1.6736193895339966","-0.6715109348297119","0.9004313349723816","-1.5719423294067383"
"Test","0","0.000014979452316765673","-0.7017453908920288","0.9609935879707336","-1.6627390384674072","-0.6687269806861877","0.9004804491996765","-1.5692074298858643"
"Test","0","0.000014201571502781007","-0.6978166699409485","0.9680989980697632","-1.6659157276153564","-0.6636972427368164","0.9091339111328125","-1.572831153869629"
"Test","0","0.000012334927305346355","-0.6855123043060303","0.9786678552627563","-1.6641801595687866","-0.6519184708595276","0.919061005115509","-1.5709794759750366"
"Test","0","0.000017229516743100248","-0.6787258386611938","0.9716349840164185","-1.6503608226776123","-0.6435517072677612","0.9038993120193481","-1.5474510192871094"
"Test","0","0.000027538815629668534","-0.6382612586021423","0.9488927721977234","-1.5871540307998657","-0.6039746999740601","0.889793872833252","-1.493768572807312"
"Test","0","0.00009381306153954938","-0.5933533906936646","0.9098128080368042","-1.5031661987304688","-0.5564240217208862","0.8564866781234741","-1.4129106998443604"
"Test","0","0.00001405920284014428","-0.6971251368522644","0.9661321043968201","-1.6632572412490845","-0.6624767184257507","0.898262083530426","-1.5607388019561768"
"Test","0","0.000012577308552863542","-0.7031717300415039","0.9762025475502014","-1.6793742179870605","-0.6681124567985535","0.910391092300415","-1.5785036087036133"
"Test","0","0.000013737954759562854","-0.695986270904541","0.9762763381004333","-1.6722626686096191","-0.662757396697998","0.909146249294281","-1.5719037055969238"
"Test","0","0.00001711400182102807","-0.7151426076889038","0.9554077386856079","-1.6705503463745117","-0.6817610859870911","0.8982480764389038","-1.5800092220306396"
"Test","0","0.000011888108019775245","-0.7040765285491943","0.973514199256897","-1.6775907278060913","-0.6710903644561768","0.9038057327270508","-1.5748960971832275"
"Test","0","0.00001891843567136675","-0.6325030326843262","0.9606263041496277","-1.5931293964385986","-0.6013496518135071","0.9052737355232239","-1.506623387336731"
"Test","0","0.000012008868907287251","-0.6628361940383911","0.9806714057922363","-1.6435075998306274","-0.6305556297302246","0.9211868047714233","-1.551742434501648"
"Test","0","0.00001530338340671733","-0.6515622138977051","0.968870997428894","-1.6204332113265991","-0.6166813373565674","0.9107426404953003","-1.5274239778518677"
"Test","0","0.000028526917958515696","-0.6309646964073181","0.9506562948226929","-1.5816209316253662","-0.5948726534843445","0.8952305912971497","-1.4901032447814941"
"Test","0","0.00001720733598631341","-0.6641647815704346","0.9746996164321899","-1.6388643980026245","-0.63114994764328","0.9073393940925598","-1.5384893417358398"
"Test","0","0.00001781450009730179","-0.6809389591217041","0.9672422409057617","-1.6481812000274658","-0.6464897990226746","0.9051176905632019","-1.5516074895858765"
"Test","0","0.000011823051863757428","-0.6830356121063232","0.9824008941650391","-1.6654365062713623","-0.6487042903900146","0.9171444177627563","-1.565848708152771"
"Test","0","0.00001981676723517012","-0.6593190431594849","0.9751821756362915","-1.6345012187957764","-0.625147819519043","0.9221652746200562","-1.5473130941390991"
"Test","0","0.0000139161911647534","-0.694501519203186","0.9474096894264221","-1.641911268234253","-0.662785530090332","0.8935753107070923","-1.5563608407974243"
"Test","0","0.000014089362593949772","-0.6551668643951416","0.9720789194107056","-1.6272457838058472","-0.6206052303314209","0.9129733443260193","-1.533578634262085"
"Test","0","0.000012179694749647751","-0.710136353969574","0.9735178351402283","-1.6836541891098022","-0.6749082803726196","0.9062812924385071","-1.5811896324157715"
"Test","0","0.00001261488432646729","-0.685409665107727","0.977400541305542","-1.662810206413269","-0.6527313590049744","0.9095948338508606","-1.562326192855835"
"Test","0","0.00001512119979452109","-0.7060267925262451","0.9658301472663879","-1.6718568801879883","-0.6703936457633972","0.899678111076355","-1.5700716972351074"
"Test","0","0.000012305119525990449","-0.729927122592926","0.967796802520752","-1.6977238655090332","-0.6958980560302734","0.8977928757667542","-1.5936908721923828"
"Test","0","0.000012110374882468022","-0.6921893954277039","0.9798004627227783","-1.671989917755127","-0.6583638191223145","0.9117198586463928","-1.5700836181640625"
"Test","0","0.000012164638974354602","-0.6871671080589294","0.9799321889877319","-1.6670992374420166","-0.6519895792007446","0.9193483591079712","-1.5713379383087158"
"Test","0","0.000012903765309602022","-0.6941449642181396","0.9721627235412598","-1.6663076877593994","-0.6595575213432312","0.9048876166343689","-1.5644451379776"
"Test","0","0.000011791882570832968","-0.6940535306930542","0.9746609926223755","-1.6687145233154297","-0.6616580486297607","0.9063270092010498","-1.5679850578308105"
"Test","0","0.000015139004972297698","-0.6254438161849976","0.9726384878158569","-1.5980823040008545","-0.5945812463760376","0.9182736873626709","-1.5128549337387085"
"Test","0","0.000018420636479277164","-0.6992982625961304","0.9503698945045471","-1.6496682167053223","-0.666595458984375","0.8977375626564026","-1.5643329620361328"
"Test","0","0.00001292430988542037","-0.6908822059631348","0.9692789316177368","-1.6601611375808716","-0.6584694385528564","0.9066323041915894","-1.5651017427444458"
"Test","0","0.000013341166777536273","-0.6689972877502441","0.9754745364189148","-1.6444718837738037","-0.6341372132301331","0.9115884304046631","-1.5457255840301514"
"Test","0","0.000015088415239006281","-0.7050487399101257","0.9745603799819946","-1.6796090602874756","-0.6707885265350342","0.9123150110244751","-1.5831035375595093"
"Test","0","0.000018595357687445357","-0.6907346844673157","0.9684043526649475","-1.6591390371322632","-0.6548872590065002","0.899747371673584","-1.5546345710754395"
"Test","0","0.000014107944480201695","-0.723856508731842","0.9526889324188232","-1.6765453815460205","-0.689612865447998","0.8924686312675476","-1.5820815563201904"
"Test","0","0.000018030985302175395","-0.6569668650627136","0.9616254568099976","-1.6185922622680664","-0.6253160238265991","0.9076449871063232","-1.5329610109329224"
"Test","0","0.000013177052096580155","-0.6988979578018188","0.9761167764663696","-1.6750147342681885","-0.6654041409492493","0.9077386856079102","-1.5731427669525146"
"Test","0","0.000016683257854310796","-0.6730932593345642","0.9768375754356384","-1.6499308347702026","-0.6388865113258362","0.9176812171936035","-1.556567668914795"
"Test","0","0.000019264203729107976","-0.6821627020835876","0.9598808884620667","-1.6420435905456543","-0.6493803858757019","0.8989821076393127","-1.5483624935150146"
"Test","0","0.000014782563994231168","-0.657303512096405","0.9732750058174133","-1.6305785179138184","-0.6226003170013428","0.9186465740203857","-1.5412468910217285"
"Test","0","0.000038896745536476374","-0.5867172479629517","0.9560443758964539","-1.5427615642547607","-0.5516061782836914","0.9115358591079712","-1.4631420373916626"
"Test","0","0.000019102668375126086","-0.6842937469482422","0.9621553421020508","-1.646449089050293","-0.6498124003410339","0.899944007396698","-1.549756407737732"
"Test","0","0.000012574467291415203","-0.7126458287239075","0.9708403944969177","-1.6834862232208252","-0.6780844330787659","0.9010683298110962","-1.5791528224945068"
"Test","0","0.000012034160135954153","-0.6789703369140625","0.9813100099563599","-1.6602803468704224","-0.6456828713417053","0.9153139591217041","-1.5609967708587646"
"Test","0","0.000015956877177814022","-0.6720999479293823","0.9760852456092834","-1.6481852531433105","-0.637649416923523","0.9103671312332153","-1.5480165481567383"
"Test","0","0.00002772540938167367","-0.6366344690322876","0.951037585735321","-1.5876719951629639","-0.6028213500976562","0.8862535357475281","-1.489074945449829"
"Test","0","0.00001612255073268898","-0.7067668437957764","0.970721423625946","-1.6774883270263672","-0.6711034178733826","0.9049115180969238","-1.5760149955749512"
"Test","0","0.000013691823369299527","-0.6802079677581787","0.970504641532898","-1.6507126092910767","-0.6458932161331177","0.9160213470458984","-1.5619145631790161"
"Test","0","0.000013452919120027218","-0.7030256390571594","0.9689239859580994","-1.6719496250152588","-0.6699626445770264","0.9022548794746399","-1.5722174644470215"
"Test","0","0.000017358472177875228","-0.6839000582695007","0.971428632736206","-1.6553287506103516","-0.6520059704780579","0.9049694538116455","-1.5569753646850586"
"Test","0","0.000011312777132843621","-0.6858989000320435","0.9815523624420166","-1.66745126247406","-0.6523466110229492","0.9151473641395569","-1.5674939155578613"
"Test","0","0.000013232902347226627","-0.6762570142745972","0.9695963859558105","-1.6458534002304077","-0.6424322128295898","0.9116255044937134","-1.5540577173233032"
"Test","0","0.000014422431377170142","-0.6766138076782227","0.9799240231513977","-1.6565377712249756","-0.6421439051628113","0.9158746004104614","-1.558018445968628"
"Test","0","0.000016790389054222032","-0.6648685932159424","0.965081512928009","-1.6299500465393066","-0.6300051808357239","0.9009576439857483","-1.5309628248214722"
"Test","0","0.000014689112504129298","-0.6924818754196167","0.96407151222229","-1.6565533876419067","-0.6581386923789978","0.8913414478302002","-1.5494801998138428"
"Test","0","0.00001500150938227307","-0.6681302785873413","0.9625369906425476","-1.6306672096252441","-0.6336276531219482","0.8949545621871948","-1.528582215309143"
"Test","0","0.000015163382158789318","-0.7155007719993591","0.9574605226516724","-1.6729612350463867","-0.6805345416069031","0.9000741243362427","-1.580608606338501"
"Test","0","0.000027640558982966468","-0.624734103679657","0.9616210460662842","-1.586355209350586","-0.590514600276947","0.9126899242401123","-1.503204584121704"
"Test","0","0.000010846122677321546","-0.7006672620773315","0.971883237361908","-1.6725504398345947","-0.6662951707839966","0.9070985317230225","-1.573393702507019"
"Test","0","0.000022905238438397646","-0.6511622071266174","0.9681167006492615","-1.619278907775879","-0.6158297657966614","0.9144102931022644","-1.5302400588989258"
"Test","0","0.000306695350445807","-0.43737468123435974","0.7696722745895386","-1.2070469856262207","-0.41187766194343567","0.7613811492919922","-1.1732587814331055"
"Test","0","0.000019239896573708393","-0.6681437492370605","0.9600065350532532","-1.628150224685669","-0.6322137117385864","0.893733024597168","-1.5259467363357544"
"Test","0","0.00001610376057215035","-0.7091189026832581","0.9696832895278931","-1.678802251815796","-0.6746193766593933","0.9074472784996033","-1.5820666551589966"
"Test","0","0.000019500277630868368","-0.6503373980522156","0.9712135195732117","-1.6215509176254272","-0.6175999641418457","0.9118474721908569","-1.5294474363327026"
"Test","0","0.000013293540177983232","-0.694419264793396","0.9754744172096252","-1.669893741607666","-0.6594024896621704","0.9056927561759949","-1.5650951862335205"
"Test","0","0.000018778770026983693","-0.6722763776779175","0.972670316696167","-1.6449466943740845","-0.6367088556289673","0.9041138887405396","-1.5408227443695068"
"Test","0","0.000015313677067751996","-0.6857821941375732","0.962521493434906","-1.648303747177124","-0.6529940962791443","0.9026175737380981","-1.5556116104125977"
"Test","0","0.000017933682102011517","-0.6835196018218994","0.958804726600647","-1.6423243284225464","-0.6494097709655762","0.9019793272018433","-1.5513890981674194"
"Test","0","0.000014847086276859045","-0.6437939405441284","0.9670100212097168","-1.6108039617538452","-0.6113818883895874","0.9035601615905762","-1.5149420499801636"
"Test","0","0.000015039643585623708","-0.6659607291221619","0.9786714315414429","-1.64463210105896","-0.6321078538894653","0.914518415927887","-1.546626329421997"
"Test","0","0.000016046453310991637","-0.6666525602340698","0.967505693435669","-1.6341582536697388","-0.6333955526351929","0.902287483215332","-1.535683035850525"
"Test","0","0.0000181348677870119","-0.6822444200515747","0.9698695540428162","-1.652113914489746","-0.6470382809638977","0.9052146673202515","-1.552253007888794"
"Test","0","0.000012726960449072067","-0.6774340867996216","0.9740599393844604","-1.651494026184082","-0.6433015465736389","0.9078177213668823","-1.551119327545166"
"Test","0","0.00001503997282270575","-0.6650248765945435","0.9770658016204834","-1.6420906782150269","-0.6294119358062744","0.9160518646240234","-1.5454638004302979"
"Test","0","0.000015293227988877334","-0.6597509384155273","0.9725217819213867","-1.632272720336914","-0.6264632344245911","0.9129104018211365","-1.5393736362457275"
"Test","0","0.0000206174845516216","-0.6214613914489746","0.9604078531265259","-1.5818692445755005","-0.5870808362960815","0.906854510307312","-1.4939353466033936"
"Test","0","0.00013108877465128899","-0.5381824970245361","0.8921051025390625","-1.4302875995635986","-0.502297580242157","0.8576374053955078","-1.3599350452423096"
"Test","0","0.000015361414625658654","-0.6853247284889221","0.9659740924835205","-1.6512987613677979","-0.6494179964065552","0.9005510807037354","-1.5499690771102905"
"Test","0","0.00001315526787948329","-0.7117659449577332","0.9585305452346802","-1.6702964305877686","-0.6773562431335449","0.8998847007751465","-1.5772409439086914"
"Test","0","0.00001282845187233761","-0.6869861483573914","0.9776822924613953","-1.6646684408187866","-0.6539524793624878","0.9141489267349243","-1.568101406097412"
"Test","0","0.000019029606846743263","-0.6342001557350159","0.9605175256729126","-1.5947177410125732","-0.6007267236709595","0.9020811319351196","-1.502807855606079"
"Test","0","0.000013352355381357484","-0.685028612613678","0.9732117652893066","-1.6582403182983398","-0.6508573293685913","0.9066566824913025","-1.557513952255249"
"Test","0","0.000017160793504444882","-0.6126505732536316","0.9597421884536743","-1.5723927021026611","-0.582769513130188","0.9062249660491943","-1.4889944791793823"
"Test","0","0.000010276706234435551","-0.7152159214019775","0.9702851176261902","-1.6855010986328125","-0.68250972032547","0.9006931781768799","-1.583202838897705"
"Test","0","0.000011588009328988846","-0.7033906579017639","0.975200891494751","-1.6785914897918701","-0.6685080528259277","0.9102859497070312","-1.578794002532959"
"Test","1","0.9999655485153198","0.9268782138824463","-0.5427940487861633","1.4696722030639648","0.8914234042167664","-0.46698451042175293","1.358407974243164"
"Test","1","0.9999840259552002","0.9525407552719116","-0.6284742951393127","1.5810151100158691","0.9123984575271606","-0.563575029373169","1.4759734869003296"
"Test","1","0.9999662637710571","0.8355923891067505","-0.5428337454795837","1.3784260749816895","0.8150182366371155","-0.4981895387172699","1.313207745552063"
"Test","1","0.9999774694442749","0.9384154081344604","-0.5928490161895752","1.5312644243240356","0.9032081365585327","-0.5243362784385681","1.427544355392456"
"Test","1","0.9999853372573853","0.9578455090522766","-0.5975919961929321","1.5554375648498535","0.9209393262863159","-0.5354378819465637","1.4563772678375244"
"Test","1","0.9999868869781494","0.95676589012146","-0.6398646235466003","1.596630573272705","0.9155553579330444","-0.5771130919456482","1.4926683902740479"
"Test","1","0.9999760389328003","0.8939434289932251","-0.6058846712112427","1.4998281002044678","0.8667295575141907","-0.5540756583213806","1.4208052158355713"
"Test","1","0.9999798536300659","0.9537249803543091","-0.605985164642334","1.559710144996643","0.914787232875824","-0.540886402130127","1.4556736946105957"
"Test","1","0.9998475313186646","0.7920558452606201","-0.4579088091850281","1.249964714050293","0.7580512762069702","-0.38571101427078247","1.1437623500823975"
"Test","1","0.9999706745147705","0.8886517286300659","-0.6080548763275146","1.4967066049575806","0.8614425659179688","-0.5561031699180603","1.4175457954406738"
"Test","1","0.9999586343765259","0.908281683921814","-0.5608897805213928","1.4691715240478516","0.8691033124923706","-0.4801299273967743","1.3492332696914673"
"Test","1","0.9999828338623047","0.9470647573471069","-0.616452693939209","1.563517451286316","0.9059629440307617","-0.5569708943367004","1.4629337787628174"
"Test","1","0.9999810457229614","0.9415232539176941","-0.6148054003715515","1.5563286542892456","0.8978089094161987","-0.5482867956161499","1.4460957050323486"
"Test","1","0.9999278783798218","0.872996985912323","-0.4987390339374542","1.3717360496520996","0.8434638381004333","-0.43507078289985657","1.2785346508026123"
"Test","1","0.9999805688858032","0.9204628467559814","-0.5800213813781738","1.5004842281341553","0.8847251534461975","-0.529417872428894","1.4141430854797363"
"Test","1","0.8878355026245117","0.32694220542907715","0.10883843898773193","0.21810376644134521","0.3267132341861725","0.1791132092475891","0.14760002493858337"
"Test","1","0.9393425583839417","0.26596882939338684","0.02083798684179783","0.24513083696365356","0.25512078404426575","0.08123520016670227","0.17388558387756348"
"Test","1","0.9999762773513794","0.9096996188163757","-0.6076662540435791","1.5173659324645996","0.8802816867828369","-0.5544601678848267","1.4347418546676636"
"Test","1","0.22185596823692322","0.1220724806189537","0.37204378843307495","-0.24997130036354065","0.13805332779884338","0.4128251075744629","-0.2747717797756195"
"Test","1","0.9999136924743652","0.7915365099906921","-0.4661240577697754","1.2576606273651123","0.7783462405204773","-0.41983848810195923","1.1981847286224365"
"Test","1","0.9999783039093018","0.9422106742858887","-0.5692216157913208","1.5114322900772095","0.9065358638763428","-0.49639925360679626","1.4029351472854614"
"Test","1","0.9999488592147827","0.891858696937561","-0.48114797472953796","1.3730067014694214","0.8558988571166992","-0.40275970101356506","1.258658528327942"
"Test","1","0.9999469518661499","0.8929638266563416","-0.5153728723526001","1.4083366394042969","0.8597403168678284","-0.435278058052063","1.2950184345245361"
"Test","1","0.9999805688858032","0.9436744451522827","-0.6120461225509644","1.555720567703247","0.899973452091217","-0.5460783839225769","1.446051836013794"
"Test","1","0.9999270439147949","0.8744354248046875","-0.4633927643299103","1.3378281593322754","0.8459316492080688","-0.38726553320884705","1.2331972122192383"
"Test","1","0.9999864101409912","0.9521108865737915","-0.6107907295227051","1.5629016160964966","0.9081965684890747","-0.5472903251647949","1.4554868936538696"
"Test","1","0.999908447265625","0.8872498273849487","-0.5067567229270935","1.3940064907073975","0.8639992475509644","-0.427736759185791","1.2917360067367554"
"Test","1","0.9999649524688721","0.9436346292495728","-0.604006290435791","1.5476409196853638","0.9088858962059021","-0.5395702719688416","1.4484561681747437"
"Test","1","0.9999135732650757","0.8683255910873413","-0.4485698938369751","1.3168954849243164","0.8375356197357178","-0.37646186351776123","1.213997483253479"
"Test","1","0.9994649291038513","0.7418748140335083","-0.3904488682746887","1.1323237419128418","0.7135485410690308","-0.3138667345046997","1.0274152755737305"
"Test","1","0.9962961077690125","0.6043760776519775","-0.1890946328639984","0.7934707403182983","0.5886517763137817","-0.10793518275022507","0.6965869665145874"
"Test","1","0.9997543692588806","0.7144160866737366","-0.39474380016326904","1.1091599464416504","0.7041391730308533","-0.35918015241622925","1.0633193254470825"
"Test","1","0.9866282939910889","0.5187490582466125","-0.10329674184322357","0.6220458149909973","0.5093437433242798","-0.028689220547676086","0.5380329489707947"
"Test","1","0.2291303128004074","0.056402742862701416","0.342082679271698","-0.2856799364089966","0.06499484181404114","0.39599156379699707","-0.33099672198295593"
"Test","1","0.9999643564224243","0.934184730052948","-0.5465847849845886","1.4807695150375366","0.8998001217842102","-0.47324395179748535","1.3730440139770508"
"Test","1","0.9999773502349854","0.921407163143158","-0.5487813353538513","1.4701884984970093","0.8890259861946106","-0.4963033199310303","1.385329246520996"
"Test","1","0.9998840093612671","0.8739722967147827","-0.4531056880950928","1.3270779848098755","0.8461227416992188","-0.37174177169799805","1.2178645133972168"
"Test","1","0.9999731779098511","0.9051195383071899","-0.5811883211135864","1.4863078594207764","0.8758605718612671","-0.5238431096076965","1.3997037410736084"
"Test","1","0.8246672749519348","0.2618584632873535","0.14234887063503265","0.11950959265232086","0.2607121467590332","0.20525115728378296","0.055460989475250244"
"Test","1","0.9999878406524658","0.9649574756622314","-0.6307560205459595","1.595713496208191","0.9246290922164917","-0.5682696104049683","1.49289870262146"
"Test","1","0.999987006187439","0.9664744734764099","-0.6830748319625854","1.6495492458343506","0.9213434457778931","-0.6178735494613647","1.5392169952392578"
"Test","1","0.9999645948410034","0.9285101890563965","-0.6696828603744507","1.5981930494308472","0.8921042680740356","-0.6022261381149292","1.4943304061889648"
"Test","1","0.9997462630271912","0.7802229523658752","-0.4046156406402588","1.1848385334014893","0.7548677921295166","-0.3200820982456207","1.074949860572815"
"Test","1","0.9997547268867493","0.8034862875938416","-0.38912731409072876","1.1926136016845703","0.7808236479759216","-0.3053745925426483","1.0861982107162476"
"Test","1","0.9995539784431458","0.758489727973938","-0.4019279479980469","1.1604176759719849","0.732651948928833","-0.3116498589515686","1.0443017482757568"
"Test","1","0.9999505281448364","0.9120571613311768","-0.49276190996170044","1.4048190116882324","0.8776799440383911","-0.4218520522117615","1.2995319366455078"
"Test","1","0.9999804496765137","0.9687654376029968","-0.6532392501831055","1.622004747390747","0.926124632358551","-0.5829731822013855","1.5090978145599365"
"Test","1","0.9996947050094604","0.835992693901062","-0.5046876072883606","1.3406803607940674","0.8082828521728516","-0.4141041338443756","1.2223869562149048"
"Test","1","0.9999784231185913","0.9641931056976318","-0.6553057432174683","1.6194988489151","0.925298810005188","-0.5854173302650452","1.510716199874878"
"Test","1","0.9999414682388306","0.8058657646179199","-0.4838874936103821","1.2897531986236572","0.7885361909866333","-0.44065600633621216","1.2291922569274902"
"Test","1","0.999947190284729","0.8704349994659424","-0.49916815757751465","1.369603157043457","0.8436654806137085","-0.4409301280975342","1.2845956087112427"
"Test","1","0.9999675750732422","0.9299559593200684","-0.5176279544830322","1.4475839138031006","0.9008946418762207","-0.44994011521339417","1.3508347272872925"
"Test","1","0.9805201888084412","0.44832998514175415","-0.12820060551166534","0.5765305757522583","0.43669548630714417","-0.05490569397807121","0.4916011691093445"
"Test","1","0.9972442388534546","0.4664181172847748","-0.1455102413892746","0.6119283437728882","0.4737503230571747","-0.11732804775238037","0.5910784006118774"
"Test","1","0.9999792575836182","0.9088309407234192","-0.6263179779052734","1.5351488590240479","0.8785762786865234","-0.5746361017227173","1.4532123804092407"
"Test","1","0.9999721050262451","0.8672850728034973","-0.5724640488624573","1.4397491216659546","0.8432742357254028","-0.528082549571991","1.371356725692749"
"Test","1","0.9998840093612671","0.8389055728912354","-0.45522424578666687","1.2941298484802246","0.8063756227493286","-0.3671817183494568","1.1735572814941406"
"Test","1","0.6180529594421387","0.2516581118106842","0.15577690303325653","0.09588120877742767","0.26050829887390137","0.22246067225933075","0.03804762661457062"
"Test","1","0.9998499155044556","0.8454368114471436","-0.4028306305408478","1.248267412185669","0.8222983479499817","-0.34435492753982544","1.1666532754898071"
"Test","1","0.9999799728393555","0.908329963684082","-0.6353257894515991","1.5436557531356812","0.8790332078933716","-0.5817223787307739","1.4607555866241455"
"Test","1","0.653886079788208","0.1606452465057373","0.21356837451457977","-0.05292312800884247","0.16310282051563263","0.26812201738357544","-0.10501919686794281"
"Test","1","0.9998687505722046","0.8517196774482727","-0.42827922105789185","1.2799988985061646","0.8227635622024536","-0.35998424887657166","1.1827478408813477"
"Test","1","0.999988317489624","0.9716175198554993","-0.6544049978256226","1.6260225772857666","0.9312414526939392","-0.5921636819839478","1.5234050750732422"
"Test","1","0.9997426867485046","0.7713815569877625","-0.40581122040748596","1.1771928071975708","0.7467619180679321","-0.3493785560131073","1.0961405038833618"
"Test","1","0.9999864101409912","0.9587702751159668","-0.6279336214065552","1.586703896522522","0.9207186698913574","-0.5689517855644226","1.4896705150604248"
"Test","1","0.9999628067016602","0.8398239612579346","-0.552028477191925","1.3918523788452148","0.817418098449707","-0.5061512589454651","1.3235692977905273"
"Test","1","0.9685386419296265","0.46402814984321594","-0.02011898159980774","0.4841471314430237","0.46193188428878784","0.05189088359475136","0.4100410044193268"
"Test","1","0.9999586343765259","0.8809700012207031","-0.5048893690109253","1.3858593702316284","0.8520424365997314","-0.44751909375190735","1.2995615005493164"
"Test","1","0.9999605417251587","0.8530237078666687","-0.5480440855026245","1.4010677337646484","0.8305847644805908","-0.5011318325996399","1.331716537475586"
"Test","1","0.9997847676277161","0.7905063033103943","-0.38022488355636597","1.1707311868667603","0.770089864730835","-0.32217806577682495","1.0922679901123047"
"Test","1","0.9998831748962402","0.8551957607269287","-0.4318852126598358","1.287081003189087","0.8273603916168213","-0.3610270619392395","1.188387393951416"
"Test","1","0.9999535083770752","0.9185935258865356","-0.5703564882278442","1.4889500141143799","0.8839151859283447","-0.49517425894737244","1.3790894746780396"
"Test","1","0.9999833106994629","0.9515572190284729","-0.6074255108833313","1.5589827299118042","0.9093235731124878","-0.5403149127960205","1.4496384859085083"
"Test","1","0.999913215637207","0.7812714576721191","-0.43421563506126404","1.2154871225357056","0.7663536667823792","-0.39498430490493774","1.161337971687317"
"Test","1","0.9999812841415405","0.9396092891693115","-0.6266955137252808","1.5663048028945923","0.9022797346115112","-0.5636951923370361","1.4659749269485474"
"Test","1","0.9999871253967285","0.9580851793289185","-0.6373466849327087","1.5954318046569824","0.9137155413627625","-0.5694106817245483","1.483126163482666"
"Test","1","0.9774243831634521","0.45069682598114014","-0.07580415904521942","0.5265009999275208","0.4425288736820221","-0.011062350124120712","0.4535912275314331"
"Test","1","0.9999690055847168","0.9356853365898132","-0.5900943279266357","1.5257797241210938","0.8938055038452148","-0.5190185904502869","1.4128241539001465"
"Test","1","0.7134007215499878","0.3197833001613617","0.16185835003852844","0.15792495012283325","0.3264622688293457","0.21342967450618744","0.11303259432315826"
"Test","1","0.9989728927612305","0.7142913341522217","-0.27413374185562134","0.988425076007843","0.694453239440918","-0.20658636093139648","0.9010396003723145"
"Test","1","0.9999794960021973","0.9552006721496582","-0.674561083316803","1.6297616958618164","0.9114739894866943","-0.6043951511383057","1.515869140625"
"Test","1","0.9999480247497559","0.8213781714439392","-0.5144934058189392","1.3358715772628784","0.8033943176269531","-0.4711478352546692","1.2745420932769775"
"Test","1","0.9999843835830688","0.9550991654396057","-0.6260361075401306","1.5811352729797363","0.9110900163650513","-0.5576571822166443","1.4687471389770508"
"Test","1","0.9999674558639526","0.9117081165313721","-0.5771163702011108","1.488824486732483","0.8776767253875732","-0.521843433380127","1.3995201587677002"
"Test","1","0.9999432563781738","0.7994128465652466","-0.4953548312187195","1.2947676181793213","0.7827594876289368","-0.4521356523036957","1.23489511013031"
"Test","1","0.9999195337295532","0.8608389496803284","-0.49880120158195496","1.359640121459961","0.8323080539703369","-0.43742963671684265","1.269737720489502"
"Test","1","0.9999605417251587","0.9147849082946777","-0.5406431555747986","1.455428123474121","0.877628743648529","-0.47005629539489746","1.3476850986480713"
"Test","1","0.9999504089355469","0.905396580696106","-0.5140877962112427","1.4194843769073486","0.8708989024162292","-0.43884578347206116","1.3097447156906128"
"Test","1","0.9999841451644897","0.9578281044960022","-0.640896201133728","1.598724365234375","0.9172817468643188","-0.5740017890930176","1.4912835359573364"
"Test","1","0.9999827146530151","0.9628252983093262","-0.6090896129608154","1.5719149112701416","0.9248926639556885","-0.5425671339035034","1.467459797859192"
"Test","1","0.9999862909317017","0.9594979882240295","-0.6356245279312134","1.5951225757598877","0.9176909923553467","-0.5731544494628906","1.4908454418182373"
"Test","1","0.9999843835830688","0.9755581617355347","-0.6489605903625488","1.6245187520980835","0.9367416501045227","-0.5795806050300598","1.5163222551345825"
"Test","1","0.9978210926055908","0.6083661317825317","-0.23724067211151123","0.845606803894043","0.5919764041900635","-0.15208245813846588","0.7440588474273682"
"Test","1","0.9949027299880981","0.653325080871582","-0.17004087567329407","0.8233659267425537","0.6452308893203735","-0.09349600970745087","0.7387269139289856"
"Test","1","0.9998384714126587","0.7909407019615173","-0.4132719933986664","1.2042126655578613","0.7612960934638977","-0.3324238061904907","1.0937199592590332"
"Test","1","0.9999568462371826","0.8220015168190002","-0.526006817817688","1.348008394241333","0.8035248517990112","-0.48060154914855957","1.2841264009475708"
"Test","1","0.9817686080932617","0.530706524848938","-0.07535390555858612","0.6060604453086853","0.5231585502624512","-0.008343033492565155","0.5315015912055969"
"Test","1","0.999981164932251","0.9398248195648193","-0.579425573348999","1.5192503929138184","0.9011912941932678","-0.5159869194030762","1.4171781539916992"
"Test","1","0.999881386756897","0.8697078227996826","-0.4460325837135315","1.3157403469085693","0.8501518964767456","-0.37661129236221313","1.2267632484436035"
"Test","1","0.9997546076774597","0.8080258369445801","-0.3980877697467804","1.206113576889038","0.7846490740776062","-0.33614903688430786","1.120798110961914"
"Test","1","0.990835428237915","0.49854978919029236","-0.16555270552635193","0.6641024947166443","0.486628919839859","-0.07845525443553925","0.5650841593742371"
"Test","1","0.9994311928749084","0.7842735648155212","-0.35049623250961304","1.1347697973251343","0.7626161575317383","-0.2745697498321533","1.0371859073638916"
"Test","1","0.9999840259552002","0.9531639218330383","-0.6114498376846313","1.5646138191223145","0.9137394428253174","-0.5477562546730042","1.4614956378936768"
"Test","1","0.9999767541885376","0.935279130935669","-0.5473350882530212","1.482614278793335","0.895257294178009","-0.479733943939209","1.3749911785125732"
"Test","1","0.9999866485595703","0.9740733504295349","-0.6117027997970581","1.5857760906219482","0.9356688857078552","-0.5467613935470581","1.4824302196502686"
"Test","1","0.9999463558197021","0.8858169913291931","-0.5760139226913452","1.4618308544158936","0.8504299521446228","-0.5044143199920654","1.354844331741333"
"Test","1","0.9999814033508301","0.9410140514373779","-0.5952540636062622","1.5362681150436401","0.907378077507019","-0.5372968316078186","1.4446749687194824"
"Test","1","0.9999864101409912","0.9756054878234863","-0.6406388878822327","1.6162443161010742","0.9330990314483643","-0.5735914707183838","1.506690502166748"
"Test","1","0.9662637114524841","0.3992631137371063","-0.007345259189605713","0.40660837292671204","0.39265990257263184","0.06594156473875046","0.3267183303833008"
"Test","1","0.9998841285705566","0.8621061444282532","-0.48818454146385193","1.3502906560897827","0.8331860899925232","-0.4105074405670166","1.2436935901641846"
"Test","1","0.9999730587005615","0.9347798824310303","-0.5571843385696411","1.4919642210006714","0.9047485589981079","-0.4948497414588928","1.3995983600616455"
"Test","1","0.9999202489852905","0.8340394496917725","-0.4719686806201935","1.3060081005096436","0.797327995300293","-0.4038340151309967","1.2011619806289673"
"Test","1","0.9999728202819824","0.871925950050354","-0.5852757692337036","1.4572017192840576","0.8464334607124329","-0.5396239757537842","1.3860573768615723"
"Test","1","0.9648666977882385","0.3659347593784332","0.03736284002661705","0.3285719156265259","0.35668128728866577","0.10392575711011887","0.2527555227279663"
"Test","1","0.9847684502601624","0.46753188967704773","-0.02835964784026146","0.4958915412425995","0.4682788550853729","0.017522260546684265","0.45075660943984985"
"Test","1","0.9999617338180542","0.8825775384902954","-0.6076807975769043","1.4902583360671997","0.857519268989563","-0.5528088212013245","1.4103281497955322"
"Test","1","0.9963569045066833","0.6760590076446533","-0.20923301577568054","0.8852920532226562","0.6642423868179321","-0.13042840361595154","0.794670820236206"
"Test","1","0.9999775886535645","0.9416844248771667","-0.5916671752929688","1.5333516597747803","0.9017519950866699","-0.5228750109672546","1.4246270656585693"
"Test","1","0.999658465385437","0.7833367586135864","-0.3068101108074188","1.0901468992233276","0.7555047273635864","-0.22650673985481262","0.9820114374160767"
"Test","1","0.9999778270721436","0.9364476799964905","-0.5673685073852539","1.5038161277770996","0.899408221244812","-0.5029829740524292","1.4023911952972412"
"Test","1","0.9999741315841675","0.8868753910064697","-0.5739073753356934","1.460782766342163","0.8614001274108887","-0.5240931510925293","1.385493278503418"
"Test","1","0.9987566471099854","0.7252804040908813","-0.28214597702026367","1.007426381111145","0.7111403942108154","-0.22072908282279968","0.9318695068359375"
"Test","1","0.9954416751861572","0.5287953615188599","-0.2836056351661682","0.8124009966850281","0.5062891244888306","-0.19497068226337433","0.7012597918510437"
"Test","1","0.9999760389328003","0.9477123618125916","-0.5755846500396729","1.5232970714569092","0.9118099212646484","-0.511138916015625","1.4229488372802734"
"Test","1","0.9999841451644897","0.9467602968215942","-0.70280921459198","1.6495695114135742","0.9078224301338196","-0.6437169313430786","1.551539421081543"
"Test","1","0.999984860420227","0.9546758532524109","-0.5998305082321167","1.5545063018798828","0.9188615083694458","-0.5393617749214172","1.4582233428955078"
"Test","1","0.9996028542518616","0.7503666877746582","-0.4396878182888031","1.1900545358657837","0.7209935784339905","-0.36717528104782104","1.0881688594818115"
"Test","1","0.9996180534362793","0.7773421406745911","-0.35447800159454346","1.1318202018737793","0.7528963088989258","-0.27116185426712036","1.0240581035614014"
"Test","1","0.9998549222946167","0.8350042104721069","-0.4133175313472748","1.248321771621704","0.8077907562255859","-0.34305495023727417","1.1508457660675049"
"Test","1","0.9999842643737793","0.9483563303947449","-0.5999582409858704","1.5483145713806152","0.9120422005653381","-0.5405802130699158","1.452622413635254"
"Test","1","0.9999803304672241","0.9447958469390869","-0.6123322248458862","1.5571280717849731","0.9061837196350098","-0.5489291548728943","1.4551129341125488"
"Test","1","0.9999847412109375","0.9730597734451294","-0.6628894805908203","1.6359492540359497","0.9328365325927734","-0.5961501598358154","1.5289866924285889"
"Test","1","0.9998480081558228","0.8157738447189331","-0.4169149398803711","1.2326887845993042","0.7830030918121338","-0.34631022810935974","1.129313349723816"
"Test","1","0.9999833106994629","0.9581314325332642","-0.6140061616897583","1.5721375942230225","0.9187221527099609","-0.5475480556488037","1.4662702083587646"
"Test","1","0.9999356269836426","0.8433162569999695","-0.4840816259384155","1.3273978233337402","0.8250659108161926","-0.4323939383029938","1.2574598789215088"
"Test","1","0.9997768998146057","0.7763025760650635","-0.4219220280647278","1.1982245445251465","0.7476136684417725","-0.33509430289268494","1.0827080011367798"
"Test","1","0.9999040365219116","0.8577751517295837","-0.44567692279815674","1.3034520149230957","0.8323811292648315","-0.3804180920124054","1.2127991914749146"
"Test","1","0.9999576807022095","0.8890134692192078","-0.5198338031768799","1.4088473320007324","0.8570685386657715","-0.4643193483352661","1.3213878870010376"
"Test","1","0.999968409538269","0.9230984449386597","-0.5845298171043396","1.5076282024383545","0.8836742639541626","-0.512597382068634","1.3962717056274414"
"Test","1","0.9999827146530151","0.965713381767273","-0.6266336441040039","1.5923470258712769","0.9244641065597534","-0.5582617521286011","1.4827258586883545"