split,true_label,confidence_score,hcc_cosine_mean,hem_cosine_mean,delta_mean,hcc_cosine_kmeans,hem_cosine_kmeans,delta_kmeans
Val,0,2.3595603124704212e-05,-0.32507437467575073,0.9908382296562195,-1.3159126043319702,-0.26104536652565,0.9640692472457886,-1.2251145839691162
Val,0,1.9803808754659258e-05,-0.34062331914901733,0.9908960461616516,-1.331519365310669,-0.2765994966030121,0.9614428281784058,-1.2380423545837402
Val,0,1.8208864275948144e-05,-0.3607938885688782,0.989119291305542,-1.3499131202697754,-0.2962494194507599,0.9576585292816162,-1.2539079189300537
Val,0,2.884935929614585e-05,-0.31542712450027466,0.9937996864318848,-1.3092267513275146,-0.2505110502243042,0.9686439037322998,-1.219154953956604
Val,0,1.727257222228218e-05,-0.3662461042404175,0.9895051717758179,-1.3557512760162354,-0.3013518452644348,0.9572941660881042,-1.258646011352539
Val,0,4.560127854347229e-05,-0.25149983167648315,0.9903291463851929,-1.2418289184570312,-0.18415839970111847,0.9762586951255798,-1.160417079925537
Val,0,2.063772626570426e-05,-0.3558119833469391,0.9888321757316589,-1.3446441888809204,-0.2918759286403656,0.9584664106369019,-1.2503423690795898
Val,0,2.4005716113606468e-05,-0.31734466552734375,0.9899778366088867,-1.3073225021362305,-0.2526523768901825,0.9639521837234497,-1.2166045904159546
Val,0,5.29752614966128e-05,-0.25999322533607483,0.9874920845031738,-1.2474852800369263,-0.1932089626789093,0.972561776638031,-1.1657707691192627
Val,0,2.5477042072452605e-05,-0.30187323689460754,0.9954543113708496,-1.2973275184631348,-0.23718397319316864,0.9708823561668396,-1.2080663442611694
Val,0,1.862329190771561e-05,-0.36335688829421997,0.9897288680076599,-1.3530857563018799,-0.29841217398643494,0.9574661254882812,-1.2558783292770386
Val,0,1.245515431946842e-05,-0.40600767731666565,0.982944905757904,-1.388952612876892,-0.34270527958869934,0.9447757005691528,-1.2874809503555298
Val,0,2.7325739210937172e-05,-0.31138336658477783,0.992514967918396,-1.3038983345031738,-0.24596966803073883,0.9683945775032043,-1.2143642902374268
Val,0,2.934916119556874e-05,-0.30681514739990234,0.9941723942756653,-1.3009874820709229,-0.2407538741827011,0.9709501266479492,-1.2117040157318115
Val,0,2.6852481823880225e-05,-0.3008349537849426,0.983790397644043,-1.2846252918243408,-0.23776103556156158,0.9591773748397827,-1.196938395500183
Val,0,1.7009802832035348e-05,-0.34860265254974365,0.9913196563720703,-1.339922308921814,-0.28463634848594666,0.9599711298942566,-1.2446074485778809
Val,0,2.1780948372907005e-05,-0.33959323167800903,0.9905514121055603,-1.3301446437835693,-0.27536219358444214,0.9617946743965149,-1.237156867980957
Val,0,1.8193781215813942e-05,-0.3590676188468933,0.98893141746521,-1.347999095916748,-0.2949419617652893,0.9561355113983154,-1.25107741355896
Val,0,2.058754034806043e-05,-0.3117500841617584,0.9937765002250671,-1.305526614189148,-0.24750621616840363,0.9666150212287903,-1.2141212224960327
Val,0,1.5031899238238111e-05,-0.35993558168411255,0.9905720353126526,-1.3505076169967651,-0.29560571908950806,0.9584133625030518,-1.254019021987915
Val,0,2.414466507616453e-05,-0.32932043075561523,0.9923483729362488,-1.3216688632965088,-0.264803946018219,0.9654512405395508,-1.230255126953125
Val,0,1.8619544789544307e-05,-0.33428943157196045,0.9916620254516602,-1.3259514570236206,-0.2702674865722656,0.961804986000061,-1.2320724725723267
Val,0,1.8453254597261548e-05,-0.34758830070495605,0.992178201675415,-1.339766502380371,-0.28359729051589966,0.9612833857536316,-1.2448806762695312
Val,0,1.2785693797923159e-05,-0.4103125333786011,0.9817126989364624,-1.3920252323150635,-0.3468407094478607,0.9427119493484497,-1.2895526885986328
Val,0,1.696753315627575e-05,-0.35768359899520874,0.9914798736572266,-1.34916353225708,-0.29286056756973267,0.9602057933807373,-1.2530663013458252
Val,0,1.668219374550972e-05,-0.3616722822189331,0.9904008507728577,-1.3520731925964355,-0.2975543737411499,0.9574381113052368,-1.2549924850463867
Val,0,2.1644800654030405e-05,-0.3234429657459259,0.9944082498550415,-1.317851185798645,-0.2587513029575348,0.967499315738678,-1.2262506484985352
Val,0,2.780251088552177e-05,-0.2974439859390259,0.9935120344161987,-1.2909560203552246,-0.23099052906036377,0.9718167781829834,-1.2028073072433472
Val,0,1.8527049178374e-05,-0.348532497882843,0.9925169944763184,-1.3410494327545166,-0.2840099632740021,0.962296724319458,-1.2463066577911377
Val,0,1.846501254476607e-05,-0.35552677512168884,0.992118775844574,-1.3476455211639404,-0.2911768853664398,0.9610099792480469,-1.252186894416809
Val,0,1.81272243935382e-05,-0.3635171055793762,0.9869814515113831,-1.3504985570907593,-0.2985486388206482,0.9549596309661865,-1.2535083293914795
Val,0,1.658365727053024e-05,-0.3775213360786438,0.9862228035926819,-1.3637441396713257,-0.3133964538574219,0.9516569375991821,-1.265053391456604
Val,0,2.2772856027586386e-05,-0.32325872778892517,0.9915881156921387,-1.3148468732833862,-0.25823500752449036,0.964486300945282,-1.2227213382720947
Val,0,4.32192646258045e-05,-0.25358033180236816,0.9910929799079895,-1.244673252105713,-0.18705876171588898,0.9764440059661865,-1.163502812385559
Val,0,2.7740641598938964e-05,-0.2978793978691101,0.9881507754325867,-1.2860301733016968,-0.23221270740032196,0.9647829532623291,-1.1969956159591675
Val,0,1.557871109980624e-05,-0.37128162384033203,0.9894655346870422,-1.3607470989227295,-0.30680060386657715,0.9563517570495605,-1.2631523609161377
Val,0,1.473133761464851e-05,-0.38177788257598877,0.9881453514099121,-1.3699232339859009,-0.3178568184375763,0.953463077545166,-1.27131986618042
Val,0,2.4705797841306776e-05,-0.32081127166748047,0.994210422039032,-1.3150217533111572,-0.2553032338619232,0.9683640599250793,-1.2236672639846802
Val,0,2.099580888170749e-05,-0.35042062401771545,0.9919629096984863,-1.3423835039138794,-0.28572869300842285,0.9630151391029358,-1.2487437725067139
Val,0,1.414952475897735e-05,-0.3788631558418274,0.9883946776390076,-1.367257833480835,-0.31489527225494385,0.9533604979515076,-1.2682557106018066
Val,0,1.360242640657816e-05,-0.3914235234260559,0.9851012229919434,-1.3765246868133545,-0.32756417989730835,0.9485629200935364,-1.2761270999908447
Val,0,1.2945451089763083e-05,-0.4020206332206726,0.9827294945716858,-1.3847501277923584,-0.3379703164100647,0.9454792141914368,-1.2834495306015015
Val,0,3.222366649424657e-05,-0.2813263535499573,0.988945484161377,-1.2702717781066895,-0.21625933051109314,0.9690604209899902,-1.1853197813034058
Val,0,2.0984136426704936e-05,-0.3318954408168793,0.9925533533096313,-1.324448823928833,-0.2673451006412506,0.9639538526535034,-1.2312989234924316
Val,0,2.3986287487787195e-05,-0.32489335536956787,0.9919028282165527,-1.3167961835861206,-0.26006847620010376,0.9650987386703491,-1.2251672744750977
Val,0,1.834968315961305e-05,-0.3503768742084503,0.9914122819900513,-1.3417891263961792,-0.2866688072681427,0.9601259827613831,-1.2467948198318481
Val,0,1.6095191313070245e-05,-0.37693607807159424,0.9870254993438721,-1.3639615774154663,-0.3122844994068146,0.9530794620513916,-1.2653639316558838
Val,0,1.9958406483056024e-05,-0.35067838430404663,0.9863191843032837,-1.3369975090026855,-0.28748100996017456,0.9560218453407288,-1.2435028553009033
Val,0,1.2694463293883018e-05,-0.3927151560783386,0.9833133816719055,-1.3760285377502441,-0.3296864330768585,0.9458675980567932,-1.2755540609359741
Val,0,1.781539867806714e-05,-0.3716530501842499,0.988450825214386,-1.3601038455963135,-0.30749374628067017,0.9553781151771545,-1.2628718614578247
Val,0,2.9399441700661555e-05,-0.30004000663757324,0.9893838763237,-1.289423942565918,-0.2348727285861969,0.9657108783721924,-1.200583577156067
Val,0,1.4943239875719883e-05,-0.3772817850112915,0.9883123636245728,-1.3655941486358643,-0.3132247030735016,0.9536310434341431,-1.2668557167053223
Val,0,2.069096990453545e-05,-0.3303616940975189,0.9937049746513367,-1.3240666389465332,-0.2650430202484131,0.9657636284828186,-1.230806589126587
Val,0,2.6985690055880696e-05,-0.3057085871696472,0.9889804720878601,-1.2946890592575073,-0.2401159256696701,0.9649630784988403,-1.2050789594650269
Val,0,1.570651147630997e-05,-0.3607354760169983,0.9913932085037231,-1.3521287441253662,-0.29645925760269165,0.9591951370239258,-1.2556543350219727
Val,0,1.6747068002587184e-05,-0.3803553581237793,0.9879109859466553,-1.3682663440704346,-0.3156795799732208,0.9543503522872925,-1.270029902458191
Val,0,1.8114749764208682e-05,-0.3480425477027893,0.9915239810943604,-1.3395664691925049,-0.2841152846813202,0.9606393575668335,-1.244754672050476
Val,0,1.6064490409917198e-05,-0.3620731830596924,0.9909155964851379,-1.3529887199401855,-0.2980080842971802,0.9579945802688599,-1.25600266456604
Val,0,3.149584517814219e-05,-0.2869247794151306,0.9943351149559021,-1.2812598943710327,-0.2215700000524521,0.9729821681976318,-1.1945521831512451
Val,0,2.333813245058991e-05,-0.3114151954650879,0.994860053062439,-1.3062752485275269,-0.24685212969779968,0.9696151614189148,-1.216467261314392
Val,0,0.00019901168707292527,-0.11927597224712372,0.9669253826141357,-1.0862013101577759,-0.053116679191589355,0.9674221873283386,-1.0205388069152832
Val,0,1.7929834939423017e-05,-0.3702056407928467,0.9904495477676392,-1.3606551885604858,-0.3054063320159912,0.9585638046264648,-1.263970136642456
Val,0,3.3025004086084664e-05,-0.2836795151233673,0.9914886951446533,-1.2751681804656982,-0.21718527376651764,0.9721887707710266,-1.1893740892410278
Val,0,2.5540293790982105e-05,-0.3301317095756531,0.9913220405578613,-1.3214538097381592,-0.26580676436424255,0.9638420343399048,-1.2296488285064697
Val,0,2.45037426793715e-05,-0.31673765182495117,0.99209064245224,-1.308828353881836,-0.25089094042778015,0.9673945307731628,-1.2182854413986206
Val,0,2.72892284556292e-05,-0.29510998725891113,0.992245614528656,-1.287355661392212,-0.2304507941007614,0.9687608480453491,-1.199211597442627
Val,0,1.4785102393943816e-05,-0.3799455761909485,0.9862898588180542,-1.3662354946136475,-0.316144198179245,0.9515969157218933,-1.267741084098816
Val,0,1.966105446626898e-05,-0.35473763942718506,0.9903767108917236,-1.3451143503189087,-0.29006507992744446,0.9590604305267334,-1.2491254806518555
Val,0,1.6191781469387934e-05,-0.37337422370910645,0.9879453778266907,-1.3613195419311523,-0.3100414276123047,0.9533417224884033,-1.263383150100708
Val,0,1.6661968402331695e-05,-0.3616951107978821,0.9894710183143616,-1.3511661291122437,-0.2978615462779999,0.9564961194992065,-1.2543576955795288
Val,0,1.961718953680247e-05,-0.34137964248657227,0.9912559390068054,-1.3326356410980225,-0.2776675522327423,0.9604275822639465,-1.2380951642990112
Val,0,6.971842230996117e-05,-0.22448478639125824,0.9844878911972046,-1.208972692489624,-0.15832510590553284,0.9722599387168884,-1.1305850744247437
Val,0,1.6900481568882242e-05,-0.3769781291484833,0.9883280992507935,-1.3653062582015991,-0.31258565187454224,0.954555094242096,-1.2671407461166382
Val,0,1.9401781173655763e-05,-0.3523724675178528,0.9902352094650269,-1.3426077365875244,-0.28770869970321655,0.959855318069458,-1.2475640773773193
Val,0,1.552549838379491e-05,-0.3672393560409546,0.9892522096633911,-1.3564915657043457,-0.30304190516471863,0.9557663798332214,-1.2588082551956177
Val,0,1.7894371922011487e-05,-0.3390408754348755,0.9905780553817749,-1.3296189308166504,-0.2740722894668579,0.9615075588226318,-1.2355798482894897
Val,0,1.9592214812291786e-05,-0.3389813303947449,0.9900545477867126,-1.3290358781814575,-0.27520862221717834,0.9613682627677917,-1.2365769147872925
Val,0,1.5989568055374548e-05,-0.3672258257865906,0.9891325235366821,-1.356358289718628,-0.3034763038158417,0.9554281234741211,-1.2589044570922852
Val,0,1.6645133655401878e-05,-0.3722773790359497,0.9884746670722961,-1.3607521057128906,-0.30777692794799805,0.955464243888855,-1.263241171836853
Val,0,1.5426216123159975e-05,-0.3675801753997803,0.9901543855667114,-1.3577345609664917,-0.303539514541626,0.9562984704971313,-1.2598379850387573
Val,0,1.675919338595122e-05,-0.3577790856361389,0.9901722073554993,-1.3479512929916382,-0.2932839095592499,0.9581995010375977,-1.25148344039917
Val,0,2.3060523744788952e-05,-0.33787477016448975,0.9913384914398193,-1.329213261604309,-0.27286645770072937,0.963081419467926,-1.235947847366333
Val,0,1.3055545423412696e-05,-0.4005202651023865,0.9837081432342529,-1.3842284679412842,-0.3367876708507538,0.9457361102104187,-1.28252375125885
Val,0,1.4457589713856578e-05,-0.38233861327171326,0.9842073321342468,-1.3665459156036377,-0.3197977542877197,0.9489242434501648,-1.2687220573425293
Val,0,8.684652857482433e-05,-0.2088453322649002,0.9808380007743835,-1.1896833181381226,-0.14236199855804443,0.9714244604110718,-1.1137864589691162
Val,0,1.696187064226251e-05,-0.3555140793323517,0.9903813004493713,-1.3458954095840454,-0.29069724678993225,0.9590741395950317,-1.2497713565826416
Val,0,1.612221240065992e-05,-0.3641117215156555,0.9859026074409485,-1.350014328956604,-0.3010057210922241,0.9531430006027222,-1.2541487216949463
Val,0,1.663554758124519e-05,-0.3747890591621399,0.9879976511001587,-1.3627867698669434,-0.3099653422832489,0.9554490447044373,-1.2654143571853638
Val,0,1.766744207998272e-05,-0.36859920620918274,0.9879608750343323,-1.3565601110458374,-0.3038800060749054,0.9553183317184448,-1.2591983079910278
Val,0,2.5572218874003738e-05,-0.31751102209091187,0.9910314083099365,-1.3085424900054932,-0.2526197135448456,0.964753270149231,-1.217373013496399
Val,0,2.0892382963211276e-05,-0.3311782777309418,0.9939777255058289,-1.3251559734344482,-0.2663014829158783,0.965366542339325,-1.2316679954528809
Val,0,2.0133553334744647e-05,-0.3431323766708374,0.992833137512207,-1.3359655141830444,-0.2786988914012909,0.9625805616378784,-1.2412794828414917
Val,0,2.035110810538754e-05,-0.3451504111289978,0.9913023710250854,-1.3364527225494385,-0.2806133031845093,0.9617838859558105,-1.2423971891403198
Val,0,1.632084240554832e-05,-0.3666442930698395,0.9888074398040771,-1.3554517030715942,-0.3020489513874054,0.9562777876853943,-1.258326768875122
Val,0,3.1952542485669255e-05,-0.29144424200057983,0.9931458234786987,-1.2845900058746338,-0.2255333960056305,0.9715642333030701,-1.197097659111023
Val,0,1.3154765838407911e-05,-0.38885819911956787,0.985851526260376,-1.3747097253799438,-0.3251033127307892,0.9492496252059937,-1.2743529081344604
Val,0,1.911867002490908e-05,-0.33735334873199463,0.9911379218101501,-1.3284912109375,-0.2732374370098114,0.9624568223953247,-1.2356942892074585
Val,0,2.3247437638929114e-05,-0.3407965898513794,0.9924103021621704,-1.3332068920135498,-0.27616697549819946,0.9640242457389832,-1.2401912212371826
Val,0,4.0630206058267504e-05,-0.27011752128601074,0.9881964921951294,-1.2583140134811401,-0.20420220494270325,0.9697221517562866,-1.1739243268966675
Val,0,1.2607943972398061e-05,-0.41860002279281616,0.9792778491973877,-1.3978779315948486,-0.3548911213874817,0.9400199055671692,-1.2949110269546509
Val,0,2.96237449219916e-05,-0.29079461097717285,0.9921167492866516,-1.2829113006591797,-0.22625544667243958,0.9690687656402588,-1.195324182510376
Val,0,2.011453398154117e-05,-0.3426855802536011,0.9901084899902344,-1.3327940702438354,-0.2778073251247406,0.960832953453064,-1.238640308380127
Val,0,1.5523557522101328e-05,-0.37587738037109375,0.9874204397201538,-1.3632978200912476,-0.3121598958969116,0.952964186668396,-1.2651240825653076
Val,0,1.2590425285452511e-05,-0.39466482400894165,0.9857962727546692,-1.3804610967636108,-0.33139240741729736,0.9483832716941833,-1.279775619506836
Val,0,1.6902851712075062e-05,-0.36358529329299927,0.9906632900238037,-1.3542485237121582,-0.2997971773147583,0.9576369524002075,-1.2574341297149658
Val,0,1.786369648471009e-05,-0.3500448763370514,0.9888251423835754,-1.3388700485229492,-0.2861807644367218,0.9574307799339294,-1.2436115741729736
Val,0,1.6746780602261424e-05,-0.35337650775909424,0.9878489375114441,-1.3412253856658936,-0.2904921770095825,0.9562205076217651,-1.2467126846313477
Val,0,1.896735375339631e-05,-0.32909226417541504,0.9935527443885803,-1.3226449489593506,-0.2646287977695465,0.965083658695221,-1.2297124862670898
Val,0,2.029689676419366e-05,-0.34657377004623413,0.9874316453933716,-1.334005355834961,-0.28150027990341187,0.9589987993240356,-1.2404990196228027
Val,0,3.346766607137397e-05,-0.2704140543937683,0.9917652606964111,-1.2621793746948242,-0.20507441461086273,0.9718738794326782,-1.1769483089447021
Val,0,3.3351214369758964e-05,-0.2959522008895874,0.9921813011169434,-1.2881335020065308,-0.23130398988723755,0.9690489768981934,-1.2003529071807861
Val,0,1.345533109997632e-05,-0.39363330602645874,0.984950840473175,-1.3785841464996338,-0.3302895426750183,0.9477647542953491,-1.2780542373657227
Val,0,2.1985380953992717e-05,-0.32044923305511475,0.992796778678894,-1.3132460117340088,-0.2558438777923584,0.9664803147315979,-1.2223241329193115
Val,0,4.87038487335667e-05,-0.24096223711967468,0.9890119433403015,-1.2299741506576538,-0.17419089376926422,0.9746291041374207,-1.1488200426101685
Val,0,1.5567007721983828e-05,-0.3821990489959717,0.9880980253219604,-1.3702970743179321,-0.3186926245689392,0.9531911015510559,-1.2718837261199951
Val,0,2.0701649191323668e-05,-0.32688015699386597,0.9932444095611572,-1.320124626159668,-0.2622222304344177,0.9661275148391724,-1.2283496856689453
Val,0,1.6053172657848336e-05,-0.3540627360343933,0.989875316619873,-1.3439381122589111,-0.2899327576160431,0.9583938121795654,-1.2483265399932861
Val,0,1.5618577890563756e-05,-0.36207592487335205,0.9890802502632141,-1.351156234741211,-0.29804861545562744,0.9561754465103149,-1.2542240619659424
Val,0,2.2437643565353937e-05,-0.3204638957977295,0.9921817183494568,-1.312645673751831,-0.2562689781188965,0.9648410677909851,-1.2211101055145264
Val,0,1.6486019376316108e-05,-0.365676611661911,0.9903916120529175,-1.3560682535171509,-0.30161985754966736,0.9576236605644226,-1.2592434883117676
Val,0,1.6326632248819806e-05,-0.36124977469444275,0.9909710884094238,-1.352220892906189,-0.2975446581840515,0.957909345626831,-1.2554540634155273
Val,0,1.6942583897616714e-05,-0.35001111030578613,0.9933024048805237,-1.343313455581665,-0.2854178249835968,0.9631313681602478,-1.248549222946167
Val,0,1.5089378393895458e-05,-0.3764832317829132,0.9836863279342651,-1.360169529914856,-0.31387004256248474,0.9490042328834534,-1.2628742456436157
Val,0,2.0992625650251284e-05,-0.3340888023376465,0.9919662475585938,-1.3260550498962402,-0.2697325348854065,0.9633373022079468,-1.233069896697998
Val,0,3.016827758983709e-05,-0.28945037722587585,0.9928579330444336,-1.2823083400726318,-0.22432710230350494,0.9704510569572449,-1.1947782039642334
Val,0,3.0148747100611217e-05,-0.2874358892440796,0.9943740963935852,-1.2818100452423096,-0.22246217727661133,0.9722710847854614,-1.1947332620620728
Val,0,1.3826291251461953e-05,-0.39313507080078125,0.985201895236969,-1.3783369064331055,-0.32891762256622314,0.9489200115203857,-1.2778376340866089
Val,0,1.8385413568466902e-05,-0.360832542181015,0.9895269870758057,-1.350359559059143,-0.296985924243927,0.9573277235031128,-1.2543137073516846
Val,0,2.7034602680942044e-05,-0.3103099465370178,0.9940717816352844,-1.3043817281723022,-0.2449851781129837,0.9693292379379272,-1.2143144607543945
Val,0,3.794016083702445e-05,-0.2672046720981598,0.990652322769165,-1.2578569650650024,-0.20179876685142517,0.9730511903762817,-1.1748499870300293
Val,0,1.7534184735268354e-05,-0.3523216247558594,0.9926120638847351,-1.3449337482452393,-0.28719303011894226,0.9624825119972229,-1.2496755123138428
Val,0,2.043481254077051e-05,-0.32237690687179565,0.990885853767395,-1.313262701034546,-0.25805994868278503,0.9633732438087463,-1.221433162689209
Val,0,1.854596303019207e-05,-0.3675924837589264,0.9887144565582275,-1.3563069105148315,-0.30378198623657227,0.9557620286941528,-1.259544014930725
Val,0,1.5983652701834217e-05,-0.3622208535671234,0.9903967380523682,-1.352617621421814,-0.29779312014579773,0.9580270051956177,-1.2558201551437378
Val,0,3.1171042792266235e-05,-0.28514689207077026,0.9927977323532104,-1.277944564819336,-0.21908371150493622,0.97163987159729,-1.1907235383987427
Val,0,1.4761220882064663e-05,-0.3902931213378906,0.9857804775238037,-1.3760735988616943,-0.32656165957450867,0.9495792984962463,-1.2761409282684326
Val,0,2.6118434107047506e-05,-0.30768394470214844,0.995059609413147,-1.3027435541152954,-0.24240444600582123,0.9707117080688477,-1.21311616897583
Val,0,3.98374286305625e-05,-0.26890066266059875,0.9916231632232666,-1.260523796081543,-0.20399059355258942,0.9729914665222168,-1.176982045173645
Val,0,2.1474255845532753e-05,-0.3404320180416107,0.9925981163978577,-1.333030104637146,-0.2751859724521637,0.9638789892196655,-1.2390649318695068
Val,0,2.777066038106568e-05,-0.2985398471355438,0.9877215027809143,-1.2862613201141357,-0.2332981377840042,0.9645668268203735,-1.1978650093078613
Val,0,1.964699913514778e-05,-0.3450748324394226,0.993663489818573,-1.3387383222579956,-0.28012675046920776,0.9644042253494263,-1.2445309162139893
Val,0,1.528273060102947e-05,-0.38526540994644165,0.9873815774917603,-1.3726470470428467,-0.32187899947166443,0.951894223690033,-1.273773193359375
Val,0,2.1590911273960955e-05,-0.34098416566848755,0.9924908876419067,-1.333475112915039,-0.2760215401649475,0.9641449451446533,-1.240166425704956
Val,0,2.406276144029107e-05,-0.313665509223938,0.9933831691741943,-1.3070486783981323,-0.2479514330625534,0.968766987323761,-1.2167184352874756
Val,0,1.2850076927861664e-05,-0.39917585253715515,0.9850088953971863,-1.384184718132019,-0.3355296850204468,0.9476583003997803,-1.283187985420227
Val,0,1.5975758287822828e-05,-0.3637040853500366,0.9901466965675354,-1.3538508415222168,-0.2993395924568176,0.9570372104644775,-1.2563767433166504
Val,0,1.5454528693226166e-05,-0.3790419101715088,0.9888904094696045,-1.3679323196411133,-0.314630925655365,0.9544390439987183,-1.2690699100494385
Val,0,1.7021533494698815e-05,-0.3497638404369354,0.9926321506500244,-1.3423960208892822,-0.2850843667984009,0.9621237516403198,-1.2472081184387207
Val,0,1.9521899957908317e-05,-0.3494377136230469,0.9901278018951416,-1.3395655155181885,-0.2863966226577759,0.9592934846878052,-1.245690107345581
Val,0,1.4016215573064983e-05,-0.38778460025787354,0.9850547909736633,-1.3728394508361816,-0.3240988850593567,0.9490417242050171,-1.2731406688690186
Val,0,1.6882904674275778e-05,-0.3576050400733948,0.9916929006576538,-1.3492980003356934,-0.2931428551673889,0.9600799083709717,-1.2532227039337158
Val,0,1.5617730241501704e-05,-0.3861756920814514,0.9860281944274902,-1.3722038269042969,-0.3224460184574127,0.9509953856468201,-1.2734414339065552
Val,0,1.3195122846809682e-05,-0.39844366908073425,0.9839931726455688,-1.3824368715286255,-0.33479031920433044,0.9464651346206665,-1.2812554836273193
Val,0,2.2075444576330483e-05,-0.3202987313270569,0.9922405481338501,-1.3125393390655518,-0.25555452704429626,0.9663506746292114,-1.22190523147583
Val,0,1.9550667275325395e-05,-0.35199272632598877,0.9919226169586182,-1.343915343284607,-0.2871060371398926,0.9614197015762329,-1.2485257387161255
Val,0,2.4575801944592968e-05,-0.3357681930065155,0.9906407594680786,-1.3264089822769165,-0.2706916928291321,0.963660478591919,-1.2343521118164062
Val,0,2.3623117158422247e-05,-0.34093177318573,0.9890410900115967,-1.3299728631973267,-0.275666207075119,0.9613158702850342,-1.2369821071624756
Val,0,1.55355992319528e-05,-0.37636449933052063,0.9892072677612305,-1.3655717372894287,-0.31233280897140503,0.9549270868301392,-1.2672598361968994
Val,0,2.0576233509927988e-05,-0.33208227157592773,0.9936314821243286,-1.3257137537002563,-0.26733702421188354,0.9657067656517029,-1.2330437898635864
Val,0,4.105071639060043e-05,-0.2446078360080719,0.9826476573944092,-1.2272554636001587,-0.1811007559299469,0.9651183485984802,-1.1462191343307495
Val,0,1.886827521957457e-05,-0.3326760530471802,0.9938625693321228,-1.3265385627746582,-0.2675951421260834,0.9661352634429932,-1.233730435371399
Val,0,1.769023401720915e-05,-0.3706180453300476,0.9881054162979126,-1.3587234020233154,-0.30617037415504456,0.9548259377479553,-1.2609963417053223
Val,0,1.3253463293949608e-05,-0.39835095405578613,0.9840935468673706,-1.3824445009231567,-0.3350827097892761,0.9462196230888367,-1.2813023328781128
Val,0,2.1277945052133873e-05,-0.3285096287727356,0.9927051067352295,-1.3212146759033203,-0.26399287581443787,0.9649112820625305,-1.228904128074646
Val,0,2.2588876163354144e-05,-0.336926132440567,0.9923760890960693,-1.329302191734314,-0.2723020613193512,0.9638548493385315,-1.236156940460205
Val,0,1.9397821233724244e-05,-0.34084177017211914,0.9928641319274902,-1.3337059020996094,-0.27643731236457825,0.9628068804740906,-1.2392442226409912
Val,0,2.1655434466083534e-05,-0.3339066803455353,0.992535412311554,-1.3264421224594116,-0.2696237564086914,0.9641329050064087,-1.2337566614151
Val,0,2.496575689292513e-05,-0.32034945487976074,0.992054283618927,-1.312403678894043,-0.25555235147476196,0.9662511348724365,-1.2218034267425537
Val,0,2.326626781723462e-05,-0.3281635344028473,0.9932805299758911,-1.321444034576416,-0.2627358138561249,0.9667561650276184,-1.229491949081421
Val,0,2.7463313017506152e-05,-0.29728925228118896,0.9938973188400269,-1.2911865711212158,-0.23199981451034546,0.9713571667671204,-1.2033569812774658
Val,0,1.815563337004278e-05,-0.3492797613143921,0.9904070496559143,-1.3396868705749512,-0.2847195267677307,0.959640383720398,-1.2443599700927734
Val,0,2.205236341978889e-05,-0.330913245677948,0.9926893711090088,-1.3236026763916016,-0.2668251693248749,0.9648207426071167,-1.231645941734314
Val,0,2.1940011720289476e-05,-0.31457602977752686,0.9901090264320374,-1.304685115814209,-0.25109267234802246,0.9631954431533813,-1.2142881155014038
Val,0,2.158702045562677e-05,-0.34208250045776367,0.9896068572998047,-1.3316893577575684,-0.2764838933944702,0.9614993333816528,-1.237983226776123
Val,0,4.4520769733935595e-05,-0.26033738255500793,0.98911452293396,-1.2494518756866455,-0.19482801854610443,0.9720326662063599,-1.1668606996536255
Val,0,1.562841316626873e-05,-0.3853556513786316,0.9859192371368408,-1.3712749481201172,-0.32071661949157715,0.951129674911499,-1.2718462944030762
Val,0,1.6061241694842465e-05,-0.3569307327270508,0.9878841042518616,-1.3448147773742676,-0.2937120795249939,0.955696165561676,-1.24940824508667
Val,0,1.3400293937593233e-05,-0.3901883363723755,0.986339271068573,-1.3765275478363037,-0.32638275623321533,0.9496681094169617,-1.2760508060455322
Val,0,1.8992606783285737e-05,-0.34939855337142944,0.9898310899734497,-1.3392295837402344,-0.2852207124233246,0.9593256115913391,-1.2445462942123413
Val,0,3.276876304880716e-05,-0.2986593246459961,0.9932437539100647,-1.291903018951416,-0.23223073780536652,0.972571849822998,-1.2048026323318481
Val,0,4.8662950575817376e-05,-0.2339782416820526,0.9889167547225952,-1.2228950262069702,-0.16706454753875732,0.9765386581420898,-1.1436032056808472
Val,0,2.003705048991833e-05,-0.3334575891494751,0.9920361638069153,-1.3254938125610352,-0.26846230030059814,0.9646240472793579,-1.233086347579956
Val,0,2.408028012723662e-05,-0.304218053817749,0.991859495639801,-1.2960774898529053,-0.240742027759552,0.9671289920806885,-1.2078709602355957
Val,0,2.0675925043178722e-05,-0.35301512479782104,0.9906413555145264,-1.3436565399169922,-0.2881273925304413,0.9608290195465088,-1.2489564418792725
Val,0,1.5337627701228485e-05,-0.37634795904159546,0.9873179197311401,-1.3636658191680908,-0.3129425048828125,0.9523299932479858,-1.2652724981307983
Val,0,2.116079667757731e-05,-0.32615289092063904,0.992878794670105,-1.3190317153930664,-0.2620193660259247,0.965054452419281,-1.2270737886428833
Val,0,2.2944983356865123e-05,-0.3264506459236145,0.9925268292427063,-1.3189774751663208,-0.2611300051212311,0.9654651880264282,-1.226595163345337
Val,0,1.5748733858345076e-05,-0.36334478855133057,0.9902742505073547,-1.35361909866333,-0.29902681708335876,0.9576280117034912,-1.2566548585891724
Val,0,1.9650633475976065e-05,-0.33718496561050415,0.9921389222145081,-1.3293238878250122,-0.27268674969673157,0.9630141258239746,-1.2357008457183838
Val,0,4.049543713335879e-05,-0.2602686583995819,0.9932774305343628,-1.253546118736267,-0.194597065448761,0.9760664701461792,-1.170663595199585
Val,0,2.8912485504406504e-05,-0.30829378962516785,0.9932149648666382,-1.3015087842941284,-0.2430790811777115,0.969482958316803,-1.212562084197998
Val,0,2.2041260308469646e-05,-0.3388795256614685,0.9922494888305664,-1.3311290740966797,-0.27333444356918335,0.9644283652305603,-1.2377628087997437
Val,0,0.0001331802923232317,-0.1505516618490219,0.9688200950622559,-1.119371771812439,-0.08344453573226929,0.9666969776153564,-1.0501415729522705
Val,0,4.447697210707702e-05,-0.2497267723083496,0.9907724857330322,-1.2404992580413818,-0.18281148374080658,0.9759215116500854,-1.1587330102920532
Val,0,2.5248331439797767e-05,-0.31315189599990845,0.9933997988700867,-1.3065516948699951,-0.24714797735214233,0.9696453809738159,-1.2167932987213135
Val,0,1.275289923796663e-05,-0.40774422883987427,0.983377993106842,-1.3911222219467163,-0.3440459966659546,0.9446491003036499,-1.2886950969696045
Val,0,2.3470307496609166e-05,-0.31565213203430176,0.9927147626876831,-1.3083668947219849,-0.25074082612991333,0.9664618968963623,-1.2172026634216309
Val,0,2.3677877834415995e-05,-0.34241271018981934,0.9903425574302673,-1.3327553272247314,-0.27748817205429077,0.961708128452301,-1.2391963005065918
Val,0,1.8172262571169995e-05,-0.3582226634025574,0.9902311563491821,-1.3484537601470947,-0.2939683198928833,0.9581887125968933,-1.2521569728851318
Val,0,8.915128273656592e-05,-0.198399156332016,0.9794533252716064,-1.1778525114059448,-0.13199077546596527,0.9719582796096802,-1.1039490699768066
Val,0,1.7518188542453572e-05,-0.35045963525772095,0.9904791116714478,-1.3409388065338135,-0.28616443276405334,0.9596707820892334,-1.2458351850509644
Val,0,1.6267156752292067e-05,-0.36469000577926636,0.9897375702857971,-1.3544275760650635,-0.3010207712650299,0.9568642377853394,-1.2578849792480469
Val,0,2.2848251319373958e-05,-0.31933602690696716,0.9933472871780396,-1.312683343887329,-0.2548120319843292,0.9666361212730408,-1.2214481830596924
Val,0,1.838162643252872e-05,-0.35768258571624756,0.9900598526000977,-1.3477424383163452,-0.29363036155700684,0.9586486220359802,-1.2522790431976318
Val,0,3.4147171390941367e-05,-0.27957019209861755,0.9940395951271057,-1.2736097574234009,-0.2144831269979477,0.9731641411781311,-1.1876472234725952
Val,0,1.518855060567148e-05,-0.3746975064277649,0.9890766143798828,-1.363774061203003,-0.310275673866272,0.955514132976532,-1.2657897472381592
Val,0,3.262682002969086e-05,-0.2756268382072449,0.9928252696990967,-1.2684521675109863,-0.2110423445701599,0.9710512161254883,-1.182093620300293
Val,0,1.9442344637354836e-05,-0.3376883268356323,0.9921907186508179,-1.3298790454864502,-0.27371543645858765,0.9630753993988037,-1.2367908954620361
Val,0,1.8414579244563356e-05,-0.3564997613430023,0.9909332394599915,-1.3474329710006714,-0.29193535447120667,0.9600265622138977,-1.2519619464874268
Val,0,1.7466874851379544e-05,-0.3511194884777069,0.9919100999832153,-1.3430296182632446,-0.2865729033946991,0.9605981111526489,-1.2471710443496704
Val,0,1.8615797671373002e-05,-0.34221142530441284,0.9894412159919739,-1.3316526412963867,-0.27899080514907837,0.9592764973640442,-1.2382673025131226
Val,0,2.5206038117175922e-05,-0.32179713249206543,0.9930624961853027,-1.3148596286773682,-0.257217139005661,0.9662965536117554,-1.2235137224197388
Val,0,1.686525320110377e-05,-0.3562445640563965,0.9918633103370667,-1.3481078147888184,-0.2915232181549072,0.9608814120292664,-1.2524046897888184
Val,0,1.5872537915129215e-05,-0.379572331905365,0.988431990146637,-1.368004322052002,-0.3153305649757385,0.9540799856185913,-1.2694106101989746
Val,0,2.4458664483972825e-05,-0.3032837510108948,0.9927142858505249,-1.2959980964660645,-0.23881113529205322,0.9682710766792297,-1.2070822715759277
Val,0,3.2174379157368094e-05,-0.2965630888938904,0.9943058490753174,-1.2908689975738525,-0.23112450540065765,0.9724530577659607,-1.2035775184631348
Val,0,1.7948599634109996e-05,-0.35307908058166504,0.9909123182296753,-1.3439913988113403,-0.2885652482509613,0.9597896933555603,-1.2483549118041992
Val,0,1.9077306205872446e-05,-0.35842177271842957,0.9910844564437866,-1.3495062589645386,-0.29369911551475525,0.9599944949150085,-1.2536935806274414
Val,0,1.8017990441876464e-05,-0.3644621968269348,0.9896045923233032,-1.3540668487548828,-0.3004770874977112,0.9570291042327881,-1.2575061321258545
Val,0,1.9436189177213237e-05,-0.31993556022644043,0.9933916330337524,-1.3133271932601929,-0.25532010197639465,0.9663792848587036,-1.2216993570327759
Val,0,1.5109782907529734e-05,-0.3759705424308777,0.9888754487037659,-1.3648459911346436,-0.3117985129356384,0.9548602104187012,-1.2666587829589844
Val,0,1.6979965948848985e-05,-0.35221490263938904,0.9909644722938538,-1.3431793451309204,-0.288066029548645,0.9594804048538208,-1.2475464344024658
Val,0,1.4731618648511358e-05,-0.3704293370246887,0.9836112856864929,-1.3540406227111816,-0.30823904275894165,0.9487308859825134,-1.256969928741455
Val,0,1.3655974726134446e-05,-0.3799344599246979,0.9872087836265564,-1.3671432733535767,-0.3164919316768646,0.9516103267669678,-1.2681022882461548
Val,0,1.9013355995411985e-05,-0.33080369234085083,0.9865083694458008,-1.3173120021820068,-0.26836323738098145,0.9568166732788086,-1.22517991065979
Val,0,2.294666956004221e-05,-0.3291320502758026,0.9880815744400024,-1.3172136545181274,-0.26541927456855774,0.9589250683784485,-1.2243443727493286
Val,0,1.7662185200606473e-05,-0.3486883044242859,0.9924706220626831,-1.3411588668823242,-0.2840721905231476,0.9615824818611145,-1.2456547021865845
Val,0,1.692993646429386e-05,-0.35953018069267273,0.9906854033470154,-1.3502155542373657,-0.2952207326889038,0.9590486884117126,-1.2542693614959717
Val,0,1.5693185559939593e-05,-0.3703330457210541,0.9884383678436279,-1.3587714433670044,-0.3071356415748596,0.9534671902656555,-1.2606028318405151
Val,0,2.079698970192112e-05,-0.3387210965156555,0.9914581775665283,-1.330179214477539,-0.2744106948375702,0.962151288986206,-1.2365620136260986
Val,0,2.950060661532916e-05,-0.29696568846702576,0.9918492436408997,-1.288814902305603,-0.2314305454492569,0.9705995321273804,-1.202030062675476
Val,0,1.6134872566908598e-05,-0.37610939145088196,0.9885510802268982,-1.3646605014801025,-0.31235939264297485,0.9541289806365967,-1.2664883136749268
Val,0,2.308069815626368e-05,-0.3234039843082428,0.993435263633728,-1.3168392181396484,-0.25809141993522644,0.9680378437042236,-1.2261292934417725
Val,0,2.5457928131800145e-05,-0.3159947395324707,0.9928919076919556,-1.3088866472244263,-0.25058475136756897,0.9673135280609131,-1.2178982496261597
Val,0,1.304178385908017e-05,-0.3953937888145447,0.9831129312515259,-1.3785066604614258,-0.33168214559555054,0.9463541507720947,-1.27803635597229
Val,0,1.8575736248749308e-05,-0.3664366602897644,0.9905791878700256,-1.35701584815979,-0.3018549680709839,0.9584415555000305,-1.2602965831756592
Val,0,1.6518470147275366e-05,-0.3657330870628357,0.9878237843513489,-1.3535568714141846,-0.30110952258110046,0.955294132232666,-1.2564036846160889
Val,0,1.6847281585796736e-05,-0.36669957637786865,0.989875316619873,-1.3565748929977417,-0.3025614321231842,0.9569849371910095,-1.2595463991165161
Val,0,1.5492780221393332e-05,-0.36819082498550415,0.9886815547943115,-1.356872320175171,-0.3039543628692627,0.9553099870681763,-1.259264349937439
Val,0,2.2098847693996504e-05,-0.31171488761901855,0.985537052154541,-1.2972519397735596,-0.24931026995182037,0.9581081867218018,-1.207418441772461
Val,0,1.9966419131378643e-05,-0.32929277420043945,0.9903432130813599,-1.3196359872817993,-0.26473525166511536,0.962496280670166,-1.227231502532959
Val,0,2.003726149268914e-05,-0.3419986367225647,0.9917762875556946,-1.3337749242782593,-0.2777585983276367,0.9619686603546143,-1.239727258682251
Val,0,1.7029748050845228e-05,-0.3578452467918396,0.9906430244445801,-1.3484883308410645,-0.2936732769012451,0.9585356712341309,-1.252208948135376
Val,0,1.8902979718404822e-05,-0.3691786527633667,0.987485408782959,-1.3566640615463257,-0.30476927757263184,0.9555386900901794,-1.260308027267456
Val,0,1.8020946299657226e-05,-0.35492920875549316,0.9929752945899963,-1.3479044437408447,-0.28993627429008484,0.9630057215690613,-1.2529419660568237
Val,0,2.9220640499261208e-05,-0.28576892614364624,0.9942924976348877,-1.2800614833831787,-0.2205115705728531,0.9723376631736755,-1.1928492784500122
Val,0,1.5515342965954915e-05,-0.3761523962020874,0.9885635375976562,-1.3647159337997437,-0.3117832839488983,0.9544081091880798,-1.2661913633346558
Val,0,3.886015110765584e-05,-0.26008832454681396,0.9929392337799072,-1.2530275583267212,-0.19325962662696838,0.9758138060569763,-1.169073462486267
Val,0,1.508957939222455e-05,-0.3790130019187927,0.9879100322723389,-1.3669230937957764,-0.3148566484451294,0.9530835747718811,-1.2679402828216553
Val,0,1.5991550753824413e-05,-0.3860335946083069,0.9871076345443726,-1.3731412887573242,-0.32192444801330566,0.9519726634025574,-1.2738971710205078
Val,0,1.74294036696665e-05,-0.35871559381484985,0.9912467002868652,-1.3499622344970703,-0.29414477944374084,0.9599438905715942,-1.2540886402130127
Val,0,1.7349288100376725e-05,-0.3602258265018463,0.9907920956611633,-1.351017951965332,-0.29575982689857483,0.9584627747535706,-1.2542226314544678
Val,0,1.6101701476145536e-05,-0.3639868497848511,0.9901407361030579,-1.3541276454925537,-0.30000555515289307,0.9575598835945129,-1.2575654983520508
Val,1,0.9997283816337585,0.9679068326950073,-0.1536925584077835,1.1215994358062744,0.9633612036705017,-0.061209067702293396,1.0245702266693115
Val,1,0.9999734163284302,0.9853743314743042,-0.32532477378845215,1.3106991052627563,0.9612131714820862,-0.23829710483551025,1.1995103359222412
Val,1,0.9999585151672363,0.9803456664085388,-0.2935817837715149,1.2739274501800537,0.9608554840087891,-0.20582066476345062,1.1666761636734009
Val,1,0.9999268054962158,0.9669891595840454,-0.2552437484264374,1.2222329378128052,0.9522237777709961,-0.16672977805137634,1.1189535856246948
Val,1,0.9999244213104248,0.984604001045227,-0.23691710829734802,1.2215211391448975,0.9701628684997559,-0.14584465324878693,1.1160075664520264
Val,1,0.999875545501709,0.980482816696167,-0.19431844353675842,1.174801230430603,0.971040666103363,-0.10203202813863754,1.0730726718902588
Val,1,0.13327887654304504,0.40374064445495605,0.655822217464447,-0.25208157300949097,0.46159833669662476,0.7188166975975037,-0.2572183609008789
Val,1,0.0005083933938294649,-0.0879870280623436,0.9351881742477417,-1.0231752395629883,-0.023279491811990738,0.9409079551696777,-0.9641874432563782
Val,1,0.06797754019498825,0.3585171699523926,0.6983702182769775,-0.33985304832458496,0.417015939950943,0.7545109391212463,-0.33749499917030334
Val,1,0.9999344348907471,0.9848179817199707,-0.2565101981163025,1.241328239440918,0.969074010848999,-0.16753223538398743,1.136606216430664
Val,1,0.9999605417251587,0.9920449256896973,-0.3038177490234375,1.2958626747131348,0.9722617268562317,-0.2116124927997589,1.183874249458313
Val,1,0.998059093952179,0.9137740135192871,0.022444631904363632,0.8913294076919556,0.9246353507041931,0.11366070061922073,0.810974657535553
Val,1,0.9995730519294739,0.9511517286300659,-0.10430662333965302,1.0554583072662354,0.9510409832000732,-0.011197751387953758,0.9622387290000916
Val,1,0.9836058616638184,0.8225162029266357,0.16493263840675354,0.6575835943222046,0.8465603590011597,0.25627830624580383,0.5902820825576782
Val,1,0.9998430013656616,0.9717790484428406,-0.1903144121170044,1.1620934009552002,0.9636362791061401,-0.09880171716213226,1.0624380111694336
Val,1,0.9999642372131348,0.9883025884628296,-0.3004741668701172,1.2887767553329468,0.9675160050392151,-0.21138590574264526,1.1789019107818604
Val,1,0.9935734868049622,0.858786940574646,0.09404557943344116,0.7647413611412048,0.8775100708007812,0.1871122121810913,0.6903978586196899
Val,1,0.9998565912246704,0.9777858853340149,-0.1983831375837326,1.1761690378189087,0.9683361649513245,-0.10742348432540894,1.0757596492767334
Val,1,0.9999887943267822,0.9798583984375,-0.39033257961273193,1.370190978050232,0.9476528763771057,-0.30444416403770447,1.2520970106124878
Val,1,0.9209768176078796,0.7212015390396118,0.29636895656585693,0.4248325824737549,0.7552475929260254,0.3808806836605072,0.3743669092655182
Val,1,0.9999115467071533,0.9817678928375244,-0.2345113307237625,1.2162792682647705,0.9682363271713257,-0.1439933478832245,1.1122297048568726
Val,1,0.3372859060764313,0.4907102882862091,0.552478551864624,-0.06176826357841492,0.5429489612579346,0.6214960813522339,-0.07854712009429932
Val,1,0.9999860525131226,0.9742827415466309,-0.39830952882766724,1.3725922107696533,0.9424961805343628,-0.3120698630809784,1.2545660734176636
Val,1,0.00017822983500082046,-0.12982487678527832,0.9634300470352173,-1.0932549238204956,-0.06332512944936752,0.9646837711334229,-1.0280089378356934
Val,1,0.9997301697731018,0.9626460075378418,-0.16075178980827332,1.1233978271484375,0.958364725112915,-0.0676078051328659,1.0259724855422974
Val,1,0.9996565580368042,0.9572844505310059,-0.12232281267642975,1.0796072483062744,0.9551060199737549,-0.029902108013629913,0.9850081205368042
Val,1,0.9999700784683228,0.990281879901886,-0.3235536217689514,1.3138355016708374,0.9685089588165283,-0.23253975808620453,1.201048731803894
Val,1,0.9947381615638733,0.8837695121765137,0.045216627418994904,0.8385528922080994,0.9010962843894958,0.1407768875360489,0.7603194117546082
Val,1,0.4256964325904846,0.5439740419387817,0.5457677245140076,-0.00179368257522583,0.5914633274078369,0.6173160076141357,-0.025852680206298828
Val,1,0.9999665021896362,0.9917518496513367,-0.2916463017463684,1.283398151397705,0.9712437391281128,-0.20211899280548096,1.1733627319335938
Val,1,0.9999641180038452,0.9801928400993347,-0.30632489919662476,1.2865177392959595,0.9594415426254272,-0.21695798635482788,1.1763994693756104
Val,1,0.999901294708252,0.9854883551597595,-0.23744827508926392,1.2229366302490234,0.9722083806991577,-0.1440141648054123,1.1162225008010864
Val,1,0.9999774694442749,0.9856480360031128,-0.32094916701316833,1.3065972328186035,0.9603927135467529,-0.23357370495796204,1.1939663887023926
Val,1,0.9999455213546753,0.982624888420105,-0.27860450744628906,1.261229395866394,0.9656602144241333,-0.19031062722206116,1.155970811843872
Val,1,0.9989851117134094,0.9198522567749023,-0.03649475425481796,0.9563469886779785,0.9268085956573486,0.05742749571800232,0.8693810701370239
Val,1,0.9115201830863953,0.7406212091445923,0.32221776247024536,0.4184034466743469,0.774511456489563,0.40963220596313477,0.3648792505264282
Val,1,0.9999765157699585,0.9911051392555237,-0.3050452470779419,1.2961504459381104,0.9678478240966797,-0.2164299488067627,1.1842777729034424
Val,1,0.00020295270951464772,-0.11704191565513611,0.9645218849182129,-1.0815638303756714,-0.04910946637392044,0.9671627879142761,-1.0162723064422607
Val,1,0.9797784090042114,0.8052753806114197,0.19572508335113525,0.6095502972602844,0.8309137225151062,0.28589877486228943,0.5450149774551392
Val,1,0.9998611211776733,0.9792637825012207,-0.20625542104244232,1.1855192184448242,0.9700859785079956,-0.11378553509712219,1.0838714838027954
Val,1,0.9999610185623169,0.9886990785598755,-0.2740815579891205,1.2627806663513184,0.9695670008659363,-0.18503928184509277,1.1546063423156738
Val,1,0.999886155128479,0.9611581563949585,-0.23048117756843567,1.1916393041610718,0.9489478468894958,-0.1444585919380188,1.0934064388275146
Val,1,0.9999498128890991,0.9903047680854797,-0.2836375832557678,1.2739423513412476,0.9716678261756897,-0.19240139424800873,1.1640691757202148
Val,1,0.9990836381912231,0.9282171726226807,-0.03906165808439255,0.9672788381576538,0.935433566570282,0.05464740842580795,0.8807861804962158
Val,1,0.9934787750244141,0.8425735831260681,0.11581351608037949,0.7267600893974304,0.8594788908958435,0.20418673753738403,0.6552921533584595
Val,1,0.9463111162185669,0.7509264945983887,0.28059035539627075,0.4703361392021179,0.7824696898460388,0.3665089011192322,0.41596078872680664
Val,1,0.999825656414032,0.9765197038650513,-0.16993044316768646,1.146450161933899,0.9692623615264893,-0.07678215950727463,1.0460444688796997
Val,1,0.9998056292533875,0.963891327381134,-0.1743813157081604,1.1382726430892944,0.9565525054931641,-0.08170036226511002,1.038252830505371
Val,1,0.9998821020126343,0.978833019733429,-0.20183464884757996,1.1806676387786865,0.9690272808074951,-0.11085408926010132,1.0798814296722412
Val,1,0.9998841285705566,0.9793480038642883,-0.2081490010023117,1.1874970197677612,0.9693496823310852,-0.11677893251180649,1.08612859249115
Val,1,0.9930158853530884,0.8680712580680847,0.0942314937710762,0.7738397717475891,0.886287271976471,0.18791906535625458,0.6983681917190552
Val,1,0.9999772310256958,0.98384690284729,-0.33051952719688416,1.3143664598464966,0.9585724472999573,-0.24420231580734253,1.2027747631072998
Val,1,0.9999665021896362,0.9924885034561157,-0.2930777072906494,1.2855662107467651,0.971210241317749,-0.20272380113601685,1.173933982849121
Val,1,0.9999691247940063,0.9914844632148743,-0.3122389614582062,1.3037234544754028,0.9688256978988647,-0.2224319875240326,1.1912577152252197
Val,1,0.9999572038650513,0.980254054069519,-0.2690865993499756,1.2493406534194946,0.9603654146194458,-0.18019798398017883,1.1405633687973022
Val,1,0.9996263980865479,0.9577478170394897,-0.11001714318990707,1.0677649974822998,0.9570668935775757,-0.016844147816300392,0.9739110469818115
Val,1,0.9999300241470337,0.9832823872566223,-0.2477375566959381,1.2310199737548828,0.969872236251831,-0.15589652955532074,1.125768780708313
Val,1,0.9998717308044434,0.9703144431114197,-0.2305460125207901,1.2008605003356934,0.9585210680961609,-0.14196807146072388,1.1004891395568848
Val,1,0.9995928406715393,0.9497412443161011,-0.1268959641456604,1.0766372680664062,0.9492716789245605,-0.03314937651157379,0.9824210405349731
Val,1,0.0764559730887413,0.37670019268989563,0.6935459971427917,-0.3168458044528961,0.43594229221343994,0.7516788244247437,-0.3157365322113037
Val,1,0.9998663663864136,0.9783263206481934,-0.1881469488143921,1.1664732694625854,0.9694349765777588,-0.0968470573425293,1.066282033920288
Val,1,0.9999611377716064,0.996596097946167,-0.2895790934562683,1.28617525100708,0.9771310091018677,-0.19771413505077362,1.1748450994491577
Val,1,0.9967597126960754,0.8904607892036438,0.042588312178850174,0.8478724956512451,0.9048933982849121,0.13609908521175385,0.7687942981719971
Val,1,0.9999747276306152,0.9902873635292053,-0.3273589611053467,1.3176462650299072,0.9666218757629395,-0.23885144293308258,1.2054733037948608
Val,1,0.9999738931655884,0.9908447265625,-0.33016690611839294,1.3210116624832153,0.9669968485832214,-0.24126918613910675,1.208266019821167
Val,1,0.00030113093089312315,-0.09347745776176453,0.9499110579490662,-1.0433884859085083,-0.024244673550128937,0.957629382610321,-0.9818740487098694
Val,1,0.9999234676361084,0.9867976307868958,-0.21723943948745728,1.204037070274353,0.9753901362419128,-0.12491106986999512,1.1003012657165527
Val,1,0.9998900890350342,0.9797959327697754,-0.21651950478553772,1.1963154077529907,0.9686639904975891,-0.12398678064346313,1.0926507711410522
Val,1,0.9996209144592285,0.9395283460617065,-0.09617117047309875,1.035699486732483,0.9354413151741028,-0.006616231054067612,0.9420575499534607
Val,1,0.9999324083328247,0.986393928527832,-0.23957064747810364,1.2259645462036133,0.9721951484680176,-0.14860299229621887,1.120798110961914
Val,1,0.011297316290438175,0.2050144523382187,0.7929068803787231,-0.5878924131393433,0.26769891381263733,0.8351162075996399,-0.5674172639846802
Val,1,0.9984394907951355,0.8964078426361084,-0.02350989356637001,0.9199177622795105,0.9042753577232361,0.06381674110889435,0.8404586315155029
Val,1,0.999947190284729,0.9873887896537781,-0.25289976596832275,1.240288496017456,0.9699216485023499,-0.161177396774292,1.131098985671997
Val,1,0.9998880624771118,0.9858161211013794,-0.2034318447113037,1.189247965812683,0.9754360914230347,-0.11060830950737,1.086044430732727
Val,1,0.9999731779098511,0.9861716032028198,-0.3372814655303955,1.3234530687332153,0.9623872637748718,-0.24880412220954895,1.2111914157867432
Val,1,0.8962125778198242,0.7228862047195435,0.3093205690383911,0.41356563568115234,0.7584641575813293,0.39590874314308167,0.3625554144382477
Val,1,0.9999748468399048,0.9810906648635864,-0.33594954013824463,1.317040205001831,0.95598965883255,-0.24898970127105713,1.204979419708252
Val,1,0.9999229907989502,0.9786272048950195,-0.24825897812843323,1.2268861532211304,0.9645151495933533,-0.1574871987104416,1.122002363204956
Val,1,0.9998897314071655,0.9681713581085205,-0.20820213854312897,1.1763734817504883,0.9566491842269897,-0.1203816682100296,1.077030897140503
Val,1,0.9999175071716309,0.98516845703125,-0.2516852617263794,1.2368537187576294,0.9703178405761719,-0.15992608666419983,1.1302438974380493
Val,1,0.999972939491272,0.982394278049469,-0.3291061818599701,1.3115004301071167,0.9585723876953125,-0.2407250702381134,1.1992974281311035
Val,1,0.9999761581420898,0.9897255301475525,-0.311691552400589,1.3014171123504639,0.9654722213745117,-0.2228742390871048,1.1883465051651
Val,1,0.03061571530997753,0.27694153785705566,0.7619825601577759,-0.4850410223007202,0.3393877148628235,0.8108242750167847,-0.4714365601539612
Val,1,0.9991700649261475,0.9391747117042542,-0.0676618441939354,1.0068365335464478,0.9433407783508301,0.02544688992202282,0.9178938865661621
Val,1,0.9994296431541443,0.9483637809753418,-0.07286863774061203,1.0212323665618896,0.9496521353721619,0.01852196827530861,0.9311301708221436
Val,1,0.99997878074646,0.9783707857131958,-0.353397011756897,1.3317677974700928,0.9509451389312744,-0.2650231719017029,1.215968370437622
Val,1,0.9999632835388184,0.9817203879356384,-0.30349740386009216,1.2852177619934082,0.9589830636978149,-0.21430589258670807,1.1732889413833618
Val,1,0.9991946816444397,0.9315015077590942,-0.04377315938472748,0.9752746820449829,0.9359060525894165,0.04737415909767151,0.8885319232940674
Val,1,0.9999114274978638,0.9488520622253418,-0.22794577479362488,1.176797866821289,0.9322296380996704,-0.14118649065494537,1.0734161138534546
Val,1,0.9999855756759644,0.9868894815444946,-0.36294782161712646,1.349837303161621,0.9591959714889526,-0.2749992907047272,1.2341952323913574
Val,1,0.9998854398727417,0.9812113642692566,-0.2071632295846939,1.188374638557434,0.9688565731048584,-0.11415755748748779,1.0830141305923462
Val,1,0.9999663829803467,0.9795311093330383,-0.3305967450141907,1.310127854347229,0.9578127861022949,-0.2428746074438095,1.2006874084472656
Val,1,0.9996106028556824,0.9635733366012573,-0.11506694555282593,1.0786402225494385,0.9621410369873047,-0.020833009853959084,0.9829740524291992
Val,1,0.9999121427536011,0.9886380434036255,-0.22433799505233765,1.2129759788513184,0.9758017063140869,-0.13316196203231812,1.1089637279510498
Val,1,0.9999657869338989,0.990397572517395,-0.3063243627548218,1.2967219352722168,0.9685999751091003,-0.21551451086997986,1.1841144561767578
Val,1,0.9998568296432495,0.9707565903663635,-0.202829509973526,1.173586130142212,0.9612879753112793,-0.11244796961545944,1.0737359523773193
Val,1,0.9997780919075012,0.9593335390090942,-0.14421892166137695,1.1035524606704712,0.9554822444915771,-0.05206267163157463,1.0075448751449585
Val,1,0.9999527931213379,0.9821798801422119,-0.28933990001678467,1.2715197801589966,0.9626771807670593,-0.19948478043079376,1.162161946296692
Val,1,0.37325674295425415,0.5242198705673218,0.5663967132568359,-0.04217684268951416,0.5758718252182007,0.6385627388954163,-0.06269091367721558
Val,1,0.9998525381088257,0.9705953598022461,-0.18654391169548035,1.1571393013000488,0.9612772464752197,-0.09784786403179169,1.0591250658035278
Val,1,0.9962387084960938,0.88392174243927,0.046080172061920166,0.8378415703773499,0.8990020155906677,0.1395769864320755,0.7594250440597534
Val,1,0.9999672174453735,0.9851175546646118,-0.28645336627960205,1.2715709209442139,0.9632427096366882,-0.19806405901908875,1.1613067388534546
Val,1,0.9998064637184143,0.9653929471969604,-0.1491672694683075,1.1145602464675903,0.9593340158462524,-0.058182135224342346,1.0175161361694336
Val,1,0.9999769926071167,0.9880191087722778,-0.3263213634490967,1.3143404722213745,0.9635022282600403,-0.23770341277122498,1.2012056112289429
Val,1,0.2289314717054367,0.4364398121833801,0.6132929921150208,-0.17685317993164062,0.4915584921836853,0.6801729202270508,-0.18861442804336548
Val,1,0.9999731779098511,0.9854271411895752,-0.33396655321121216,1.3193936347961426,0.962199866771698,-0.2436971813440323,1.2058970928192139
Val,1,0.9970139265060425,0.889504075050354,0.023709865286946297,0.8657941818237305,0.9042593836784363,0.11686871945858002,0.7873906493186951
Val,1,0.9998778104782104,0.9790998697280884,-0.2138577401638031,1.1929576396942139,0.969535231590271,-0.12072672694921494,1.0902619361877441
Val,1,0.9996098875999451,0.962883472442627,-0.121680349111557,1.0845638513565063,0.9608907103538513,-0.026933498680591583,0.9878242015838623
Val,1,0.9999666213989258,0.9887247085571289,-0.305904746055603,1.294629454612732,0.9676175713539124,-0.2157144993543625,1.183332085609436
Val,1,0.9999715089797974,0.9861175417900085,-0.3233979344367981,1.3095154762268066,0.9636337161064148,-0.2344493865966797,1.1980831623077393
Val,1,0.999913215637207,0.9873878955841064,-0.2227841019630432,1.2101719379425049,0.9747329950332642,-0.13052910566329956,1.105262041091919
Val,1,0.9999672174453735,0.9851914644241333,-0.3166762590408325,1.3018677234649658,0.9636010527610779,-0.22838562726974487,1.1919866800308228
Val,1,0.999479353427887,0.9486695528030396,-0.09952826052904129,1.048197865486145,0.948269784450531,-0.008738024160265923,0.9570078253746033
Val,1,0.9996795654296875,0.9456779360771179,-0.11166465282440186,1.057342529296875,0.9410534501075745,-0.023257728666067123,0.9643111824989319
Val,1,0.9999850988388062,0.9795987010002136,-0.37596040964126587,1.3555591106414795,0.9488190412521362,-0.2897944450378418,1.238613486289978
Val,1,0.9998924732208252,0.9798519015312195,-0.18605175614356995,1.1659036874771118,0.9690122604370117,-0.09388522058725357,1.0628974437713623
Val,1,0.9999669790267944,0.9881362318992615,-0.3221511244773865,1.310287356376648,0.967448353767395,-0.2312174141407013,1.198665738105774
Val,1,0.9998692274093628,0.9703828692436218,-0.19466878473758698,1.1650516986846924,0.9582965970039368,-0.10525719076395035,1.063553810119629
Val,1,0.9999749660491943,0.9898591041564941,-0.31679898500442505,1.3066580295562744,0.9673342704772949,-0.22810152173042297,1.1954357624053955
Val,1,0.9999428987503052,0.986240029335022,-0.2577226161956787,1.2439626455307007,0.9701377153396606,-0.1655808836221695,1.135718584060669
Val,1,0.6740332245826721,0.6235976219177246,0.4419475495815277,0.1816500723361969,0.6684000492095947,0.5218431949615479,0.14655685424804688
Val,1,0.9999526739120483,0.9812058210372925,-0.2701476812362671,1.2513535022735596,0.9612470865249634,-0.1803678572177887,1.1416149139404297
Val,1,0.9996486902236938,0.9333335161209106,-0.12052574753761292,1.0538592338562012,0.9272313117980957,-0.0307074636220932,0.9579387903213501
Val,1,0.9999891519546509,0.9691051840782166,-0.41725921630859375,1.386364459991455,0.9349976778030396,-0.3325396776199341,1.2675373554229736
Val,1,0.9999771118164062,0.9922735691070557,-0.3303598165512085,1.3226333856582642,0.9677665829658508,-0.2407347559928894,1.2085013389587402
Val,1,0.9888655543327332,0.8495967388153076,0.14061062037944794,0.7089861035346985,0.8721844553947449,0.23380392789840698,0.6383805274963379
Val,1,0.9999845027923584,0.9809665679931641,-0.3652286231517792,1.3461952209472656,0.9535417556762695,-0.27789977192878723,1.2314414978027344
Val,1,0.9603081941604614,0.7636687755584717,0.24541255831718445,0.5182561874389648,0.7952680587768555,0.33491331338882446,0.460354745388031
Val,1,0.07626272737979889,0.34769129753112793,0.6960561275482178,-0.34836483001708984,0.40718144178390503,0.7532488107681274,-0.3460673689842224
Val,1,0.9970018267631531,0.8653866052627563,-0.0013123899698257446,0.8666989803314209,0.8747321367263794,0.08689286559820175,0.7878392934799194
Val,1,0.8899481892585754,0.7095080018043518,0.3441599905490875,0.3653480112552643,0.7472875714302063,0.42906683683395386,0.31822073459625244
Val,1,0.9999682903289795,0.9909361600875854,-0.3097814619541168,1.3007175922393799,0.9686245322227478,-0.22075919806957245,1.1893837451934814
Val,1,0.9994279742240906,0.9525207281112671,-0.07556481659412384,1.0280855894088745,0.9530854821205139,0.0177055224776268,0.9353799819946289
Val,1,0.8831908106803894,0.683815598487854,0.37074095010757446,0.31307464838027954,0.7232010960578918,0.4533199667930603,0.26988112926483154
Val,1,0.950020968914032,0.7469488382339478,0.29410457611083984,0.4528442621231079,0.7787726521492004,0.3809187114238739,0.39785394072532654
Val,1,0.6269360184669495,0.577223539352417,0.4815804958343506,0.0956430435180664,0.6238275766372681,0.5601415634155273,0.06368601322174072
Val,1,0.9977861642837524,0.914023756980896,0.0024170763790607452,0.9116066694259644,0.9232677221298218,0.09416145831346512,0.8291062712669373
Val,1,0.9997643828392029,0.952193021774292,-0.14350780844688416,1.0957008600234985,0.9443692564964294,-0.05367934703826904,0.9980486035346985
Val,1,0.9469183683395386,0.7686325907707214,0.26938194036483765,0.4992506504058838,0.8018114566802979,0.3587721884250641,0.44303926825523376
Val,1,0.9997537732124329,0.9622791409492493,-0.1515866219997406,1.1138657331466675,0.9585292935371399,-0.059733301401138306,1.0182626247406006
Val,1,0.9999243021011353,0.9783830642700195,-0.21663343906402588,1.1950165033340454,0.9648722410202026,-0.12744086980819702,1.0923130512237549
Val,1,0.999962568283081,0.9874110221862793,-0.3023180663585663,1.289729118347168,0.9681240916252136,-0.21188843250274658,1.1800124645233154
Val,1,0.9999785423278809,0.9831962585449219,-0.3507740795612335,1.333970308303833,0.9580918550491333,-0.261993408203125,1.2200852632522583
Val,1,0.9999693632125854,0.9832821488380432,-0.31972217559814453,1.303004264831543,0.9615837335586548,-0.23071891069412231,1.1923027038574219
Val,1,0.9999700784683228,0.9870190620422363,-0.29768791794776917,1.284706950187683,0.9650061726570129,-0.20905154943466187,1.1740577220916748
Val,1,0.9999829530715942,0.9720741510391235,-0.3644198775291443,1.336493968963623,0.9426790475845337,-0.2797991633415222,1.2224781513214111
Val,1,0.9998345375061035,0.9679696559906006,-0.2135385274887085,1.181508183479309,0.9587628841400146,-0.12272800505161285,1.0814908742904663
Val,1,0.999971866607666,0.9849470853805542,-0.335874080657959,1.3208211660385132,0.9615090489387512,-0.2465725541114807,1.208081603050232
Val,1,0.999976634979248,0.9901450276374817,-0.32701292634010315,1.3171579837799072,0.966103196144104,-0.23768211901187897,1.2037853002548218
Val,1,0.9997230172157288,0.958251953125,-0.16649769246578217,1.1247496604919434,0.9526408910751343,-0.07374776154756546,1.0263886451721191
Val,1,0.9999823570251465,0.990106999874115,-0.35677945613861084,1.346886396408081,0.9627054929733276,-0.26800215244293213,1.2307076454162598
Val,1,0.999955415725708,0.9838848114013672,-0.30905023217201233,1.2929350137710571,0.964491069316864,-0.21987667679786682,1.1843677759170532
Val,1,0.9999707937240601,0.9911117553710938,-0.31694579124450684,1.3080575466156006,0.968820333480835,-0.22678743302822113,1.1956077814102173
Val,1,0.9992871880531311,0.9494367837905884,-0.07401423156261444,1.0234509706497192,0.9516984224319458,0.020253445953130722,0.9314450025558472
Val,1,0.999782383441925,0.9668748378753662,-0.1537620723247528,1.1206369400024414,0.9606562852859497,-0.06239626929163933,1.0230525732040405
Val,1,0.9998680353164673,0.9791367053985596,-0.18582582473754883,1.1649625301361084,0.9698793888092041,-0.09503979235887527,1.0649192333221436
Val,1,0.9999740123748779,0.9890322685241699,-0.31388014554977417,1.3029124736785889,0.9670307636260986,-0.22493407130241394,1.191964864730835
Val,1,0.9998399019241333,0.9662855863571167,-0.1693258434534073,1.1356114149093628,0.9573355913162231,-0.08091142773628235,1.038246989250183
Val,1,0.9975497126579285,0.8968711495399475,0.015833362936973572,0.8810377717018127,0.9098771810531616,0.10743023455142975,0.8024469614028931
Val,1,0.9999722242355347,0.9950528144836426,-0.3176499903202057,1.3127027750015259,0.9729570150375366,-0.22636523842811584,1.19932222366333
Val,1,0.9990578293800354,0.917570948600769,-0.034864988178014755,0.9524359107017517,0.9240516424179077,0.05850619077682495,0.8655454516410828
Val,1,0.9999550580978394,0.9772164225578308,-0.29731112718582153,1.2745275497436523,0.9591673612594604,-0.20999690890312195,1.1691642999649048
Val,1,0.9986536502838135,0.9113976955413818,-0.05032951757311821,0.9617272019386292,0.9184838533401489,0.04273474961519241,0.8757491111755371
Val,1,0.9907191395759583,0.8459488749504089,0.14620089530944824,0.6997479796409607,0.8672223687171936,0.23588737845420837,0.6313350200653076
Val,1,0.9999665021896362,0.9778156280517578,-0.32726314663887024,1.3050787448883057,0.9560208320617676,-0.2396814227104187,1.195702314376831
Val,1,0.9997954964637756,0.9654572010040283,-0.15911449491977692,1.124571681022644,0.9602510333061218,-0.06864006817340851,1.0288910865783691
Val,1,0.9986929297447205,0.9309664964675903,-0.04701049625873566,0.9779769778251648,0.937493085861206,0.04644256457686424,0.8910505175590515
Val,1,0.9990905523300171,0.9206243753433228,-0.03482525795698166,0.955449640750885,0.9260146021842957,0.05849563702940941,0.867518961429596
Val,1,0.9999706745147705,0.9915879368782043,-0.30148428678512573,1.29307222366333,0.9700428247451782,-0.2120305895805359,1.1820733547210693
Val,1,0.2820538580417633,0.48244041204452515,0.5785795450210571,-0.09613913297653198,0.535784125328064,0.6505547761917114,-0.11477065086364746
Val,1,0.999983549118042,0.9799044132232666,-0.36984696984291077,1.349751353263855,0.9501641988754272,-0.28300005197525024,1.2331643104553223
Val,1,0.5889172554016113,0.5972824096679688,0.47327104210853577,0.12401136755943298,0.6430858969688416,0.5514796376228333,0.0916062593460083
Val,1,0.9998167157173157,0.9727425575256348,-0.18424856662750244,1.1569911241531372,0.9653172492980957,-0.09223093092441559,1.05754816532135
Val,1,0.9955684542655945,0.8640258312225342,0.10196396708488464,0.7620618343353271,0.880784273147583,0.19185668230056763,0.6889275908470154
Val,1,0.9999016523361206,0.9670075178146362,-0.261447548866272,1.2284550666809082,0.9519355297088623,-0.1727161407470703,1.1246516704559326
Val,1,0.9992699027061462,0.9421724081039429,-0.0550215058028698,0.9971939325332642,0.9460961222648621,0.036574047058820724,0.9095220565795898
Val,1,0.9986024498939514,0.9149770140647888,-0.017271310091018677,0.9322483539581299,0.9235854148864746,0.07511568069458008,0.8484697341918945
Val,1,0.9999290704727173,0.9894642233848572,-0.251999169588089,1.2414634227752686,0.9745577573776245,-0.1587660014629364,1.1333237886428833
Val,1,0.9999837875366211,0.9756410717964172,-0.378942608833313,1.354583740234375,0.9457905888557434,-0.2915240526199341,1.2373147010803223
Val,1,0.9999723434448242,0.9825757145881653,-0.3390394449234009,1.321615219116211,0.9589453935623169,-0.25035083293914795,1.2092962265014648
Val,1,0.9892411828041077,0.8547189235687256,0.11387628316879272,0.7408426403999329,0.8770325183868408,0.2074403613805771,0.6695921421051025
Val,1,0.9999721050262451,0.9882314205169678,-0.31161513924598694,1.2998465299606323,0.9669347405433655,-0.2204553782939911,1.1873900890350342
Val,1,0.9999814033508301,0.9789556860923767,-0.3271029591560364,1.306058645248413,0.9522078633308411,-0.24118807911872864,1.193395972251892
Val,1,0.28404340147972107,0.4445783197879791,0.5887782573699951,-0.144199937582016,0.4962950646877289,0.6525453329086304,-0.1562502682209015
Val,1,0.999313473701477,0.9362833499908447,-0.04984022676944733,0.9861235618591309,0.9397644400596619,0.04210035502910614,0.8976640701293945
Val,1,0.9999592304229736,0.9836997389793396,-0.31219446659088135,1.2958941459655762,0.9642329812049866,-0.22122490406036377,1.1854579448699951
Val,1,0.9999345541000366,0.979487419128418,-0.2514740526676178,1.2309614419937134,0.9646166563034058,-0.1610788255929947,1.1256954669952393
Val,1,0.17085963487625122,0.42875730991363525,0.6441408395767212,-0.21538352966308594,0.4848839044570923,0.7099794149398804,-0.22509551048278809
Val,1,0.9730676412582397,0.7873942852020264,0.23610933125019073,0.5512849688529968,0.8170830607414246,0.3251383900642395,0.49194467067718506
Val,1,0.9997246861457825,0.962752103805542,-0.1416393667459488,1.1043914556503296,0.9562317132949829,-0.048827189952135086,1.0050588846206665
Val,1,0.9998513460159302,0.9794424772262573,-0.188411146402359,1.167853593826294,0.9698505997657776,-0.0974399745464325,1.0672905445098877
Val,1,0.9999580383300781,0.9894816875457764,-0.27715879678726196,1.2666404247283936,0.9706588387489319,-0.18760359287261963,1.1582624912261963
Val,1,0.9998869895935059,0.9763556122779846,-0.2145477831363678,1.1909034252166748,0.9650400876998901,-0.12230359762907028,1.087343692779541
Val,1,0.9956127405166626,0.8835620880126953,0.06559567153453827,0.8179664015769958,0.8986354470252991,0.15820813179016113,0.7404273152351379
Val,1,0.3158166706562042,0.5248445868492126,0.5616546869277954,-0.036810100078582764,0.5763200521469116,0.6346907019615173,-0.05837064981460571
Val,1,0.8992836475372314,0.6989503502845764,0.334570050239563,0.3643803000450134,0.7367872595787048,0.4177402853965759,0.3190469741821289
Val,1,0.9999377727508545,0.9828941226005554,-0.2363983392715454,1.219292402267456,0.9670746922492981,-0.14627611637115479,1.1133508682250977
Val,1,0.9991965889930725,0.9399290084838867,-0.0714588612318039,1.011387825012207,0.9427686333656311,0.020044196397066116,0.9227244257926941
Val,1,0.9999791383743286,0.9897937178611755,-0.3343644142150879,1.3241581916809082,0.9649857878684998,-0.24526482820510864,1.2102506160736084
Val,1,0.001368353026919067,0.01910209469497204,0.8968452215194702,-0.877743124961853,0.08538942784070969,0.9172272682189941,-0.8318378329277039
Val,1,0.9999827146530151,0.9849058389663696,-0.35926520824432373,1.3441710472106934,0.9568848609924316,-0.27262037992477417,1.2295053005218506
Val,1,0.0003084692289121449,-0.08268073201179504,0.9335644245147705,-1.0162451267242432,-0.015875540673732758,0.9405539035797119,-0.9564294219017029
Val,1,0.9973978996276855,0.9065457582473755,0.028131509199738503,0.8784142732620239,0.9196220636367798,0.12206600606441498,0.7975560426712036
Val,1,0.9978585839271545,0.9136455059051514,0.0026813577860593796,0.9109641313552856,0.9249851107597351,0.09659717977046967,0.8283879160881042
Val,1,0.9999443292617798,0.9784303307533264,-0.2565300762653351,1.2349604368209839,0.9613514542579651,-0.16849809885025024,1.1298495531082153
Val,1,0.9998335838317871,0.9809587001800537,-0.1748216599225998,1.15578031539917,0.9728764295578003,-0.08328840136528015,1.0561648607254028
Val,1,0.9995586276054382,0.9555034637451172,-0.12482612580060959,1.0803295373916626,0.9548519253730774,-0.030683014541864395,0.9855349659919739
Val,1,0.9996128678321838,0.9646734595298767,-0.13087332248687744,1.0955467224121094,0.9617499113082886,-0.03713642433285713,0.9988863468170166
Val,1,0.9996722936630249,0.9654902219772339,-0.15191484987735748,1.1174050569534302,0.9617942571640015,-0.058333441615104675,1.0201276540756226
Val,1,0.9998290538787842,0.9601713418960571,-0.1855378895998001,1.1457092761993408,0.9505372643470764,-0.09971186518669128,1.0502490997314453
Val,1,0.9996135830879211,0.9624701738357544,-0.12436845153570175,1.0868386030197144,0.9600472450256348,-0.03013637661933899,0.9901835918426514
Val,1,0.9961276650428772,0.8858550786972046,0.06646482646465302,0.8193902373313904,0.8999469876289368,0.1571308970451355,0.7428160905838013
Val,1,0.9999334812164307,0.9796590805053711,-0.260506808757782,1.2401659488677979,0.9641501903533936,-0.17004933953285217,1.1341995000839233
Val,1,0.999872088432312,0.980089545249939,-0.22813302278518677,1.2082226276397705,0.9690670371055603,-0.13703833520412445,1.1061053276062012
Val,1,0.9999351501464844,0.9889488220214844,-0.25109487771987915,1.2400436401367188,0.972898542881012,-0.16054123640060425,1.1334397792816162
Val,1,0.9999315738677979,0.9686486721038818,-0.26284632086753845,1.2314950227737427,0.9512516260147095,-0.1743883490562439,1.1256399154663086
Val,1,0.9999430179595947,0.9761338829994202,-0.25525030493736267,1.2313841581344604,0.9591225981712341,-0.1646634042263031,1.1237859725952148
Val,1,0.9991626739501953,0.9347074031829834,-0.05813805013895035,0.9928454756736755,0.9388879537582397,0.03449790179729462,0.9043900370597839
Val,1,0.9999375343322754,0.9820719957351685,-0.25014767050743103,1.2322196960449219,0.9665091037750244,-0.16108262538909912,1.1275917291641235
Val,1,0.999213695526123,0.9361655116081238,-0.043262362480163574,0.9794278740882874,0.9408457279205322,0.04887097328901291,0.8919747471809387
Val,1,0.999968409538269,0.9917007684707642,-0.30423998832702637,1.2959407567977905,0.96886146068573,-0.2140396535396576,1.18290114402771
Val,1,0.9999176263809204,0.9869995713233948,-0.257978618144989,1.2449781894683838,0.9717738032341003,-0.16697242856025696,1.1387462615966797
Val,1,0.9996315240859985,0.9491907358169556,-0.10771487653255463,1.0569056272506714,0.9457257986068726,-0.018424326553940773,0.9641501307487488
Val,1,0.9999761581420898,0.9763234853744507,-0.3308882713317871,1.3072117567062378,0.9526798725128174,-0.24320465326309204,1.1958844661712646
Val,1,0.9998348951339722,0.9781160354614258,-0.1922171711921692,1.1703331470489502,0.9700239896774292,-0.10103464126586914,1.0710586309432983
Val,1,0.0008355455356650054,-0.009009510278701782,0.9198031425476074,-0.9288126230239868,0.05916842818260193,0.938234269618988,-0.8790658712387085
Val,1,0.9999737739562988,0.9866669178009033,-0.32621198892593384,1.3128788471221924,0.9627646803855896,-0.238596111536026,1.201360821723938
Val,1,0.010667330585420132,0.2262219935655594,0.8064051866531372,-0.580183207988739,0.2882242202758789,0.8481497168540955,-0.5599254965782166
Val,1,0.9999172687530518,0.9775612354278564,-0.2481772005558014,1.2257384061813354,0.9637099504470825,-0.15644416213035583,1.1201541423797607
Val,1,0.9924686551094055,0.846771240234375,0.12515580654144287,0.7216154336929321,0.8656822443008423,0.217526376247406,0.6481558680534363
Val,1,0.9995563626289368,0.9539939165115356,-0.10887859016656876,1.0628725290298462,0.9542734622955322,-0.016087334603071213,0.9703608155250549
Val,1,0.9999744892120361,0.9846503138542175,-0.3509712815284729,1.3356215953826904,0.9586581587791443,-0.2644534409046173,1.223111629486084
Val,1,0.9997367262840271,0.974454402923584,-0.15799975395202637,1.1324541568756104,0.9692022204399109,-0.06523184478282928,1.0344340801239014
Val,1,0.9999669790267944,0.9896928071975708,-0.3062204122543335,1.2959132194519043,0.969226062297821,-0.21764728426933289,1.1868733167648315
Val,1,0.9999451637268066,0.9871828556060791,-0.2711109519004822,1.258293867111206,0.9704736471176147,-0.18049649894237518,1.1509701013565063
Val,1,0.9986215829849243,0.9150134325027466,-0.006396951153874397,0.9214103817939758,0.9230095148086548,0.08548983931541443,0.837519645690918
Val,1,0.9996901750564575,0.9570246338844299,-0.13581159710884094,1.0928362607955933,0.9540656805038452,-0.04348468780517578,0.997550368309021
Val,1,0.6388127207756042,0.5882922410964966,0.46994638442993164,0.11834585666656494,0.6368357539176941,0.5488765239715576,0.08795922994613647
Val,1,0.9999130964279175,0.9632915258407593,-0.21369412541389465,1.1769856214523315,0.9472775459289551,-0.12571673095226288,1.0729942321777344
Val,1,0.0018860838608816266,0.07507553696632385,0.8917657136917114,-0.81669020652771,0.14070621132850647,0.9167798757553101,-0.776073694229126
Val,1,0.992992639541626,0.8655185699462891,0.09512927383184433,0.7703893184661865,0.8838203549385071,0.18585646152496338,0.6979638934135437
Val,1,0.999817430973053,0.9709798097610474,-0.1577378511428833,1.1287176609039307,0.9638144969940186,-0.06607645004987717,1.0298908948898315
Val,1,0.9987931251525879,0.9206699132919312,-0.038011811673641205,0.9586817026138306,0.9262632727622986,0.0520072765648365,0.8742560148239136
Val,1,0.9999747276306152,0.9826982021331787,-0.3368554711341858,1.3195536136627197,0.9587939977645874,-0.24950328469276428,1.2082972526550293
Val,1,0.999910831451416,0.9798374176025391,-0.2229858636856079,1.202823281288147,0.9677164554595947,-0.1299632042646408,1.097679615020752
Val,1,0.9998733997344971,0.9740736484527588,-0.1963905245065689,1.1704641580581665,0.9651501178741455,-0.10442584753036499,1.0695760250091553
Val,1,0.9999727010726929,0.9840900897979736,-0.3204295337200165,1.3045196533203125,0.9620232582092285,-0.23178213834762573,1.193805456161499
Val,1,0.9999661445617676,0.9841010570526123,-0.29667067527770996,1.2807717323303223,0.9614199995994568,-0.20768557488918304,1.1691055297851562
Val,1,0.9999134540557861,0.9896233081817627,-0.2190224826335907,1.2086458206176758,0.9758368134498596,-0.12745824456214905,1.103295087814331
Val,1,0.9998257756233215,0.968337893486023,-0.18433105945587158,1.1526689529418945,0.9591885805130005,-0.09416574984788895,1.0533543825149536
Val,1,0.0040939077734947205,0.11389927566051483,0.8630590438842773,-0.7491597533226013,0.17852669954299927,0.8939852118492126,-0.7154585123062134
Val,1,0.9990717172622681,0.9405175447463989,-0.05681101232767105,0.9973285794258118,0.9443801045417786,0.03645970672369003,0.9079204201698303
Val,1,0.02722974307835102,0.26202070713043213,0.7586617469787598,-0.49664103984832764,0.3245401382446289,0.8075596690177917,-0.48301953077316284
Val,1,0.506196141242981,0.5438230633735657,0.5169647932052612,0.026858270168304443,0.5909093618392944,0.5916454792022705,-0.0007361173629760742
Val,1,0.000472324900329113,-0.050784144550561905,0.9404698610305786,-0.9912540316581726,0.015864405781030655,0.9519124031066895,-0.9360479712486267
Val,1,0.999618411064148,0.9496250152587891,-0.09050765633583069,1.0401326417922974,0.9493429064750671,0.0007005445659160614,0.948642373085022
Val,1,0.9999681711196899,0.9890275001525879,-0.3180573582649231,1.3070847988128662,0.9671534299850464,-0.22840780019760132,1.195561170578003
Val,1,0.9999415874481201,0.989149808883667,-0.2656604051589966,1.2548102140426636,0.9728163480758667,-0.1749284714460373,1.1477447748184204
Val,1,0.9999463558197021,0.9856966733932495,-0.2669225335121155,1.2526192665100098,0.968087911605835,-0.17711205780506134,1.1452000141143799
Val,1,0.9999591112136841,0.9845353960990906,-0.27854233980178833,1.263077735900879,0.9644715189933777,-0.18889382481575012,1.1533653736114502
Val,1,0.9981644749641418,0.9064223170280457,0.02848323993384838,0.8779391050338745,0.9175207018852234,0.12183184921741486,0.7956888675689697
Val,1,0.9995860457420349,0.9610571265220642,-0.1331927478313446,1.0942498445510864,0.9595926403999329,-0.040352750569581985,0.9999454021453857
Val,1,0.663468062877655,0.6063809990882874,0.44433873891830444,0.1620422601699829,0.651257336139679,0.52256178855896,0.128695547580719
Val,1,0.9998164772987366,0.9582151174545288,-0.13714545965194702,1.095360517501831,0.9509191513061523,-0.046414222568273544,0.9973333477973938
Val,1,0.9999890327453613,0.9785840511322021,-0.39138680696487427,1.3699707984924316,0.9463292360305786,-0.30532288551330566,1.2516521215438843
Val,1,0.9999735355377197,0.9818223714828491,-0.30934005975723267,1.2911624908447266,0.9577580690383911,-0.22214633226394653,1.1799044609069824
Val,1,0.8471638560295105,0.668582558631897,0.36489689350128174,0.30368566513061523,0.7092847228050232,0.45042884349823,0.2588558793067932
Val,1,0.9850246906280518,0.8336890935897827,0.17682456970214844,0.6568645238876343,0.8592956066131592,0.268756628036499,0.5905389785766602
Val,1,0.9999626874923706,0.9912267923355103,-0.29583194851875305,1.287058711051941,0.9719168543815613,-0.2036258578300476,1.1755427122116089
Val,1,0.9999668598175049,0.9897853136062622,-0.2769424617290497,1.2667278051376343,0.9695817828178406,-0.18828320503234863,1.157865047454834
Val,1,0.8908846974372864,0.681344747543335,0.3267919421195984,0.3545528054237366,0.7152947187423706,0.4066851735115051,0.3086095452308655
Val,1,0.9999661445617676,0.9880896806716919,-0.28841307759284973,1.2765027284622192,0.9667866826057434,-0.19917073845863342,1.1659574508666992
Val,1,0.9896247982978821,0.8450425863265991,0.11481896042823792,0.7302236557006836,0.8662257790565491,0.20561286807060242,0.660612940788269
Val,1,0.9999207258224487,0.9865419268608093,-0.25964969396591187,1.2461916208267212,0.9720640182495117,-0.16751757264137268,1.139581561088562
Val,1,0.999929666519165,0.9798107147216797,-0.22853752970695496,1.208348274230957,0.9657689332962036,-0.13676996529102325,1.1025389432907104
Val,1,0.9975301623344421,0.889014720916748,0.04868162423372269,0.840333104133606,0.9022583961486816,0.13950997591018677,0.7627484202384949
Test,0,2.5075638404814526e-05,-0.3030114769935608,0.993431568145752,-1.296442985534668,-0.23721328377723694,0.9709175825119019,-1.2081308364868164
Test,0,1.5587242160108872e-05,-0.3740406632423401,0.9893764853477478,-1.363417148590088,-0.3098057806491852,0.9552711844444275,-1.265076994895935
Test,0,1.6441161278635263e-05,-0.3655279874801636,0.985990047454834,-1.3515180349349976,-0.3020447790622711,0.9535086154937744,-1.2555533647537231
Test,0,1.887153302959632e-05,-0.3450582027435303,0.9854968190193176,-1.3305549621582031,-0.28209859132766724,0.9546684622764587,-1.236767053604126
Test,0,1.205428361572558e-05,-0.40359610319137573,0.9822614192962646,-1.3858575820922852,-0.34037914872169495,0.9435232877731323,-1.2839024066925049
Test,0,1.863743455032818e-05,-0.3439439535140991,0.993269145488739,-1.3372130393981934,-0.2795248031616211,0.9634207487106323,-1.2429455518722534
Test,0,1.2846106073993724e-05,-0.40702351927757263,0.9834849238395691,-1.3905084133148193,-0.34308862686157227,0.9451907873153687,-1.288279414176941
Test,0,1.615473229321651e-05,-0.36514556407928467,0.9911494255065918,-1.3562949895858765,-0.3007581830024719,0.9587581157684326,-1.2595162391662598
Test,0,1.7430833395337686e-05,-0.34830546379089355,0.9912865161895752,-1.3395919799804688,-0.2839401364326477,0.9606938362121582,-1.2446339130401611
Test,0,1.6001662515918724e-05,-0.3589361310005188,0.989818811416626,-1.3487548828125,-0.2950921356678009,0.9575283527374268,-1.2526204586029053
Test,0,1.897180663945619e-05,-0.3673088848590851,0.9889258146286011,-1.3562346696853638,-0.3022063076496124,0.957129716873169,-1.259335994720459
Test,0,1.6916961612878367e-05,-0.36214619874954224,0.9905245900154114,-1.3526707887649536,-0.2976154386997223,0.9586619138717651,-1.256277322769165
Test,0,1.630013866815716e-05,-0.3659741282463074,0.9887187480926514,-1.3546929359436035,-0.3015281558036804,0.9559731483459473,-1.2575013637542725
Test,0,2.1386906155385077e-05,-0.32337456941604614,0.9865944981575012,-1.3099690675735474,-0.2607608139514923,0.9585025310516357,-1.2192633152008057
Test,0,1.6659156244713813e-05,-0.37653034925460815,0.98726487159729,-1.363795280456543,-0.3121359348297119,0.9537185430526733,-1.2658544778823853
Test,0,1.8830021872418e-05,-0.34876200556755066,0.9910850524902344,-1.3398470878601074,-0.28420889377593994,0.9609759449958801,-1.2451848983764648
Test,0,2.963691258628387e-05,-0.28170305490493774,0.9943035244941711,-1.2760065793991089,-0.2168232500553131,0.972732663154602,-1.1895558834075928
Test,0,1.7949763787328266e-05,-0.35561832785606384,0.9918389320373535,-1.3474572896957397,-0.29129043221473694,0.9608837962150574,-1.2521742582321167
Test,0,1.6294745364575647e-05,-0.36141711473464966,0.9905900955200195,-1.3520071506500244,-0.29748785495758057,0.9577676057815552,-1.2552554607391357
Test,0,1.63574604812311e-05,-0.3740551471710205,0.9869703650474548,-1.3610255718231201,-0.3100453317165375,0.9531875848770142,-1.263232946395874
Test,0,1.7717382434057072e-05,-0.37163692712783813,0.9866539239883423,-1.3582909107208252,-0.3063441216945648,0.9542733430862427,-1.2606174945831299
Test,0,1.8978971638716757e-05,-0.3440828025341034,0.9921228885650635,-1.3362057209014893,-0.2798228859901428,0.9628071784973145,-1.2426300048828125
Test,0,3.07059999613557e-05,-0.28836166858673096,0.9933220148086548,-1.2816836833953857,-0.2227543294429779,0.9720499515533447,-1.194804310798645
Test,0,1.6599480659351684e-05,-0.357135534286499,0.9903289079666138,-1.3474644422531128,-0.2928417921066284,0.9579591751098633,-1.2508009672164917
Test,0,2.233589293609839e-05,-0.3443446159362793,0.9901173114776611,-1.3344619274139404,-0.27940118312835693,0.9603497982025146,-1.2397509813308716
Test,0,2.604781366244424e-05,-0.30787187814712524,0.9793643951416016,-1.287236213684082,-0.24515876173973083,0.9540797472000122,-1.1992385387420654
Test,0,1.835339207900688e-05,-0.35879337787628174,0.9894291758537292,-1.3482224941253662,-0.2950153052806854,0.9571911096572876,-1.2522064447402954
Test,0,1.720503860269673e-05,-0.3543258011341095,0.992039680480957,-1.3463654518127441,-0.29027268290519714,0.9602333307266235,-1.250506043434143
Test,0,2.2212605472304858e-05,-0.30972597002983093,0.9901928305625916,-1.2999187707901,-0.24599285423755646,0.9638258218765259,-1.209818720817566
Test,0,1.4520500371872913e-05,-0.3685680329799652,0.9896966218948364,-1.358264684677124,-0.30448487401008606,0.9557496309280396,-1.2602344751358032
Test,0,1.4816845578025095e-05,-0.3811710476875305,0.9876399040222168,-1.3688108921051025,-0.31676360964775085,0.952862024307251,-1.2696256637573242
Test,0,2.015564496105071e-05,-0.33381348848342896,0.9950077533721924,-1.3288211822509766,-0.2686953842639923,0.9669547080993652,-1.2356500625610352
Test,0,2.6397136025479995e-05,-0.31948089599609375,0.9932702779769897,-1.3127511739730835,-0.2546796202659607,0.9672785997390747,-1.2219581604003906
Test,0,1.5752279068692587e-05,-0.3530075252056122,0.9870585799217224,-1.3400660753250122,-0.29066070914268494,0.9544086456298828,-1.2450693845748901
Test,0,1.3643857528222725e-05,-0.3895721137523651,0.9850689768791199,-1.3746410608291626,-0.3261203169822693,0.9486305713653564,-1.2747509479522705
Test,0,1.652678838581778e-05,-0.36257508397102356,0.9869063496589661,-1.349481463432312,-0.2996135950088501,0.9543430805206299,-1.25395667552948
Test,0,2.5445964638493024e-05,-0.3229598104953766,0.9938302636146545,-1.3167901039123535,-0.25792431831359863,0.968619704246521,-1.2265440225601196
Test,0,2.925284206867218e-05,-0.3005691170692444,0.9906408786773682,-1.2912099361419678,-0.23570860922336578,0.9672319293022156,-1.202940583229065
Test,0,1.8898364942288026e-05,-0.34793686866760254,0.9891912937164307,-1.3371281623840332,-0.28405052423477173,0.958113431930542,-1.242163896560669
Test,0,0.00011583646119106561,-0.1948627531528473,0.9639585018157959,-1.1588212251663208,-0.1287868618965149,0.9573578834533691,-1.0861446857452393
Test,0,1.3062294783594552e-05,-0.4044615924358368,0.9823036193847656,-1.3867652416229248,-0.3411356806755066,0.9445323944091797,-1.285668134689331
Test,0,1.752570824464783e-05,-0.3544631600379944,0.9907662868499756,-1.3452293872833252,-0.2896686792373657,0.9600481390953064,-1.2497167587280273
Test,0,2.0535306248348206e-05,-0.34021955728530884,0.9925656318664551,-1.3327851295471191,-0.27590230107307434,0.9641240835189819,-1.2400263547897339
Test,0,2.1214807929936796e-05,-0.3224579691886902,0.99491947889328,-1.3173774480819702,-0.2577992081642151,0.9681710600852966,-1.2259702682495117
Test,0,1.754320146574173e-05,-0.3555908203125,0.9908853769302368,-1.3464761972427368,-0.2915176749229431,0.9593560695648193,-1.2508738040924072
Test,0,1.694983984634746e-05,-0.3471117913722992,0.9912358522415161,-1.3383476734161377,-0.28271013498306274,0.9602171182632446,-1.2429273128509521
Test,0,3.6589957744581625e-05,-0.27569442987442017,0.9930169582366943,-1.2687113285064697,-0.2098030149936676,0.9727462530136108,-1.182549238204956
Test,0,3.0324814360938035e-05,-0.2916257381439209,0.9930922389030457,-1.2847180366516113,-0.22597314417362213,0.9707493185997009,-1.1967225074768066
Test,0,2.570407377788797e-05,-0.2897716164588928,0.9929978251457214,-1.2827694416046143,-0.22485437989234924,0.9693857431411743,-1.1942400932312012
Test,0,1.4624953109887429e-05,-0.3843892812728882,0.9868080615997314,-1.3711973428726196,-0.3203158378601074,0.9510563015937805,-1.2713720798492432
Test,0,1.6450681869173422e-05,-0.35658061504364014,0.9908185005187988,-1.347399115562439,-0.29191112518310547,0.9594205021858215,-1.2513315677642822
Test,0,1.6659076209180057e-05,-0.3491467237472534,0.9897436499595642,-1.3388903141021729,-0.2855062782764435,0.959239661693573,-1.2447459697723389
Test,0,1.2874904314230662e-05,-0.39595526456832886,0.9844508767127991,-1.380406141281128,-0.3323594927787781,0.9473880529403687,-1.279747486114502
Test,0,2.2715657905791886e-05,-0.32716840505599976,0.9915058612823486,-1.3186743259429932,-0.2624528408050537,0.9647953510284424,-1.227248191833496
Test,0,2.2140358851174824e-05,-0.3216213583946228,0.993938684463501,-1.3155601024627686,-0.25597989559173584,0.9690312147140503,-1.2250111103057861
Test,0,1.8011513020610437e-05,-0.35896849632263184,0.9895948171615601,-1.348563313484192,-0.2943175137042999,0.9581031799316406,-1.2524206638336182
Test,0,2.942339597211685e-05,-0.29232579469680786,0.9923267364501953,-1.2846524715423584,-0.22731725871562958,0.9693187475204468,-1.1966359615325928
Test,0,2.8378468414302915e-05,-0.3051999807357788,0.9917845129966736,-1.2969844341278076,-0.23993168771266937,0.9678621292114258,-1.2077938318252563
Test,0,2.0342959032859653e-05,-0.33653560280799866,0.9932927489280701,-1.3298283815383911,-0.2722301781177521,0.9645248055458069,-1.2367550134658813
Test,0,2.058891550404951e-05,-0.33465811610221863,0.993817150592804,-1.3284752368927002,-0.26923486590385437,0.9670983552932739,-1.2363332509994507
Test,0,3.727013972820714e-05,-0.2833245098590851,0.9917609095573425,-1.27508544921875,-0.21840979158878326,0.9703995585441589,-1.1888093948364258
Test,0,3.0375435017049313e-05,-0.2734154760837555,0.9905412197113037,-1.2639566659927368,-0.20799516141414642,0.9720854163169861,-1.180080533027649
Test,0,2.1142141122254543e-05,-0.33458220958709717,0.9901740550994873,-1.3247562646865845,-0.27021217346191406,0.9612742066383362,-1.2314863204956055
Test,0,1.3714613487536553e-05,-0.3905196189880371,0.9868710041046143,-1.3773906230926514,-0.3264118432998657,0.9506335258483887,-1.2770453691482544
Test,0,1.6280237105092965e-05,-0.3619915246963501,0.9893499612808228,-1.3513414859771729,-0.2973750829696655,0.9572889804840088,-1.2546640634536743
Test,0,2.48264150286559e-05,-0.31975632905960083,0.9932057857513428,-1.3129620552062988,-0.25520482659339905,0.9668079018592834,-1.2220127582550049
Test,0,1.291532680625096e-05,-0.4056016802787781,0.9847201108932495,-1.3903217315673828,-0.3417420983314514,0.9469077587127686,-1.2886497974395752
Test,0,1.4636101695941761e-05,-0.3905183672904968,0.9877228140830994,-1.3782411813735962,-0.3261805474758148,0.9523019790649414,-1.2784825563430786
Test,0,1.464351407776121e-05,-0.3783462643623352,0.9874568581581116,-1.3658031225204468,-0.3143669366836548,0.9532198905944824,-1.2675868272781372
Test,0,1.571905340824742e-05,-0.36892563104629517,0.9880573749542236,-1.356982946395874,-0.3049473762512207,0.9538167715072632,-1.2587641477584839
Test,0,1.9417293515289202e-05,-0.3386218547821045,0.9929434657096863,-1.3315653800964355,-0.2734978199005127,0.963518500328064,-1.2370163202285767
Test,0,2.2892614651937038e-05,-0.3306030035018921,0.9925020337104797,-1.3231050968170166,-0.2661215662956238,0.9647526144981384,-1.2308741807937622
Test,0,1.6156951460288838e-05,-0.3678883910179138,0.9868313074111938,-1.354719638824463,-0.30457550287246704,0.9537409543991089,-1.2583165168762207
Test,0,1.869510924734641e-05,-0.3581005036830902,0.9926375150680542,-1.3507380485534668,-0.29309460520744324,0.9627796411514282,-1.2558742761611938
Test,0,2.097885408147704e-05,-0.33886873722076416,0.9903962016105652,-1.3292648792266846,-0.27456048130989075,0.9612464904785156,-1.235806941986084
Test,0,1.7953563656192273e-05,-0.34852567315101624,0.992212176322937,-1.3407378196716309,-0.28349539637565613,0.9626111388206482,-1.246106505393982
Test,0,2.1673573428415693e-05,-0.33149316906929016,0.9928888082504272,-1.324381947517395,-0.2670033574104309,0.9643198847770691,-1.2313232421875
Test,0,1.5841476852074265e-05,-0.36454543471336365,0.9875061511993408,-1.3520516157150269,-0.3011912405490875,0.9550228118896484,-1.2562140226364136
Test,0,2.6135079679079354e-05,-0.3031436502933502,0.9946740865707397,-1.2978177070617676,-0.23737354576587677,0.9717484712600708,-1.2091220617294312
Test,0,1.726585287542548e-05,-0.34336966276168823,0.9927536249160767,-1.3361232280731201,-0.2791379988193512,0.9622477889060974,-1.241385817527771
Test,0,2.2766818801756017e-05,-0.3303866386413574,0.9930429458618164,-1.3234295845031738,-0.2651342749595642,0.9657329320907593,-1.2308671474456787
Test,0,1.9179333321517333e-05,-0.34021443128585815,0.9908922910690308,-1.3311066627502441,-0.27531954646110535,0.961391031742096,-1.236710548400879
Test,0,5.32723315700423e-05,-0.24102316796779633,0.9909449219703674,-1.2319680452346802,-0.1758359968662262,0.9758964776992798,-1.1517324447631836
Test,0,2.6133286155527458e-05,-0.31126636266708374,0.9935184121131897,-1.3047847747802734,-0.24675476551055908,0.9679001569747925,-1.2146549224853516
Test,0,2.0435087208170444e-05,-0.3215266466140747,0.994560956954956,-1.3160876035690308,-0.2565121352672577,0.9679139852523804,-1.2244261503219604
Test,0,1.4870636732666753e-05,-0.37662607431411743,0.9879061579704285,-1.364532232284546,-0.3123617172241211,0.9535021781921387,-1.2658638954162598
Test,0,1.642337338125799e-05,-0.3508889675140381,0.9913192391395569,-1.3422081470489502,-0.28665441274642944,0.9596920013427734,-1.2463464736938477
Test,0,1.8220554920844734e-05,-0.356235533952713,0.9903627038002014,-1.3465982675552368,-0.2917889654636383,0.9586025476455688,-1.2503914833068848
Test,0,2.30151999858208e-05,-0.32072150707244873,0.9913985729217529,-1.3121200799942017,-0.25623172521591187,0.9648818969726562,-1.221113681793213
Test,0,1.2531609172583558e-05,-0.4069563150405884,0.9830996990203857,-1.3900560140609741,-0.3431316018104553,0.9447156190872192,-1.2878472805023193
Test,0,2.0618545022443868e-05,-0.3479364514350891,0.984940767288208,-1.3328771591186523,-0.2831616699695587,0.955098032951355,-1.2382596731185913
Test,0,1.3255144949653186e-05,-0.38941243290901184,0.9833977818489075,-1.3728102445602417,-0.32493090629577637,0.9478529691696167,-1.272783875465393
Test,0,1.8965454728459008e-05,-0.3509278893470764,0.9912457466125488,-1.3421735763549805,-0.2867944836616516,0.9600433707237244,-1.246837854385376
Test,0,1.4509842003462836e-05,-0.38993486762046814,0.9870563745498657,-1.3769912719726562,-0.326077938079834,0.9515666365623474,-1.2776446342468262
Test,0,2.415219569229521e-05,-0.3222510516643524,0.9944900274276733,-1.3167411088943481,-0.2569033205509186,0.9684478640556335,-1.2253512144088745
Test,0,1.8795357391354628e-05,-0.3596705198287964,0.9903275370597839,-1.3499979972839355,-0.2957271337509155,0.9583790302276611,-1.2541061639785767
Test,0,2.307948852831032e-05,-0.31551945209503174,0.9924142956733704,-1.3079338073730469,-0.2514866888523102,0.9659216403961182,-1.217408299446106
Test,0,2.1683705199393444e-05,-0.3211819529533386,0.9934297800064087,-1.3146116733551025,-0.2558668255805969,0.9670466184616089,-1.2229135036468506
Test,0,2.2466549125965685e-05,-0.31881487369537354,0.9931365251541138,-1.3119513988494873,-0.2536602020263672,0.9672417640686035,-1.2209019660949707
Test,0,1.7630294678383507e-05,-0.3426346182823181,0.9873844981193542,-1.3300191164016724,-0.2796461284160614,0.9571185111999512,-1.236764669418335
Test,0,7.393227861030027e-05,-0.20216861367225647,0.9806802272796631,-1.1828488111495972,-0.13722601532936096,0.9699766635894775,-1.1072026491165161
Test,0,1.3983401004225016e-05,-0.3943573534488678,0.9862420558929443,-1.3805993795394897,-0.3303329050540924,0.9502853155136108,-1.2806181907653809
Test,0,2.9392824217211455e-05,-0.31773459911346436,0.9921301007270813,-1.3098647594451904,-0.25278782844543457,0.9667049646377563,-1.219492793083191
Test,0,7.418284803861752e-05,-0.22986336052417755,0.9744160175323486,-1.2042794227600098,-0.16212902963161469,0.9640740752220154,-1.1262030601501465
Test,0,3.041152194782626e-05,-0.28883126378059387,0.9915106296539307,-1.2803418636322021,-0.2234991192817688,0.9694156646728516,-1.1929147243499756
Test,0,1.339515711151762e-05,-0.40585312247276306,0.984351634979248,-1.3902047872543335,-0.3417339026927948,0.9471431970596313,-1.2888771295547485
Test,0,3.0273469747044146e-05,-0.2913275957107544,0.9941519498825073,-1.2854795455932617,-0.22583970427513123,0.9717496633529663,-1.19758939743042
Test,0,1.6119091014843434e-05,-0.36852943897247314,0.9896969795227051,-1.3582264184951782,-0.30402281880378723,0.9564700126647949,-1.2604928016662598
Test,0,1.5473879102501087e-05,-0.3639678359031677,0.9899592995643616,-1.3539271354675293,-0.3001308739185333,0.9564957618713379,-1.2566266059875488
Test,0,2.0038065486005507e-05,-0.3517286777496338,0.9906185865402222,-1.342347264289856,-0.2871619462966919,0.9602429866790771,-1.247404932975769
Test,0,1.6362890164600685e-05,-0.3514239192008972,0.987751305103302,-1.3391752243041992,-0.28886204957962036,0.9554666876792908,-1.2443287372589111
Test,0,1.8513079339754768e-05,-0.349162220954895,0.9926478266716003,-1.3418099880218506,-0.2847409248352051,0.9629159569740295,-1.2476568222045898
Test,0,2.4313269022968598e-05,-0.3318869471549988,0.9909154176712036,-1.3228023052215576,-0.2671276032924652,0.9629333019256592,-1.2300609350204468
Test,0,1.6967760529951192e-05,-0.36675792932510376,0.9888373613357544,-1.355595350265503,-0.30245548486709595,0.9575280547142029,-1.2599835395812988
Test,0,1.897734182421118e-05,-0.3353939354419708,0.9917045831680298,-1.3270984888076782,-0.27058714628219604,0.9622853994369507,-1.232872486114502
Test,0,2.2863618141855113e-05,-0.31497812271118164,0.9912648797035217,-1.3062429428100586,-0.2499007284641266,0.9658747911453247,-1.215775489807129
Test,0,1.949068609974347e-05,-0.35289818048477173,0.9889072775840759,-1.3418054580688477,-0.28845131397247314,0.9586573839187622,-1.2471086978912354
Test,0,3.0437897294177674e-05,-0.3040194809436798,0.9861305952072144,-1.2901500463485718,-0.24042898416519165,0.962674081325531,-1.2031030654907227
Test,0,3.392324288142845e-05,-0.27340462803840637,0.9903333187103271,-1.2637379169464111,-0.20886525511741638,0.9703977704048157,-1.1792629957199097
Test,0,0.00017664438928477466,-0.12657025456428528,0.9671550989151001,-1.093725323677063,-0.059884004294872284,0.9671918153762817,-1.0270757675170898
Test,0,1.942866583704017e-05,-0.338201642036438,0.9912837743759155,-1.3294854164123535,-0.2739814221858978,0.9621895551681519,-1.236171007156372
Test,0,1.660084308241494e-05,-0.3597700595855713,0.9862579107284546,-1.3460279703140259,-0.2970813512802124,0.9542039632797241,-1.2512853145599365
Test,0,1.4234996342565864e-05,-0.376367449760437,0.9886032938957214,-1.3649706840515137,-0.31235218048095703,0.9545034170150757,-1.2668555974960327
Test,0,4.453779183677398e-05,-0.25020602345466614,0.9876189231872559,-1.2378249168395996,-0.185296431183815,0.9702050685882568,-1.1555014848709106
Test,0,1.7538248357595876e-05,-0.3436354696750641,0.9915828108787537,-1.3352183103561401,-0.27946192026138306,0.9608064889907837,-1.2402684688568115
Test,0,2.8347712941467762e-05,-0.2980600595474243,0.993730366230011,-1.29179048538208,-0.23156869411468506,0.972698986530304,-1.2042677402496338
Test,0,1.7381797078996897e-05,-0.35336798429489136,0.9901732802391052,-1.3435412645339966,-0.2894350290298462,0.9581488966941833,-1.2475838661193848
Test,0,1.5665360479033552e-05,-0.37246766686439514,0.9896849393844604,-1.3621525764465332,-0.30799973011016846,0.9558301568031311,-1.2638299465179443
Test,1,0.9999371767044067,0.9815950393676758,-0.2593236565589905,1.2409186363220215,0.965557873249054,-0.17099453508853912,1.1365524530410767
Test,1,0.9999321699142456,0.981704831123352,-0.23004060983657837,1.2117455005645752,0.9684476852416992,-0.14006736874580383,1.1085150241851807
Test,1,0.999963641166687,0.9761413335800171,-0.28933775424957275,1.2654790878295898,0.9533159136772156,-0.20184022188186646,1.155156135559082
Test,1,0.9978748559951782,0.9134181141853333,0.002267211675643921,0.9111509323120117,0.9231196641921997,0.09357478469610214,0.8295449018478394
Test,1,0.9999725818634033,0.9903902411460876,-0.3065202236175537,1.2969105243682861,0.96747887134552,-0.21785908937454224,1.185338020324707
Test,1,0.9998937845230103,0.9777580499649048,-0.19374743103981018,1.1715054512023926,0.968317985534668,-0.10174304246902466,1.0700609683990479
Test,1,0.9999780654907227,0.9771264791488647,-0.35720011591911316,1.3343266248703003,0.9494204521179199,-0.27056726813316345,1.2199877500534058
Test,1,0.9999051094055176,0.9762399196624756,-0.2321377843618393,1.208377718925476,0.9636198282241821,-0.1431366205215454,1.1067564487457275
Test,1,0.9976956248283386,0.8957388401031494,0.03923320770263672,0.8565056324005127,0.9094589948654175,0.13394023478031158,0.7755187749862671
Test,1,0.9999750852584839,0.9831078052520752,-0.3325604796409607,1.3156683444976807,0.9574953317642212,-0.24511626362800598,1.2026115655899048
Test,1,0.9999727010726929,0.9850274324417114,-0.33797186613082886,1.3229992389678955,0.9618750810623169,-0.2479776293039322,1.209852695465088
Test,1,0.9999665021896362,0.9891747236251831,-0.3012799322605133,1.290454626083374,0.969333291053772,-0.21087098121643066,1.1802042722702026
Test,1,0.9999521970748901,0.982521116733551,-0.28838050365448,1.2709016799926758,0.9645546674728394,-0.19918009638786316,1.163734793663025
Test,1,0.9991262555122375,0.9360484480857849,-0.07063464820384979,1.006683111190796,0.9402690529823303,0.02302444353699684,0.9172446131706238
Test,1,0.9999582767486572,0.9806094169616699,-0.28519928455352783,1.2658087015151978,0.9618595838546753,-0.1972707211971283,1.159130334854126
Test,1,0.46961334347724915,0.5386079549789429,0.5422025918960571,-0.003594636917114258,0.5888652801513672,0.6153003573417664,-0.02643507719039917
Test,1,0.0006848066695965827,-0.010321641340851784,0.9205448627471924,-0.9308664798736572,0.05750534310936928,0.9357966184616089,-0.8782912492752075
Test,1,0.99997878074646,0.9867427349090576,-0.3474438786506653,1.3341865539550781,0.9608436226844788,-0.2604568600654602,1.221300482749939
Test,1,0.03733019158244133,0.2882872223854065,0.7546663284301758,-0.4663791060447693,0.3492818772792816,0.8050990104675293,-0.4558171331882477
Test,1,0.9999480247497559,0.9831693172454834,-0.25515931844711304,1.2383286952972412,0.9641530513763428,-0.16613611578941345,1.1302891969680786
Test,1,0.9999486207962036,0.9827936887741089,-0.27669447660446167,1.2594881057739258,0.9658571481704712,-0.1865135133266449,1.1523706912994385
Test,1,0.9997747540473938,0.9563024044036865,-0.15381020307540894,1.1101126670837402,0.9516680240631104,-0.06461797654628754,1.016286015510559
Test,1,0.9999302625656128,0.9830691814422607,-0.23853528499603271,1.2216044664382935,0.9668943881988525,-0.14810048043727875,1.1149948835372925
Test,1,0.9999780654907227,0.9828200340270996,-0.35010671615600586,1.3329267501831055,0.9583880305290222,-0.2619050145149231,1.2202930450439453
Test,1,0.9974822402000427,0.91368567943573,-0.006014563143253326,0.9197002649307251,0.9245593547821045,0.0874239057302475,0.8371354341506958
Test,1,0.9999490976333618,0.9801998138427734,-0.27700376510620117,1.2572035789489746,0.9623841047286987,-0.1887720227241516,1.1511561870574951
Test,1,0.9996708631515503,0.9537073373794556,-0.10316292196512222,1.0568702220916748,0.9515494704246521,-0.009874820709228516,0.9614242911338806
Test,1,0.9996762275695801,0.965476393699646,-0.13047221302986145,1.095948576927185,0.9638466238975525,-0.03537347912788391,0.9992201328277588
Test,1,0.731246829032898,0.6292521357536316,0.42110002040863037,0.20815211534500122,0.6739976406097412,0.50281822681427,0.1711794137954712
Test,1,0.008415782824158669,0.18114988505840302,0.8220738768577576,-0.6409239768981934,0.24429389834403992,0.8600358963012695,-0.6157419681549072
Test,1,0.999804675579071,0.9581815600395203,-0.16877776384353638,1.1269593238830566,0.9517966508865356,-0.07666461169719696,1.028461217880249
Test,1,0.9865847826004028,0.7970355749130249,0.19193226099014282,0.6051033139228821,0.8169832229614258,0.27985405921936035,0.5371291637420654
Test,1,0.7869124412536621,0.6394115686416626,0.40034011006355286,0.23907145857810974,0.6812728047370911,0.47814953327178955,0.2031232714653015
Test,1,0.0041005429811775684,0.12499168515205383,0.8410604000091553,-0.7160687446594238,0.1903308629989624,0.8727680444717407,-0.6824371814727783
Test,1,0.9999334812164307,0.9854055643081665,-0.25266268849372864,1.2380682229995728,0.9694620370864868,-0.16314852237701416,1.132610559463501
Test,1,0.9999727010726929,0.9877471923828125,-0.31336912512779236,1.3011163473129272,0.9648644924163818,-0.22496753931045532,1.1898319721221924
Test,1,0.9999351501464844,0.9919021129608154,-0.2472735345363617,1.2391756772994995,0.9766280055046082,-0.15470926463603973,1.131337285041809
Test,1,0.999975323677063,0.9892184138298035,-0.31201720237731934,1.3012356758117676,0.965909481048584,-0.22295454144477844,1.18886399269104
Test,1,0.9994227886199951,0.9408115744590759,-0.11493190377950668,1.0557434558868408,0.9411733150482178,-0.024047300219535828,0.9652206301689148
Test,1,0.9999486207962036,0.990524411201477,-0.2804970145225525,1.2710213661193848,0.9731477499008179,-0.18979579210281372,1.1629436016082764
Test,1,0.9999854564666748,0.9797155857086182,-0.3838651180267334,1.3635807037353516,0.9502044916152954,-0.296429306268692,1.246633768081665
Test,1,0.9999395608901978,0.9723907709121704,-0.28572988510131836,1.2581206560134888,0.9538041353225708,-0.195809006690979,1.1496131420135498
Test,1,0.9999175071716309,0.9821109771728516,-0.23345613479614258,1.2155671119689941,0.9680196642875671,-0.1437002569437027,1.1117199659347534
Test,1,0.9999629259109497,0.9851024150848389,-0.2934400141239166,1.278542399406433,0.9640028476715088,-0.2046569585800171,1.1686598062515259
Test,1,0.9930626749992371,0.8347508907318115,0.09079732745885849,0.7439535856246948,0.8512160778045654,0.17849139869213104,0.6727246642112732
Test,1,0.9999101161956787,0.9747875332832336,-0.24545887112617493,1.220246434211731,0.9608672857284546,-0.15693284571170807,1.1178001165390015
Test,1,0.9999680519104004,0.9920137524604797,-0.31618455052375793,1.30819833278656,0.9706829786300659,-0.2264033406972885,1.1970863342285156
Test,1,0.9998182654380798,0.9307881593704224,-0.17343339323997498,1.1042215824127197,0.9195321798324585,-0.08548098802566528,1.0050132274627686
Test,1,0.9999860525131226,0.9857932329177856,-0.374716579914093,1.3605098724365234,0.9562153816223145,-0.287049263715744,1.2432646751403809
Test,1,0.9999703168869019,0.9834073781967163,-0.29767167568206787,1.2810790538787842,0.9606155157089233,-0.20975613594055176,1.170371651649475
Test,1,0.9971908926963806,0.899979293346405,0.06269469112157822,0.8372846245765686,0.9134801626205444,0.15506614744663239,0.7584140300750732
Test,1,0.9999452829360962,0.9879269599914551,-0.2836257815361023,1.2715528011322021,0.9704372882843018,-0.19178088009357452,1.1622182130813599
Test,1,0.022982044145464897,0.23649214208126068,0.7737493515014648,-0.537257194519043,0.2979569733142853,0.8185268044471741,-0.5205698013305664
Test,1,0.9980953335762024,0.900252640247345,0.016254622489213943,0.8839980363845825,0.9080646634101868,0.10758725553750992,0.8004773855209351
Test,1,0.9999868869781494,0.973503589630127,-0.4018234610557556,1.3753271102905273,0.9411923885345459,-0.31525328755378723,1.2564456462860107
Test,1,0.9999798536300659,0.981386125087738,-0.3510439395904541,1.332430124282837,0.9535046815872192,-0.2646440267562866,1.2181487083435059
Test,1,0.9990252256393433,0.9181255102157593,-0.06091589480638504,0.9790413975715637,0.9247392416000366,0.03026210144162178,0.894477128982544
Test,1,0.9916781187057495,0.8467715382575989,0.11790091544389725,0.7288706302642822,0.8663831353187561,0.20730628073215485,0.6590768694877625
Test,1,0.9998418092727661,0.98076993227005,-0.2141018807888031,1.1948717832565308,0.9710084795951843,-0.12098395079374313,1.0919923782348633
Test,1,0.9999861717224121,0.9741643667221069,-0.3932364881038666,1.367400884628296,0.9428894519805908,-0.3073846101760864,1.2502740621566772
Test,1,0.000714895490091294,-0.0010385718196630478,0.9110402464866638,-0.9120787978172302,0.0662308856844902,0.9279990196228027,-0.8617681264877319
Test,1,0.8639549016952515,0.6881868839263916,0.34510117769241333,0.34308570623397827,0.7273913621902466,0.428744912147522,0.2986464500427246
Test,1,0.999971866607666,0.9942427277565002,-0.3230740427970886,1.3173167705535889,0.9715220332145691,-0.2327384352684021,1.2042604684829712
Test,1,0.958139181137085,0.7687833309173584,0.2604459524154663,0.5083373785018921,0.7990752458572388,0.3451055884361267,0.45396965742111206
Test,1,0.9999514818191528,0.9876341819763184,-0.28429242968559265,1.2719266414642334,0.9705240726470947,-0.19263657927513123,1.1631606817245483
Test,1,0.9999818801879883,0.9842633605003357,-0.34117481112480164,1.325438141822815,0.9569978713989258,-0.2537694275379181,1.2107672691345215
Test,1,0.9864863157272339,0.8066572546958923,0.19610923528671265,0.6105480194091797,0.82743901014328,0.2808060646057129,0.5466329455375671
Test,1,0.9998047947883606,0.9677659273147583,-0.17631776630878448,1.1440837383270264,0.9606126546859741,-0.08406156301498413,1.0446741580963135
Test,1,0.9999321699142456,0.9695366621017456,-0.26589328050613403,1.2354300022125244,0.9515830278396606,-0.17736010253429413,1.1289430856704712
Test,1,0.8874450325965881,0.7085527181625366,0.3326166272163391,0.3759360909461975,0.7449775338172913,0.4195782542228699,0.3253992795944214
Test,1,0.9993683695793152,0.945531964302063,-0.07043623179197311,1.0159682035446167,0.9476878643035889,0.022863388061523438,0.9248244762420654
Test,1,0.9998753070831299,0.9448506832122803,-0.2025887668132782,1.1474394798278809,0.9306595325469971,-0.11374802887439728,1.044407606124878
Test,1,0.9999774694442749,0.981236457824707,-0.3395431637763977,1.32077956199646,0.9569417834281921,-0.2519835829734802,1.2089253664016724
Test,1,0.9984861016273499,0.9009838104248047,0.01131703332066536,0.8896667957305908,0.9079633951187134,0.1015271544456482,0.8064362406730652
Test,1,0.9997345805168152,0.9665085077285767,-0.16067856550216675,1.1271870136260986,0.9608305096626282,-0.06926286220550537,1.0300934314727783
Test,1,0.9999685287475586,0.9870121479034424,-0.31073710322380066,1.2977492809295654,0.9660277962684631,-0.221844881772995,1.1878726482391357
Test,1,0.7373632192611694,0.6275428533554077,0.4295594096183777,0.19798344373703003,0.6718630790710449,0.5082645416259766,0.16359853744506836
Test,1,0.9999480247497559,0.983991801738739,-0.2641041874885559,1.248095989227295,0.9673400521278381,-0.17462100088596344,1.1419610977172852
Test,1,0.00012609946134034544,-0.16289359331130981,0.9669158458709717,-1.1298093795776367,-0.09637469053268433,0.9642139673233032,-1.0605885982513428
Test,1,0.9854097366333008,0.8095901012420654,0.19878298044204712,0.6108071208000183,0.8344935178756714,0.2869473397731781,0.5475461483001709
Test,1,0.9999721050262451,0.9922683238983154,-0.3131466507911682,1.3054149150848389,0.970422625541687,-0.22243903577327728,1.1928616762161255
Test,1,0.9999620914459229,0.9743712544441223,-0.27420341968536377,1.2485747337341309,0.9529635310173035,-0.1871866136789322,1.1401501893997192
Test,1,0.9998584985733032,0.9698081016540527,-0.2229246199131012,1.1927326917648315,0.9593756198883057,-0.13285678625106812,1.0922324657440186
Test,1,0.9999558925628662,0.9869586229324341,-0.2703041732311249,1.2572628259658813,0.9680194854736328,-0.18049126863479614,1.1485106945037842
Test,1,0.9999637603759766,0.9772680997848511,-0.27443230152130127,1.2517004013061523,0.9558523893356323,-0.187173992395401,1.143026351928711
Test,1,0.9988445043563843,0.9246722459793091,-0.019738947972655296,0.9444112181663513,0.9323146939277649,0.0721311867237091,0.8601834774017334
Test,1,0.9999271631240845,0.9895379543304443,-0.23873713612556458,1.2282750606536865,0.9746887683868408,-0.1457158476114273,1.120404601097107
Test,1,0.9999555349349976,0.9771275520324707,-0.29850053787231445,1.2756280899047852,0.9576336145401001,-0.209860697388649,1.167494297027588
Test,1,0.9999622106552124,0.9911482334136963,-0.2946394681930542,1.2857877016067505,0.971687376499176,-0.2044713795185089,1.1761587858200073
Test,1,0.9999688863754272,0.9925095438957214,-0.30528849363327026,1.2977980375289917,0.9705179333686829,-0.2134474366903305,1.1839653253555298
Test,1,0.9999682903289795,0.9775335788726807,-0.30840110778808594,1.2859346866607666,0.9564847350120544,-0.21975021064281464,1.1762349605560303
Test,1,0.9999772310256958,0.989220142364502,-0.3240578770637512,1.3132779598236084,0.9650614261627197,-0.2348117083311081,1.1998730897903442
Test,1,0.92486172914505,0.7364094853401184,0.29873594641685486,0.43767353892326355,0.771831750869751,0.38565051555633545,0.3861812353134155
Test,1,0.9980707764625549,0.8984417915344238,0.0033973827958106995,0.8950443863868713,0.9075855016708374,0.09540340304374695,0.8121820688247681
Test,1,0.9996090531349182,0.9532799124717712,-0.1328275203704834,1.0861074924468994,0.9516819715499878,-0.04101688787341118,0.9926988482475281
Test,1,0.999941349029541,0.9784666299819946,-0.24932613968849182,1.227792739868164,0.9603836536407471,-0.1604793667793274,1.1208629608154297
Test,1,0.9981462955474854,0.9165040254592896,0.007463384419679642,0.909040629863739,0.9272724390029907,0.10033147037029266,0.8269409537315369
Test,1,0.9999572038650513,0.9930359125137329,-0.28840309381484985,1.2814390659332275,0.9739373922348022,-0.19822964072227478,1.1721670627593994
Test,1,0.9998133778572083,0.9750347137451172,-0.1552291214466095,1.1302638053894043,0.9658292531967163,-0.062473468482494354,1.0283026695251465
Test,1,0.9998237490653992,0.9762394428253174,-0.19055603444576263,1.1667954921722412,0.9680806398391724,-0.09711654484272003,1.065197229385376
Test,1,0.9998310804367065,0.9676403999328613,-0.21620169281959534,1.1838420629501343,0.9588632583618164,-0.12223832309246063,1.0811015367507935
Test,1,0.9999144077301025,0.9893108010292053,-0.22308094799518585,1.21239173412323,0.9761866331100464,-0.13147714734077454,1.1076637506484985
Test,1,0.9999412298202515,0.9842513799667358,-0.2885984182357788,1.2728497982025146,0.965904712677002,-0.19940316677093506,1.165307879447937
Test,1,0.999908447265625,0.9699656963348389,-0.2403860092163086,1.2103517055511475,0.9577758312225342,-0.1509418785572052,1.108717679977417
Test,1,0.9999574422836304,0.9908652901649475,-0.27617326378822327,1.2670385837554932,0.9733654856681824,-0.1853901445865631,1.1587556600570679
Test,1,0.9997078776359558,0.9505533576011658,-0.1461356282234192,1.096688985824585,0.9465476870536804,-0.054396986961364746,1.0009446144104004
Test,1,0.9999312162399292,0.9821580648422241,-0.22335544228553772,1.2055134773254395,0.9681268334388733,-0.13299651443958282,1.101123332977295
Test,1,0.9999769926071167,0.98780357837677,-0.33061152696609497,1.3184151649475098,0.9639188647270203,-0.24078600108623505,1.2047048807144165
Test,1,0.004819433204829693,0.12923097610473633,0.8523920774459839,-0.7231611013412476,0.19318753480911255,0.8860312104225159,-0.6928436756134033
Test,1,0.9998798370361328,0.9823156595230103,-0.20871666073799133,1.1910322904586792,0.9709944725036621,-0.11621634662151337,1.087210774421692
Test,1,0.999967098236084,0.989088237285614,-0.3086138665676117,1.2977020740509033,0.9668480157852173,-0.21923083066940308,1.1860787868499756
Test,1,0.999946117401123,0.9836641550064087,-0.2717747092247009,1.2554388046264648,0.9673035740852356,-0.18211737275123596,1.149420976638794
Test,1,0.9999849796295166,0.9764193892478943,-0.37001943588256836,1.3464388847351074,0.9458412528038025,-0.2846181094646454,1.2304593324661255
Test,1,0.9573530554771423,0.756761372089386,0.26946666836738586,0.4872947037220001,0.7902438640594482,0.357843816280365,0.43240004777908325
Test,1,0.999776303768158,0.9508677124977112,-0.16037149727344513,1.1112391948699951,0.9418290853500366,-0.07160409539937973,1.0134332180023193
Test,1,0.9999855756759644,0.9708040952682495,-0.3914853036403656,1.3622894287109375,0.9392647743225098,-0.30542826652526855,1.2446930408477783
Test,1,0.6007609367370605,0.6043940782546997,0.47547364234924316,0.12892043590545654,0.6521797180175781,0.5556522607803345,0.09652745723724365
Test,1,0.9999682903289795,0.9830250144004822,-0.31844162940979004,1.301466703414917,0.961639404296875,-0.2297794669866562,1.1914188861846924
Test,1,0.8109538555145264,0.6624958515167236,0.3822319209575653,0.2802639305591583,0.703015148639679,0.46008747816085815,0.2429276704788208
Test,1,0.9998958110809326,0.97868812084198,-0.2096218764781952,1.1883100271224976,0.9673139452934265,-0.11991725116968155,1.087231159210205
Test,1,0.9999204874038696,0.97901850938797,-0.22759979963302612,1.206618309020996,0.9641618728637695,-0.13826043903827667,1.1024223566055298
Test,1,0.9995796084403992,0.9464042782783508,-0.07940247654914856,1.0258067846298218,0.9470772743225098,0.01304643601179123,0.9340308308601379
Test,1,0.9893496036529541,0.829478919506073,0.13688671588897705,0.692592203617096,0.8514407277107239,0.22760464251041412,0.623836100101471
Test,1,0.9991056323051453,0.9357678294181824,-0.07311054319143295,1.0088783502578735,0.940129816532135,0.02095114067196846,0.9191786646842957
Test,1,0.9999903440475464,0.9710005521774292,-0.40947335958480835,1.3804738521575928,0.936924934387207,-0.3245234489440918,1.2614483833312988
Test,1,0.9999641180038452,0.9824827909469604,-0.28212612867355347,1.2646088600158691,0.9633115530014038,-0.1927911639213562,1.1561026573181152
Test,1,0.083242267370224,0.3500747084617615,0.6999077200889587,-0.34983301162719727,0.410408079624176,0.756729006767273,-0.3463209271430969
Test,1,0.9998836517333984,0.9783446192741394,-0.2127487063407898,1.1910933256149292,0.9674553275108337,-0.12167023122310638,1.0891255140304565
Test,1,0.9998577833175659,0.9773399233818054,-0.19342021644115448,1.170760154724121,0.9681986570358276,-0.10119494795799255,1.0693936347961426
Test,1,0.999969482421875,0.9923574924468994,-0.29919564723968506,1.2915531396865845,0.9702374935150146,-0.20976132154464722,1.1799988746643066
Test,1,0.9987614154815674,0.9266633987426758,-0.0355759859085083,0.9622393846511841,0.9335805177688599,0.05758728086948395,0.8759932518005371
Test,1,0.9999648332595825,0.9896590709686279,-0.2985565662384033,1.2882156372070312,0.9692956209182739,-0.20845559239387512,1.1777511835098267
Test,1,0.996163010597229,0.8771268725395203,0.07487258315086365,0.802254319190979,0.893905758857727,0.16620619595050812,0.7276995778083801
Test,1,0.9999617338180542,0.9947954416275024,-0.280490517616272,1.2752859592437744,0.9759138822555542,-0.18907856941223145,1.1649924516677856
Test,1,0.9999665021896362,0.9868223667144775,-0.2924175262451172,1.2792398929595947,0.9644463062286377,-0.20326954126358032,1.1677157878875732
Test,1,0.9998525381088257,0.9761914610862732,-0.18276962637901306,1.1589610576629639,0.9668024182319641,-0.08951966464519501,1.0563220977783203
Test,1,0.9999316930770874,0.9886527061462402,-0.2506944239139557,1.2393471002578735,0.9731607437133789,-0.15955789387226105,1.1327186822891235
Test,1,0.9999440908432007,0.9786348342895508,-0.2670839726924896,1.2457188367843628,0.9624621868133545,-0.17878247797489166,1.141244649887085
Test,1,0.9999666213989258,0.9768058061599731,-0.3116161525249481,1.2884219884872437,0.9558485746383667,-0.22460904717445374,1.180457592010498
Test,1,0.9999802112579346,0.9912974834442139,-0.3430445194244385,1.3343420028686523,0.9656224846839905,-0.25310832262039185,1.2187308073043823
