"split","true_label","confidence_score","hcc_cosine_mean","hem_cosine_mean","delta_mean","hcc_cosine_kmeans","hem_cosine_kmeans","delta_kmeans"
"Val","0","0.00007234761869767681","-0.21991628408432007","0.9905350208282471","-1.210451364517212","-0.13316020369529724","0.9774052500724792","-1.110565423965454"
"Val","0","0.000149039740790613","-0.1348268985748291","0.980047881603241","-1.1148748397827148","-0.05006186291575432","0.9713074564933777","-1.0213693380355835"
"Val","0","0.00003208166526746936","-0.2980789542198181","0.9857838153839111","-1.283862829208374","-0.20967648923397064","0.9689205884933472","-1.178597092628479"
"Val","0","0.0000594219054619316","-0.23546916246414185","0.9890501499176025","-1.2245192527770996","-0.1469634473323822","0.9750009179115295","-1.1219643354415894"
"Val","0","0.00006878346903249621","-0.20662307739257812","0.981050968170166","-1.1876740455627441","-0.12169669568538666","0.9681779146194458","-1.0898746252059937"
"Val","0","0.00011386520054657012","-0.1593358814716339","0.9923043251037598","-1.1516401767730713","-0.0697079673409462","0.9828411936759949","-1.052549123764038"
"Val","0","0.00008204949699575081","-0.19079795479774475","0.9932375550270081","-1.1840355396270752","-0.10329389572143555","0.9810305833816528","-1.0843244791030884"
"Val","0","0.00007407228986267","-0.22021590173244476","0.9896264672279358","-1.209842324256897","-0.13152796030044556","0.976845383644104","-1.1083734035491943"
"Val","0","0.00011893349437741563","-0.15826338529586792","0.9841272830963135","-1.1423907279968262","-0.07263559848070145","0.974122166633606","-1.0467578172683716"
"Val","0","0.000032359286706196144","-0.30198878049850464","0.9830242991447449","-1.2850130796432495","-0.21458134055137634","0.9655671119689941","-1.1801484823226929"
"Val","0","0.00006935265992069617","-0.21066373586654663","0.9929504990577698","-1.2036142349243164","-0.12318287789821625","0.9799314737319946","-1.103114366531372"
"Val","0","0.000026968531528837048","-0.3270338773727417","0.9772101640701294","-1.304244041442871","-0.2401788830757141","0.9583868980407715","-1.1985657215118408"
"Val","0","0.00003695106352097355","-0.28240618109703064","0.9858548045158386","-1.2682609558105469","-0.19524486362934113","0.9692180156707764","-1.164462924003601"
"Val","0","0.0001334385888185352","-0.14812085032463074","0.9862529039382935","-1.1343737840652466","-0.058560922741889954","0.977342963218689","-1.0359039306640625"
"Val","0","0.00950654223561287","0.1984570026397705","0.8729866743087769","-0.6745296716690063","0.2772212624549866","0.8814551830291748","-0.6042339205741882"
"Val","0","0.00004859876571572386","-0.25343847274780273","0.9894140958786011","-1.2428525686264038","-0.16533051431179047","0.9743700623512268","-1.1397005319595337"
"Val","0","0.00011963472934439778","-0.15297335386276245","0.985621988773346","-1.1385953426361084","-0.06728081405162811","0.9762422442436218","-1.0435230731964111"
"Val","0","0.000036845955037279055","-0.29779061675071716","0.9816798567771912","-1.279470443725586","-0.2104395627975464","0.9642978310585022","-1.1747374534606934"
"Val","0","0.000029222561352071352","-0.31753009557724","0.9788750410079956","-1.2964050769805908","-0.23061808943748474","0.9605590105056763","-1.1911771297454834"
"Val","0","0.000035110904718749225","-0.30429792404174805","0.9850234985351562","-1.2893214225769043","-0.21499992907047272","0.9681131839752197","-1.1831130981445312"
"Val","0","0.00012078086729161441","-0.15918277204036713","0.9869673848152161","-1.1461501121520996","-0.07031211256980896","0.9772754311561584","-1.047587513923645"
"Val","0","0.00003521412145346403","-0.2825852930545807","0.9851697683334351","-1.2677550315856934","-0.1956094354391098","0.9684337377548218","-1.1640431880950928"
"Val","0","0.0000446263984485995","-0.2650315761566162","0.989766538143158","-1.254798173904419","-0.1760663092136383","0.974261999130249","-1.150328278541565"
"Val","0","0.000029590795747935772","-0.3190673291683197","0.9811831712722778","-1.30025053024292","-0.23095491528511047","0.9631191492080688","-1.194074034690857"
"Val","0","0.000051087485189782456","-0.24293626844882965","0.991186797618866","-1.2341231107711792","-0.15390899777412415","0.9768237471580505","-1.130732774734497"
"Val","0","0.00003217846096958965","-0.30419421195983887","0.9814139604568481","-1.285608172416687","-0.21710725128650665","0.9634673595428467","-1.180574655532837"
"Val","0","0.00003921952884411439","-0.2833588719367981","0.9873183369636536","-1.2706772089004517","-0.1952318400144577","0.9709094762802124","-1.1661412715911865"
"Val","0","0.00006299574306467548","-0.22201159596443176","0.9921983480453491","-1.2142099142074585","-0.13353331387043","0.9789295196533203","-1.1124628782272339"
"Val","0","0.000038536836655111983","-0.27451765537261963","0.9828392863273621","-1.257356882095337","-0.18833310902118683","0.9663098454475403","-1.154642939567566"
"Val","0","0.00004264787639840506","-0.26648053526878357","0.9898959994316101","-1.2563765048980713","-0.1784611940383911","0.9739549160003662","-1.1524161100387573"
"Val","0","0.000030466180760413408","-0.34941980242729187","0.9723855257034302","-1.3218053579330444","-0.26225608587265015","0.9535443782806396","-1.2158005237579346"
"Val","0","0.0000319234277412761","-0.29854172468185425","0.9811255931854248","-1.2796673774719238","-0.21220384538173676","0.9635229110717773","-1.1757267713546753"
"Val","0","0.000029297285436769016","-0.33031293749809265","0.9763916730880737","-1.3067046403884888","-0.24231722950935364","0.9578182101249695","-1.2001354694366455"
"Val","0","0.00027254619635641575","-0.10082586109638214","0.9817166328430176","-1.0825425386428833","-0.01203581690788269","0.9757410287857056","-0.9877768754959106"
"Val","0","0.000053252220823196694","-0.25822481513023376","0.9883925318717957","-1.246617317199707","-0.16947191953659058","0.9737144708633423","-1.143186330795288"
"Val","0","0.00003181098509230651","-0.30699118971824646","0.9820468425750732","-1.289038062095642","-0.21906793117523193","0.9642696380615234","-1.1833375692367554"
"Val","0","0.000035115794162265956","-0.2861018180847168","0.9871728420257568","-1.2732746601104736","-0.19828319549560547","0.9702671766281128","-1.1685503721237183"
"Val","0","0.00004426274972502142","-0.262214332818985","0.9883293509483337","-1.2505437135696411","-0.17509248852729797","0.9728968143463135","-1.147989273071289"
"Val","0","0.00005467549999593757","-0.2379814088344574","0.990617573261261","-1.228598952293396","-0.15055908262729645","0.9762584567070007","-1.1268175840377808"
"Val","0","0.000038174250221345574","-0.281868040561676","0.9841440916061401","-1.266012191772461","-0.19492915272712708","0.9674088954925537","-1.1623380184173584"
"Val","0","0.000028492117053247057","-0.32051196694374084","0.9778786897659302","-1.2983906269073486","-0.23274077475070953","0.9595434665679932","-1.1922842264175415"
"Val","0","0.000047569741582265124","-0.2464086413383484","0.9906017780303955","-1.2370104789733887","-0.1584061086177826","0.9759609699249268","-1.1343671083450317"
"Val","0","0.0001578668161528185","-0.14162229001522064","0.9786643981933594","-1.1202867031097412","-0.053899530321359634","0.970757007598877","-1.0246565341949463"
"Val","0","0.000043536423618206754","-0.2559889256954193","0.988679051399231","-1.2446680068969727","-0.16872873902320862","0.972805917263031","-1.141534686088562"
"Val","0","0.0000968973763519898","-0.18328429758548737","0.9902687072753906","-1.1735529899597168","-0.09570126235485077","0.9790247678756714","-1.0747259855270386"
"Val","0","0.00004079832797287963","-0.2691988945007324","0.9879859089851379","-1.2571847438812256","-0.1824779212474823","0.9716142416000366","-1.1540921926498413"
"Val","0","0.000039236252632690594","-0.2895945906639099","0.9844769239425659","-1.274071455001831","-0.20032265782356262","0.9680666327476501","-1.1683893203735352"
"Val","0","0.00009624759695725515","-0.19800607860088348","0.9910798668861389","-1.1890859603881836","-0.11035837233066559","0.9801710844039917","-1.090529441833496"
"Val","0","0.00003806606036960147","-0.2766718864440918","0.9856295585632324","-1.2623014450073242","-0.1891210377216339","0.9690030217170715","-1.1581240892410278"
"Val","0","0.000052286512072896585","-0.24434763193130493","0.9807742834091187","-1.2251219749450684","-0.1594649851322174","0.9657420516014099","-1.1252070665359497"
"Val","0","0.00010809531522681937","-0.17134025692939758","0.9873507618904114","-1.1586910486221313","-0.08190876990556717","0.9766489267349243","-1.0585577487945557"
"Val","0","0.000041260296711698174","-0.28163599967956543","0.9839692115783691","-1.2656052112579346","-0.19379840791225433","0.9679300785064697","-1.1617285013198853"
"Val","0","0.0000745426514185965","-0.201003298163414","0.9902134537696838","-1.1912167072296143","-0.11330090463161469","0.9779662489891052","-1.0912671089172363"
"Val","0","0.00004986937710782513","-0.2647712826728821","0.983809232711792","-1.2485804557800293","-0.17684346437454224","0.9691895246505737","-1.1460330486297607"
"Val","0","0.0000354155054083094","-0.29745885729789734","0.9807233810424805","-1.2781822681427002","-0.20970922708511353","0.963519811630249","-1.1732289791107178"
"Val","0","0.0000318534548569005","-0.3162901699542999","0.9780110716819763","-1.2943012714385986","-0.22966167330741882","0.9600474834442139","-1.189709186553955"
"Val","0","0.00005018683077651076","-0.24779313802719116","0.9885841608047485","-1.236377239227295","-0.1602427214384079","0.973312258720398","-1.1335549354553223"
"Val","0","0.000036752750020241365","-0.2863439917564392","0.9844331741333008","-1.2707772254943848","-0.19885917007923126","0.9673852920532227","-1.1662445068359375"
"Val","0","0.000056009768741205335","-0.23836499452590942","0.9906319379806519","-1.228996992111206","-0.15122610330581665","0.9763435125350952","-1.1275696754455566"
"Val","0","0.00010909022967098281","-0.1687527298927307","0.9929032325744629","-1.1616559028625488","-0.08048000931739807","0.9822720289230347","-1.0627520084381104"
"Val","0","0.0010768447536975145","0.028179191052913666","0.9477701187133789","-0.919590950012207","0.11475801467895508","0.9474124908447266","-0.8326544761657715"
"Val","0","0.000037619323848048225","-0.2872575521469116","0.9836225509643555","-1.270880103111267","-0.19921213388442993","0.9671343564987183","-1.166346549987793"
"Val","0","0.0000793330546002835","-0.19889268279075623","0.9907380938529968","-1.1896307468414307","-0.11020097136497498","0.9793106913566589","-1.0895116329193115"
"Val","0","0.00009789381874725223","-0.18121230602264404","0.9900957345962524","-1.1713080406188965","-0.09225999563932419","0.9792011976242065","-1.0714612007141113"
"Val","0","0.00005682429036824033","-0.24034547805786133","0.9890943169593811","-1.2294397354125977","-0.15092942118644714","0.9750785827636719","-1.1260080337524414"
"Val","0","0.00013077491894364357","-0.16224196553230286","0.9817214012145996","-1.14396333694458","-0.07659503817558289","0.9715898036956787","-1.048184871673584"
"Val","0","0.00003709652810357511","-0.298784464597702","0.984704315662384","-1.2834887504577637","-0.21079421043395996","0.9676456451416016","-1.1784398555755615"
"Val","0","0.00008053219062276185","-0.20444661378860474","0.9865401387214661","-1.1909867525100708","-0.11497712880373001","0.9748470783233643","-1.0898241996765137"
"Val","0","0.000029227245249785483","-0.3113780617713928","0.9805102944374084","-1.2918883562088013","-0.22464002668857574","0.9622379541397095","-1.186877965927124"
"Val","0","0.00004485696990741417","-0.25720512866973877","0.9887001514434814","-1.2459052801132202","-0.16925805807113647","0.9730883836746216","-1.1423463821411133"
"Val","0","0.00004276043182471767","-0.2804131805896759","0.9842542409896851","-1.2646673917770386","-0.1935829520225525","0.9677428007125854","-1.1613256931304932"
"Val","0","0.0001473560114391148","-0.15667963027954102","0.987368643283844","-1.1440482139587402","-0.06810994446277618","0.978014349937439","-1.0461243391036987"
"Val","0","0.00003709447628352791","-0.2995847165584564","0.9828338027000427","-1.2824184894561768","-0.21213608980178833","0.9653900861740112","-1.1775262355804443"
"Val","0","0.000059790290833916515","-0.24544022977352142","0.9840542078018188","-1.2294944524765015","-0.15617959201335907","0.9705057144165039","-1.1266852617263794"
"Val","0","0.000049691403546603397","-0.2526107728481293","0.9887986183166504","-1.241409420967102","-0.16422012448310852","0.973688006401062","-1.1379081010818481"
"Val","0","0.00007843227649573237","-0.20464015007019043","0.9875514507293701","-1.1921916007995605","-0.11704529821872711","0.9749572277069092","-1.092002511024475"
"Val","0","0.00008035874634515494","-0.19254259765148163","0.9833799004554749","-1.1759225130081177","-0.10634879767894745","0.9711272716522217","-1.0774760246276855"
"Val","0","0.00003027574894076679","-0.29965078830718994","0.9821834564208984","-1.2818342447280884","-0.21306467056274414","0.9643650054931641","-1.1774296760559082"
"Val","0","0.000039657112210989","-0.27958279848098755","0.9865313768386841","-1.2661142349243164","-0.19079214334487915","0.9705784916877747","-1.1613706350326538"
"Val","0","0.00003416492108954117","-0.2907309830188751","0.9849153161048889","-1.2756463289260864","-0.20305077731609344","0.9679049253463745","-1.1709556579589844"
"Val","0","0.00003848061533062719","-0.2776145935058594","0.9841555953025818","-1.261770248413086","-0.18992069363594055","0.967743992805481","-1.1576646566390991"
"Val","0","0.000051114580855937675","-0.24139279127120972","0.9883593916893005","-1.2297521829605103","-0.15398496389389038","0.973406195640564","-1.1273910999298096"
"Val","0","0.00003064311022171751","-0.31479597091674805","0.9797356128692627","-1.2945315837860107","-0.2271631956100464","0.9620624780654907","-1.189225673675537"
"Val","0","0.00006057989958208054","-0.24688105285167694","0.9850835204124451","-1.2319645881652832","-0.15948155522346497","0.9712972640991211","-1.1307787895202637"
"Val","0","0.0005254240822978318","-0.05330342799425125","0.9607003927230835","-1.014003872871399","0.03574199974536896","0.9575326442718506","-0.9217906594276428"
"Val","0","0.00004118948709219694","-0.28377556800842285","0.982053279876709","-1.2658288478851318","-0.19574442505836487","0.966227114200592","-1.1619715690612793"
"Val","0","0.00007781765452818945","-0.2167290449142456","0.9874448776245117","-1.2041739225387573","-0.12840750813484192","0.9757958650588989","-1.1042033433914185"
"Val","0","0.0000396661926060915","-0.2795863151550293","0.9867550730705261","-1.2663414478302002","-0.19145160913467407","0.9708175659179688","-1.162269115447998"
"Val","0","0.000043046507926192135","-0.27251166105270386","0.9853177666664124","-1.2578294277191162","-0.18404026329517365","0.9694197177886963","-1.1534600257873535"
"Val","0","0.00005562704973272048","-0.23297354578971863","0.9891936182975769","-1.2221671342849731","-0.1449882686138153","0.9750487804412842","-1.1200370788574219"
"Val","0","0.00006996925367275253","-0.2166748344898224","0.9900510311126709","-1.206725835800171","-0.12941232323646545","0.9772707223892212","-1.1066830158233643"
"Val","0","0.000055392123613273725","-0.22033444046974182","0.994672417640686","-1.2150068283081055","-0.13242167234420776","0.9808701872825623","-1.11329185962677"
"Val","0","0.00004826797521673143","-0.25938189029693604","0.988892674446106","-1.248274564743042","-0.17042137682437897","0.9741529226303101","-1.1445742845535278"
"Val","0","0.00004829901081393473","-0.25352874398231506","0.9897644519805908","-1.2432931661605835","-0.16554534435272217","0.9748197793960571","-1.1403651237487793"
"Val","0","0.00003713008118211292","-0.27289196848869324","0.9880143404006958","-1.2609063386917114","-0.18497857451438904","0.9721324443817139","-1.1571110486984253"
"Val","0","0.000029864735552109778","-0.32381582260131836","0.9774394631385803","-1.301255226135254","-0.23623108863830566","0.9590749740600586","-1.1953060626983643"
"Val","0","0.0002986321924254298","-0.08069849014282227","0.9743918180465698","-1.055090308189392","0.00648084282875061","0.9686776995658875","-0.9621968269348145"
"Val","0","0.000045762462832499295","-0.26530423760414124","0.9901590347290039","-1.2554632425308228","-0.1774052083492279","0.9748193621635437","-1.1522245407104492"
"Val","0","0.00021223232033662498","-0.13581311702728271","0.980164647102356","-1.1159777641296387","-0.047088176012039185","0.9724128842353821","-1.0195010900497437"
"Val","0","0.00003497682700981386","-0.2903956174850464","0.9852145910263062","-1.2756102085113525","-0.2023615837097168","0.9684433937072754","-1.1708049774169922"
"Val","0","0.00011140464630443603","-0.16255950927734375","0.9930269718170166","-1.1555864810943604","-0.0749102532863617","0.9826520085334778","-1.057562232017517"
"Val","0","0.00003760150502785109","-0.293834924697876","0.9820645451545715","-1.2758994102478027","-0.20600178837776184","0.9657678604125977","-1.171769618988037"
"Val","0","0.00004080062353750691","-0.2647812068462372","0.9874470829963684","-1.2522282600402832","-0.17711241543293","0.971291184425354","-1.1484036445617676"
"Val","0","0.00003063101394218393","-0.3124973773956299","0.9797667860984802","-1.2922642230987549","-0.2253131866455078","0.9617795944213867","-1.1870927810668945"
"Val","0","0.000033623648050706834","-0.2863008975982666","0.9870490431785583","-1.2733500003814697","-0.1993340253829956","0.970001757144928","-1.1693358421325684"
"Val","0","0.00005570944267674349","-0.24459193646907806","0.9885762929916382","-1.2331682443618774","-0.15698692202568054","0.9740427732467651","-1.131029725074768"
"Val","0","0.00005342801523511298","-0.2508183717727661","0.989930272102356","-1.240748643875122","-0.1637910157442093","0.9758148789405823","-1.1396058797836304"
"Val","0","0.00004344535045675002","-0.2562099099159241","0.9894243478775024","-1.2456343173980713","-0.16920927166938782","0.9741145372390747","-1.1433237791061401"
"Val","0","0.000054022522817831486","-0.26795393228530884","0.9824144840240479","-1.250368356704712","-0.17834186553955078","0.967968225479126","-1.1463100910186768"
"Val","0","0.000262306333752349","-0.07904000580310822","0.9791863560676575","-1.0582263469696045","0.006743267178535461","0.9725675582885742","-0.9658243060112"
"Val","0","0.0003430853539612144","-0.07360412180423737","0.9740363359451294","-1.0476404428482056","0.014958012849092484","0.9685329794883728","-0.9535749554634094"
"Val","0","0.000030886501917848364","-0.30899322032928467","0.9789587259292603","-1.287951946258545","-0.22178208827972412","0.9608821868896484","-1.1826642751693726"
"Val","0","0.00009274664625991136","-0.16950370371341705","0.9946318864822388","-1.1641355752944946","-0.0818835124373436","0.9838128089904785","-1.065696358680725"
"Val","0","0.00013172205945011228","-0.1465824842453003","0.9874162673950195","-1.1339987516403198","-0.059474628418684006","0.9776866436004639","-1.0371612310409546"
"Val","0","0.00006194531306391582","-0.22671160101890564","0.9908245801925659","-1.217536211013794","-0.13941824436187744","0.9767639636993408","-1.1161822080612183"
"Val","0","0.00007124052353901789","-0.19587764143943787","0.9894098043441772","-1.1852874755859375","-0.10966800153255463","0.9769240617752075","-1.0865920782089233"
"Val","0","0.00006805708108004183","-0.21065784990787506","0.9930806756019592","-1.2037385702133179","-0.1227169781923294","0.9805765151977539","-1.103293538093567"
"Val","0","0.000032584412110736594","-0.3043442368507385","0.9814165830612183","-1.2857608795166016","-0.21708381175994873","0.9638271927833557","-1.1809110641479492"
"Val","0","0.00007004447979852557","-0.21498429775238037","0.9860882759094238","-1.2010725736618042","-0.12966160476207733","0.9724454879760742","-1.102107048034668"
"Val","0","0.00003914842091035098","-0.2740417718887329","0.9880367517471313","-1.2620785236358643","-0.18599887192249298","0.971982479095459","-1.1579813957214355"
"Val","0","0.000038687732740072533","-0.28073737025260925","0.9853294491767883","-1.2660667896270752","-0.19371962547302246","0.9687042832374573","-1.162423849105835"
"Val","0","0.000049630125431576744","-0.2421647012233734","0.9930932521820068","-1.2352579832077026","-0.1537090390920639","0.9785053730010986","-1.1322144269943237"
"Val","0","0.00005999613495077938","-0.22908146679401398","0.9896195530891418","-1.2187010049819946","-0.14178381860256195","0.9765669703483582","-1.1183507442474365"
"Val","0","0.00009524291817797348","-0.17602166533470154","0.9908181428909302","-1.166839838027954","-0.0875692069530487","0.9798381924629211","-1.0674073696136475"
"Val","0","0.00008354884630534798","-0.1976328194141388","0.9900274276733398","-1.1876602172851562","-0.10919876396656036","0.9781440496444702","-1.0873428583145142"
"Val","0","0.0001526848936919123","-0.13851480185985565","0.9875673651695251","-1.126082181930542","-0.051018454134464264","0.979033350944519","-1.030051827430725"
"Val","0","0.000027877536922460422","-0.3270987272262573","0.9771244525909424","-1.3042231798171997","-0.2397206872701645","0.9586787223815918","-1.1983994245529175"
"Val","0","0.00003695902705658227","-0.28992730379104614","0.9799776077270508","-1.2699048519134521","-0.204282745718956","0.9626566171646118","-1.166939377784729"
"Val","0","0.000077648954174947","-0.20477035641670227","0.9833754301071167","-1.1881457567214966","-0.11768010258674622","0.9710229635238647","-1.0887030363082886"
"Val","0","0.00006154945731395856","-0.20926319062709808","0.9888870716094971","-1.1981502771377563","-0.12214845418930054","0.9755557775497437","-1.0977041721343994"
"Val","0","0.00006966299406485632","-0.2098407745361328","0.9929656982421875","-1.2028064727783203","-0.12067197263240814","0.9809264540672302","-1.1015983819961548"
"Val","0","0.000037357283872552216","-0.2792738974094391","0.9864254593849182","-1.2656993865966797","-0.19217756390571594","0.9699255228042603","-1.1621030569076538"
"Val","0","0.00003919384107575752","-0.26944106817245483","0.9899556636810303","-1.2593967914581299","-0.1817282885313034","0.9742104411125183","-1.155938744544983"
"Val","0","0.000039947826735442504","-0.28385913372039795","0.9854363203048706","-1.2692954540252686","-0.19573575258255005","0.9690812826156616","-1.1648170948028564"
"Val","0","0.00004532459570327774","-0.264804482460022","0.985054612159729","-1.249859094619751","-0.17716717720031738","0.9696511030197144","-1.1468182802200317"
"Val","0","0.000030502869776682928","-0.3202492594718933","0.9779021143913269","-1.2981513738632202","-0.23338070511817932","0.9595562219619751","-1.192936897277832"
"Val","0","0.00005261759361019358","-0.24783605337142944","0.9862123131752014","-1.2340483665466309","-0.16088494658470154","0.9707508683204651","-1.1316357851028442"
"Val","0","0.0014177265111356974","0.03627284616231918","0.9430307149887085","-0.9067578911781311","0.12256896495819092","0.943604588508606","-0.821035623550415"
"Val","0","0.000060387770645320415","-0.22634650766849518","0.9903233051300049","-1.2166697978973389","-0.13961198925971985","0.9767041206359863","-1.1163160800933838"
"Val","0","0.00004955979602527805","-0.2658745050430298","0.9859085083007812","-1.251783013343811","-0.17863254249095917","0.9707890748977661","-1.1494215726852417"
"Val","0","0.00005170183794689365","-0.2447088360786438","0.9901875257492065","-1.2348964214324951","-0.1557271033525467","0.9759206771850586","-1.1316478252410889"
"Val","0","0.00005322642391547561","-0.23688319325447083","0.989727258682251","-1.2266104221343994","-0.15008696913719177","0.9746747016906738","-1.124761700630188"
"Val","0","0.000059392390539869666","-0.23030558228492737","0.9927574992179871","-1.2230631113052368","-0.14181438088417053","0.9790667295455933","-1.1208810806274414"
"Val","0","0.000056662287533981726","-0.23526233434677124","0.9918525218963623","-1.2271149158477783","-0.1462598294019699","0.9780632853507996","-1.1243231296539307"
"Val","0","0.000029871345759602264","-0.3088235855102539","0.979819655418396","-1.28864324092865","-0.22215025126934052","0.9617307782173157","-1.1838810443878174"
"Val","0","0.00003389928679098375","-0.29781562089920044","0.9838129281997681","-1.2816286087036133","-0.21033038198947906","0.9665728807449341","-1.176903247833252"
"Val","0","0.000029952987461001612","-0.3276030421257019","0.9775950312614441","-1.305198073387146","-0.2396312803030014","0.959260106086731","-1.1988914012908936"
"Val","0","0.0000440126059402246","-0.2547476291656494","0.9885130524635315","-1.2432606220245361","-0.1673852503299713","0.9731895923614502","-1.1405748128890991"
"Val","0","0.000055354947107844055","-0.24503043293952942","0.9901794195175171","-1.2352098226547241","-0.15774641931056976","0.9759650230407715","-1.1337114572525024"
"Val","0","0.00003991031917394139","-0.27872979640960693","0.9844813346862793","-1.2632111310958862","-0.19117438793182373","0.9678510427474976","-1.1590254306793213"
"Val","0","0.00003531022593961097","-0.302860289812088","0.9833598136901855","-1.2862200736999512","-0.21532022953033447","0.966128945350647","-1.1814491748809814"
"Val","0","0.000035478718928061426","-0.3017471432685852","0.9817758798599243","-1.2835230827331543","-0.21478663384914398","0.9641491174697876","-1.1789357662200928"
"Val","0","0.000029385006200755015","-0.31828558444976807","0.9785926342010498","-1.2968782186508179","-0.2309216409921646","0.9601926803588867","-1.1911143064498901"
"Val","0","0.000053068451961735263","-0.2400369644165039","0.9917261600494385","-1.2317631244659424","-0.15106627345085144","0.977762758731842","-1.128829002380371"
"Val","0","0.000046142486098688096","-0.2601771652698517","0.9917235970497131","-1.2519007921218872","-0.1711946427822113","0.9766238927841187","-1.1478185653686523"
"Val","0","0.00003776224184548482","-0.29299092292785645","0.9837514758110046","-1.2767424583435059","-0.20557641983032227","0.9669013619422913","-1.1724777221679688"
"Val","0","0.00005552931907004677","-0.22787466645240784","0.9879387617111206","-1.215813398361206","-0.1412268579006195","0.9735966324806213","-1.1148234605789185"
"Val","0","0.000032685995392967016","-0.3182384967803955","0.9791688919067383","-1.2974073886871338","-0.23030009865760803","0.9612478613853455","-1.1915479898452759"
"Val","0","0.00005019611489842646","-0.24176138639450073","0.991338849067688","-1.233100175857544","-0.15419091284275055","0.9765679240226746","-1.1307588815689087"
"Val","0","0.00025233562337234616","-0.0974191352725029","0.9791122674942017","-1.0765314102172852","-0.008945729583501816","0.9718957543373108","-0.9808414578437805"
"Val","0","0.000055244105169549584","-0.22928890585899353","0.9934733510017395","-1.2227622270584106","-0.14183099567890167","0.9794578552246094","-1.1212888956069946"
"Val","0","0.000040100196201819927","-0.26944902539253235","0.9885063171386719","-1.2579553127288818","-0.1812237948179245","0.9726467132568359","-1.1538704633712769"
"Val","0","0.000029398712285910733","-0.31980013847351074","0.9791584014892578","-1.2989585399627686","-0.23285913467407227","0.9607452154159546","-1.1936043500900269"
"Val","0","0.00007858314347686246","-0.1943245530128479","0.9928721189498901","-1.1871967315673828","-0.10746874660253525","0.9806850552558899","-1.0881538391113281"
"Val","0","0.00003771254341700114","-0.2782306373119354","0.9848127365112305","-1.2630434036254883","-0.1921408325433731","0.967869758605957","-1.160010576248169"
"Val","0","0.0000675703922752291","-0.22841018438339233","0.992121696472168","-1.220531940460205","-0.1393127590417862","0.9785564541816711","-1.117869257926941"
"Val","0","0.00007908229599706829","-0.19796204566955566","0.9868192076683044","-1.1847813129425049","-0.11190640181303024","0.9743571877479553","-1.0862635374069214"
"Val","0","0.00005581462392001413","-0.2332167774438858","0.9849869012832642","-1.2182036638259888","-0.14726735651493073","0.970787525177002","-1.1180548667907715"
"Val","0","0.00003792974166572094","-0.28942152857780457","0.9845595955848694","-1.2739810943603516","-0.20154167711734772","0.9678510427474976","-1.169392704963684"
"Val","0","0.00006622843648074195","-0.2224905639886856","0.9889993667602539","-1.2114899158477783","-0.1359710395336151","0.974988579750061","-1.1109596490859985"
"Val","0","0.00004242420254740864","-0.2643381953239441","0.9846053123474121","-1.248943567276001","-0.17746585607528687","0.9690002799034119","-1.1464661359786987"
"Val","0","0.00004795251152245328","-0.25794386863708496","0.9907952547073364","-1.2487391233444214","-0.16923846304416656","0.9760366082191467","-1.1452751159667969"
"Val","0","0.00011087518942076713","-0.16468021273612976","0.9885794520378113","-1.1532596349716187","-0.0778060033917427","0.9787523150444031","-1.05655837059021"
"Val","0","0.00004704053935711272","-0.2885526120662689","0.9826388955116272","-1.2711914777755737","-0.20088709890842438","0.9665126800537109","-1.1673997640609741"
"Val","0","0.0000971292975009419","-0.1755848526954651","0.988289475440979","-1.1638743877410889","-0.08761802315711975","0.9772972464561462","-1.0649152994155884"
"Val","0","0.000034420230804244056","-0.2984813153743744","0.9842662811279297","-1.2827476263046265","-0.20972688496112823","0.9674409031867981","-1.1771677732467651"
"Val","0","0.00006093692718422972","-0.23335525393486023","0.9894115924835205","-1.2227668762207031","-0.14593389630317688","0.976107656955719","-1.1220415830612183"
"Val","0","0.000029042697860859334","-0.3154124319553375","0.9788206815719604","-1.2942330837249756","-0.22860953211784363","0.9603205919265747","-1.1889301538467407"
"Val","0","0.00006962587212910876","-0.21378490328788757","0.9854156970977783","-1.1992006301879883","-0.1265667825937271","0.9727702736854553","-1.099337100982666"
"Val","0","0.00015420140698552132","-0.13579395413398743","0.9904622435569763","-1.1262562274932861","-0.04645589739084244","0.9822882413864136","-1.028744101524353"
"Val","0","0.00012668906128965318","-0.14136484265327454","0.9887223243713379","-1.13008713722229","-0.05265351012349129","0.9794758558273315","-1.0321294069290161"
"Val","0","0.0000913467665668577","-0.18905529379844666","0.9877579808235168","-1.1768132448196411","-0.10074655711650848","0.976384162902832","-1.077130675315857"
"Val","0","0.00023753063578624278","-0.09784692525863647","0.9832502603530884","-1.08109712600708","-0.010482527315616608","0.9765336513519287","-0.9870162010192871"
"Val","0","0.00006005635077599436","-0.2341577410697937","0.9871902465820312","-1.2213480472564697","-0.14678309857845306","0.9737682342529297","-1.120551347732544"
"Val","0","0.00006053889592294581","-0.23942309617996216","0.9887751340866089","-1.2281982898712158","-0.1501442790031433","0.9752053022384644","-1.125349521636963"
"Val","0","0.00006588939140783623","-0.22562870383262634","0.9825449585914612","-1.2081736326217651","-0.14058883488178253","0.9683467745780945","-1.1089355945587158"
"Val","0","0.000054908225138206035","-0.24762935936450958","0.9866549372673035","-1.2342842817306519","-0.15961939096450806","0.9723007082939148","-1.1319200992584229"
"Val","0","0.000031558858609059826","-0.31106626987457275","0.9807178974151611","-1.2917841672897339","-0.22367137670516968","0.9629067778587341","-1.1865781545639038"
"Val","0","0.00005081617200630717","-0.2417835146188736","0.9900853037834167","-1.231868863105774","-0.15335588157176971","0.9754987955093384","-1.1288546323776245"
"Val","0","0.000211392980418168","-0.10191398859024048","0.988392174243927","-1.0903061628341675","-0.013180069625377655","0.9811269044876099","-0.9943069815635681"
"Val","0","0.00007924837700556964","-0.20004090666770935","0.9911718368530273","-1.191212773323059","-0.11367523670196533","0.9785175323486328","-1.0921927690505981"
"Val","0","0.00007210133480839431","-0.2295401394367218","0.9883623719215393","-1.2179025411605835","-0.13940078020095825","0.97597336769104","-1.1153740882873535"
"Val","0","0.0021565372589975595","0.07670119404792786","0.9238524436950684","-0.8471512794494629","0.16179080307483673","0.9263952374458313","-0.7646044492721558"
"Val","0","0.0000629175701760687","-0.21959370374679565","0.9907841682434082","-1.2103779315948486","-0.13205838203430176","0.9773259162902832","-1.109384298324585"
"Val","0","0.00006125013169366866","-0.2262350171804428","0.9938468337059021","-1.2200818061828613","-0.13729314506053925","0.9803131818771362","-1.117606282234192"
"Val","0","0.000029037686545052566","-0.3208411633968353","0.9776073694229126","-1.2984485626220703","-0.2334313988685608","0.9591485857963562","-1.192579984664917"
"Val","0","0.00013711176870856434","-0.1521555483341217","0.9768123626708984","-1.1289678812026978","-0.06699535250663757","0.9673824906349182","-1.0343778133392334"
"Val","0","0.0000602415093453601","-0.2398732304573059","0.9875659942626953","-1.2274391651153564","-0.15097147226333618","0.9735012054443359","-1.1244726181030273"
"Val","0","0.00004901000647805631","-0.25664299726486206","0.9903455972671509","-1.2469885349273682","-0.16893376410007477","0.9754370450973511","-1.1443707942962646"
"Val","0","0.001583977835252881","0.04885680601000786","0.932781457901001","-0.883924663066864","0.1344262957572937","0.9353057146072388","-0.8008794188499451"
"Val","0","0.00003518397352308966","-0.291015088558197","0.9819484353065491","-1.272963523864746","-0.20324602723121643","0.9649612307548523","-1.1682072877883911"
"Val","0","0.000041785788198467344","-0.2602265775203705","0.9912683963775635","-1.2514950037002563","-0.17244413495063782","0.9759292602539062","-1.1483733654022217"
"Val","0","0.00010670903429854661","-0.1662173569202423","0.9835398197174072","-1.1497571468353271","-0.0809236392378807","0.9724351763725281","-1.053358793258667"
"Val","0","0.00004678406912717037","-0.2534460723400116","0.9868353605270386","-1.2402814626693726","-0.1672186553478241","0.971503734588623","-1.1387224197387695"
"Val","0","0.00035919022047892213","-0.0769987404346466","0.9715301990509033","-1.0485289096832275","0.009927626699209213","0.9655389189720154","-0.9556112885475159"
"Val","0","0.00003531062975525856","-0.2851752042770386","0.9851864576339722","-1.2703616619110107","-0.19749727845191956","0.968231201171875","-1.1657284498214722"
"Val","0","0.000055367941968142986","-0.22403918206691742","0.9881544709205627","-1.2121936082839966","-0.1377079039812088","0.9738545417785645","-1.1115624904632568"
"Val","0","0.00006316091457847506","-0.2264334261417389","0.9906998872756958","-1.2171332836151123","-0.13822080194950104","0.9765844941139221","-1.1148053407669067"
"Val","0","0.000051199029257986695","-0.24698752164840698","0.9906172752380371","-1.2376048564910889","-0.15854808688163757","0.9765381813049316","-1.1350862979888916"
"Val","0","0.0000329564863932319","-0.3041594624519348","0.980055570602417","-1.284214973449707","-0.21700948476791382","0.962557315826416","-1.1795668601989746"
"Val","0","0.000073694929596968","-0.21276450157165527","0.9908525943756104","-1.2036170959472656","-0.12554608285427094","0.9786771535873413","-1.1042232513427734"
"Val","0","0.00015472309314645827","-0.12574000656604767","0.9805927872657776","-1.106332778930664","-0.038599275052547455","0.9720242023468018","-1.0106234550476074"
"Val","0","0.00006302578549366444","-0.2173508107662201","0.9920406341552734","-1.209391474723816","-0.1291593760251999","0.9789031744003296","-1.108062505722046"
"Val","0","0.0000329531540046446","-0.29606539011001587","0.984748363494873","-1.2808136940002441","-0.20849958062171936","0.9673306941986084","-1.1758302450180054"
"Val","0","0.00008923506538849324","-0.1897774338722229","0.990322470664978","-1.1800999641418457","-0.10255031287670135","0.9786646962165833","-1.0812150239944458"
"Val","0","0.00007875898154452443","-0.20565611124038696","0.9885839223861694","-1.1942400932312012","-0.11861829459667206","0.9760441184043884","-1.0946624279022217"
"Val","0","0.000043547344830585644","-0.26407700777053833","0.9864124059677124","-1.2504894733428955","-0.17600397765636444","0.9705784320831299","-1.1465823650360107"
"Val","0","0.000060342237702570856","-0.22615942358970642","0.9884937405586243","-1.2146531343460083","-0.13928432762622833","0.9748823642730713","-1.1141667366027832"
"Val","0","0.000047360263124573976","-0.25055932998657227","0.9910435676574707","-1.241602897644043","-0.16293591260910034","0.9758799076080322","-1.1388158798217773"
"Val","0","0.00011380354408174753","-0.16037824749946594","0.9820880889892578","-1.1424663066864014","-0.07545526325702667","0.9713543653488159","-1.0468096733093262"
"Val","0","0.000028222610126249492","-0.321792870759964","0.9810160398483276","-1.3028088808059692","-0.23419353365898132","0.9625207185745239","-1.1967142820358276"
"Val","0","0.000031477800803259015","-0.3068961799144745","0.9824063181877136","-1.2893024682998657","-0.21960467100143433","0.9647035598754883","-1.1843082904815674"
"Val","0","0.00005792145384475589","-0.22424784302711487","0.9917210340499878","-1.2159688472747803","-0.13692767918109894","0.9784305095672607","-1.1153582334518433"
"Val","0","0.00003695578561746515","-0.2842790186405182","0.9842181205749512","-1.268497109413147","-0.19742676615715027","0.9673182964324951","-1.1647450923919678"
"Val","0","0.00007280960562638938","-0.21130020916461945","0.9903055429458618","-1.2016057968139648","-0.12434004247188568","0.9781805276870728","-1.1025205850601196"
"Val","0","0.000032595780794508755","-0.3026837706565857","0.9839470386505127","-1.2866308689117432","-0.2149163782596588","0.9665992259979248","-1.1815155744552612"
"Val","0","0.00003213583477190696","-0.307431161403656","0.9811644554138184","-1.2885956764221191","-0.2196943610906601","0.9637452363967896","-1.1834396123886108"
"Val","0","0.000060058871895307675","-0.22100530564785004","0.9927715063095093","-1.2137768268585205","-0.1330963373184204","0.9788433909416199","-1.1119396686553955"
"Val","0","0.00004738149436889216","-0.24440649151802063","0.9881525635719299","-1.232559084892273","-0.15833193063735962","0.9727470874786377","-1.1310789585113525"
"Val","0","0.00006468972424045205","-0.2146196812391281","0.9909181594848633","-1.2055377960205078","-0.12679609656333923","0.9781447649002075","-1.1049408912658691"
"Val","0","0.0001318101421929896","-0.14628610014915466","0.991029679775238","-1.1373157501220703","-0.05716519057750702","0.9822618365287781","-1.0394270420074463"
"Val","0","0.00004446849197847769","-0.25860652327537537","0.9892845153808594","-1.2478910684585571","-0.17103709280490875","0.9739490151405334","-1.1449861526489258"
"Val","0","0.00018536638526711613","-0.12437303364276886","0.9853421449661255","-1.109715223312378","-0.03423789516091347","0.9779175519943237","-1.0121554136276245"
"Val","0","0.0000648301574983634","-0.21490603685379028","0.9866592288017273","-1.2015652656555176","-0.1281563639640808","0.9732601046562195","-1.1014164686203003"
"Val","0","0.00003093466511927545","-0.31859052181243896","0.9803840517997742","-1.2989745140075684","-0.22996190190315247","0.962543249130249","-1.192505121231079"
"Val","0","0.00007909865234978497","-0.20037966966629028","0.9907240867614746","-1.1911036968231201","-0.11157512664794922","0.9789090156555176","-1.0904841423034668"
"Val","0","0.000038434587622759864","-0.28351467847824097","0.9849191904067993","-1.2684338092803955","-0.1946154534816742","0.9686378240585327","-1.1632533073425293"
"Val","0","0.00004147944855503738","-0.27130812406539917","0.9858590960502625","-1.2571672201156616","-0.18439443409442902","0.9698267579078674","-1.1542211771011353"
"Val","0","0.00008655773854115978","-0.1859506070613861","0.9892366528511047","-1.1751872301101685","-0.09791961312294006","0.9772167205810547","-1.0751363039016724"
"Val","0","0.00015336177602875978","-0.13231772184371948","0.9847320318222046","-1.1170496940612793","-0.04579659551382065","0.9767023921012878","-1.0224989652633667"
"Val","0","0.000034274438803549856","-0.3096267282962799","0.9799599647521973","-1.2895866632461548","-0.2210264950990677","0.9627155065536499","-1.1837420463562012"
"Val","0","0.00011401360097806901","-0.16236014664173126","0.9886891841888428","-1.1510493755340576","-0.07399819791316986","0.978299617767334","-1.052297830581665"
"Val","0","0.000039338086935458705","-0.2838708758354187","0.9873294234275818","-1.2712002992630005","-0.19537745416164398","0.9708975553512573","-1.1662750244140625"
"Val","0","0.00005172851888346486","-0.25250476598739624","0.9891073703765869","-1.241612195968628","-0.1644555628299713","0.974658727645874","-1.139114260673523"
"Val","0","0.00004769320003106259","-0.2575226426124573","0.9899846315383911","-1.2475073337554932","-0.16958945989608765","0.9746878147125244","-1.1442773342132568"
"Val","0","0.00010992089664796367","-0.15830036997795105","0.9904828071594238","-1.1487832069396973","-0.0703977644443512","0.9799654483795166","-1.0503631830215454"
"Val","0","0.000036608944355975837","-0.2883521318435669","0.986457884311676","-1.2748100757598877","-0.20051464438438416","0.9696271419525146","-1.1701418161392212"
"Val","0","0.000052307063015177846","-0.23976579308509827","0.9913427829742432","-1.231108546257019","-0.1522495001554489","0.9770002365112305","-1.1292496919631958"
"Val","0","0.00002818710527208168","-0.32123082876205444","0.9781662821769714","-1.2993971109390259","-0.23473161458969116","0.9594281315803528","-1.194159746170044"
"Val","0","0.00003468379509286024","-0.29208147525787354","0.98477703332901","-1.2768585681915283","-0.20488958060741425","0.9678233861923218","-1.1727129220962524"
"Val","0","0.00005391979357227683","-0.2419416606426239","0.9880760908126831","-1.2300177812576294","-0.15578563511371613","0.9736993908882141","-1.129485011100769"
"Val","0","0.00003475912308203988","-0.2957635521888733","0.9845167398452759","-1.280280351638794","-0.20741137862205505","0.9679481387138367","-1.1753594875335693"
"Val","0","0.00005666066499543376","-0.22919400036334991","0.9835604429244995","-1.212754487991333","-0.14398224651813507","0.9690558314323425","-1.1130380630493164"
"Val","1","0.9997745156288147","0.9805978536605835","-0.09978219866752625","1.0803800821304321","0.9571861028671265","-0.06473267078399658","1.021918773651123"
"Val","1","0.9999669790267944","0.9825156927108765","-0.23380616307258606","1.2163218259811401","0.9396184682846069","-0.19897961616516113","1.138598084449768"
"Val","1","0.9999232292175293","0.9871124625205994","-0.17113228142261505","1.1582447290420532","0.9527932405471802","-0.13564978539943695","1.0884430408477783"
"Val","1","0.9972344040870667","0.9173910617828369","0.09710878878831863","0.8202822804450989","0.9171158075332642","0.13160255551338196","0.7855132818222046"
"Val","1","0.999934196472168","0.994107723236084","-0.18104250729084015","1.1751502752304077","0.9599466323852539","-0.14516769349575043","1.1051143407821655"
"Val","1","0.999909520149231","0.9900144934654236","-0.16395795345306396","1.1539723873138428","0.9578617811203003","-0.1282590925693512","1.086120843887329"
"Val","1","0.945658266544342","0.7943885922431946","0.31466275453567505","0.47972583770751953","0.8223593235015869","0.3449260890483856","0.4774332344532013"
"Val","1","0.003711494617164135","0.11203528940677643","0.9052721261978149","-0.7932368516921997","0.19379645586013794","0.9088109731674194","-0.7150145173072815"
"Val","1","0.9755891561508179","0.8250662684440613","0.22446610033512115","0.6006001830101013","0.8439706563949585","0.25646287202835083","0.5875077843666077"
"Val","1","0.9997790455818176","0.975972592830658","-0.10015573352575302","1.076128363609314","0.9507657885551453","-0.0651465356349945","1.0159122943878174"
"Val","1","0.9999293088912964","0.9896644353866577","-0.19137988984584808","1.181044340133667","0.9566028714179993","-0.1558762937784195","1.1124792098999023"
"Val","1","0.9993163347244263","0.9594864249229431","-0.025238730013370514","0.9847251772880554","0.9458128213882446","0.009848255664110184","0.9359645843505859"
"Val","1","0.9998329877853394","0.9728070497512817","-0.14382848143577576","1.1166355609893799","0.9444054365158081","-0.10846331715583801","1.0528687238693237"
"Val","1","0.9902925491333008","0.8642268180847168","0.17808398604393005","0.6861428022384644","0.8765896558761597","0.20966169238090515","0.6669279336929321"
"Val","1","0.9998420476913452","0.9717005491256714","-0.14853790402412415","1.1202384233474731","0.9445763826370239","-0.11300869286060333","1.0575851202011108"
"Val","1","0.9985072016716003","0.9366631507873535","0.04523394629359245","0.8914291858673096","0.9311091899871826","0.07993414998054504","0.85117506980896"
"Val","1","0.667365312576294","0.6308687925338745","0.5214004516601562","0.10946834087371826","0.679650068283081","0.5461928844451904","0.13345718383789062"
"Val","1","0.9990812540054321","0.9516395926475525","-0.01650380901992321","0.9681434035301208","0.941605806350708","0.018221847712993622","0.9233839511871338"
"Val","1","0.9999864101409912","0.970662534236908","-0.3202427625656128","1.290905237197876","0.9182384014129639","-0.285561203956604","1.2037996053695679"
"Val","1","0.06271069496870041","0.3693532347679138","0.765703558921814","-0.39635032415390015","0.440830260515213","0.7801470160484314","-0.3393167555332184"
"Val","1","0.9999574422836304","0.9789589643478394","-0.2188320904970169","1.1977910995483398","0.9379814863204956","-0.18362686038017273","1.1216083765029907"
"Val","1","0.8241152167320251","0.7014358639717102","0.447124719619751","0.25431114435195923","0.7427047491073608","0.4755905866622925","0.26711416244506836"
"Val","1","0.9999823570251465","0.974571704864502","-0.27078771591186523","1.2453594207763672","0.9270153045654297","-0.23624882102012634","1.1632641553878784"
"Val","1","0.03929034247994423","0.30382049083709717","0.7921770811080933","-0.4883565902709961","0.380046546459198","0.805283784866333","-0.425237238407135"
"Val","1","0.9973342418670654","0.925330400466919","0.0681651383638382","0.8571652770042419","0.9246670007705688","0.10391326248645782","0.8207537531852722"
"Val","1","0.999555766582489","0.9642902612686157","-0.03809279203414917","1.0023829936981201","0.9480323791503906","-0.004121759906411171","0.9521541595458984"
"Val","1","0.9999300241470337","0.9863454103469849","-0.20381265878677368","1.1901581287384033","0.9519702196121216","-0.16777101159095764","1.1197412014007568"
"Val","1","0.9987346529960632","0.9402661323547363","0.020148485898971558","0.9201176166534424","0.9342855215072632","0.055033158510923386","0.8792523741722107"
"Val","1","0.5353909730911255","0.6150214672088623","0.5347722768783569","0.08024919033050537","0.6647926568984985","0.5609150528907776","0.10387760400772095"
"Val","1","0.9999420642852783","0.9903457760810852","-0.1803513765335083","1.1706972122192383","0.9548052549362183","-0.1445256918668747","1.0993309020996094"
"Val","1","0.9998972415924072","0.9787864089012146","-0.14428755640983582","1.123073935508728","0.9490474462509155","-0.10968268662691116","1.058730125427246"
"Val","1","0.9998867511749268","0.9913653135299683","-0.1463615894317627","1.137726902961731","0.9622712731361389","-0.11059045791625977","1.072861671447754"
"Val","1","0.9999381303787231","0.9862843155860901","-0.1987360417842865","1.1850203275680542","0.9495090842247009","-0.16304311156272888","1.1125521659851074"
"Val","1","0.999919056892395","0.9820383191108704","-0.16580423712730408","1.147842526435852","0.9489171504974365","-0.13072353601455688","1.0796406269073486"
"Val","1","0.9994590878486633","0.9600307941436768","-0.05224160850048065","1.0122723579406738","0.9444342851638794","-0.017056183889508247","0.9614904522895813"
"Val","1","0.9993038177490234","0.9613533020019531","0.003568081185221672","0.9577852487564087","0.9496619701385498","0.03833066672086716","0.911331295967102"
"Val","1","0.99993896484375","0.9921165704727173","-0.18853476643562317","1.180651307106018","0.9576032161712646","-0.15264739096164703","1.1102505922317505"
"Val","1","0.0011880332604050636","0.027785606682300568","0.9393624067306519","-0.9115768074989319","0.11437053233385086","0.9393975734710693","-0.8250270485877991"
"Val","1","0.9570831656455994","0.8031575083732605","0.26901376247406006","0.5341437458992004","0.8260466456413269","0.30048131942749023","0.5255653262138367"
"Val","1","0.9991000890731812","0.9502233862876892","-0.014972008764743805","0.9651954174041748","0.9396876096725464","0.02020128443837166","0.9194863438606262"
"Val","1","0.9996095299720764","0.9701548218727112","-0.06512469053268433","1.0352795124053955","0.9517602920532227","-0.029532894492149353","0.9812932014465332"
"Val","1","0.999171257019043","0.946051836013794","-0.009264275431632996","0.9553161263465881","0.931928277015686","0.025435836985707283","0.9064924120903015"
"Val","1","0.9998132586479187","0.9727621674537659","-0.14433255791664124","1.1170947551727295","0.9457563757896423","-0.108118437230587","1.0538748502731323"
"Val","1","0.9437956809997559","0.7975138425827026","0.30147337913513184","0.4960404634475708","0.8234001398086548","0.3315110504627228","0.491889089345932"
"Val","1","0.9942740797996521","0.8933485746383667","0.1349136233329773","0.7584349513053894","0.8963409066200256","0.16862022876739502","0.7277206778526306"
"Val","1","0.9627019166946411","0.8062835931777954","0.28447699546813965","0.5218065977096558","0.8306293487548828","0.3167215585708618","0.513907790184021"
"Val","1","0.9999057054519653","0.984702467918396","-0.14539611339569092","1.130098581314087","0.9538543224334717","-0.11010785400867462","1.0639622211456299"
"Val","1","0.9995194673538208","0.9605933427810669","-0.03851483389735222","0.9991081953048706","0.9457539916038513","-0.0034336335957050323","0.9491876363754272"
"Val","1","0.9985860586166382","0.9475823044776917","0.024011000990867615","0.9235712885856628","0.9407126903533936","0.05948621779680252","0.8812264800071716"
"Val","1","0.9997298121452332","0.9787096381187439","-0.09269925951957703","1.0714088678359985","0.9572594165802002","-0.05690336972475052","1.0141627788543701"
"Val","1","0.9969889521598816","0.9259792566299438","0.08306525647640228","0.8429139852523804","0.9270050525665283","0.1181715875864029","0.8088334798812866"
"Val","1","0.9999436140060425","0.9839491844177246","-0.1835576742887497","1.1675068140029907","0.9469262361526489","-0.14844438433647156","1.0953706502914429"
"Val","1","0.9999347925186157","0.9923637509346008","-0.18797798454761505","1.1803417205810547","0.9576796293258667","-0.1522398442029953","1.1099194288253784"
"Val","1","0.9999368190765381","0.9902023077011108","-0.18428368866443634","1.1744860410690308","0.9550478458404541","-0.14844726026058197","1.1034951210021973"
"Val","1","0.9999078512191772","0.9835710525512695","-0.16675694286823273","1.1503280401229858","0.9511489868164062","-0.13129973411560059","1.0824487209320068"
"Val","1","0.9997449517250061","0.969375729560852","-0.08717364072799683","1.056549310684204","0.9474796652793884","-0.05170673131942749","0.9991863965988159"
"Val","1","0.9971822500228882","0.9244670867919922","0.09344746172428131","0.8310196399688721","0.9251852035522461","0.1272333264350891","0.797951877117157"
"Val","1","0.9996579885482788","0.9640061855316162","-0.07660596817731857","1.0406121015548706","0.9429343342781067","-0.041644755750894547","0.9845790863037109"
"Val","1","0.9998821020126343","0.9799637794494629","-0.15655577182769775","1.1365195512771606","0.9491328001022339","-0.12097311019897461","1.0701059103012085"
"Val","1","0.9989367127418518","0.9379720687866211","-0.015305357053875923","0.9532774090766907","0.9281913042068481","0.01922108791768551","0.9089702367782593"
"Val","1","0.9999196529388428","0.9886673092842102","-0.16845911741256714","1.1571264266967773","0.9558253288269043","-0.1338265836238861","1.0896519422531128"
"Val","1","0.9999133348464966","0.9907365441322327","-0.1676228940486908","1.158359408378601","0.957888126373291","-0.1318814754486084","1.0897696018218994"
"Val","1","0.5684612393379211","0.5958774089813232","0.5510157346725464","0.044861674308776855","0.645035982131958","0.5753740072250366","0.06966197490692139"
"Val","1","0.9999008178710938","0.9912883043289185","-0.1582801640033722","1.1495684385299683","0.960673451423645","-0.12236274778842926","1.083036184310913"
"Val","1","0.9997308850288391","0.9736209511756897","-0.08030335605144501","1.053924322128296","0.9520994424819946","-0.045623425394296646","0.997722864151001"
"Val","1","0.13178010284900665","0.42274054884910583","0.7040500044822693","-0.28130945563316345","0.4918738603591919","0.7231056690216064","-0.23123180866241455"
"Val","1","0.999785840511322","0.9823877811431885","-0.11446824669837952","1.0968559980392456","0.9589210748672485","-0.07885082066059113","1.0377719402313232"
"Val","1","0.9997532963752747","0.9743450880050659","-0.10219481587409973","1.0765398740768433","0.9517960548400879","-0.06618079543113708","1.0179768800735474"
"Val","1","0.9991170763969421","0.9507004022598267","-0.018075082451105118","0.9687755107879639","0.9384783506393433","0.01732587069272995","0.9211524724960327"
"Val","1","0.9998750686645508","0.9861133098602295","-0.14282038807868958","1.1289336681365967","0.9575352668762207","-0.10725678503513336","1.0647920370101929"
"Val","1","0.976007878780365","0.8280670642852783","0.24974317848682404","0.5783239006996155","0.8498351573944092","0.2826140522956848","0.5672211050987244"
"Val","1","0.9968239068984985","0.9118747711181641","0.11186519265174866","0.8000096082687378","0.9142268896102905","0.14557701349258423","0.7686498761177063"
"Val","1","0.999930739402771","0.9888888597488403","-0.18916472792625427","1.178053617477417","0.9545577168464661","-0.1531659960746765","1.1077237129211426"
"Val","1","0.999782383441925","0.9857441186904907","-0.11471161991357803","1.1004557609558105","0.9618876576423645","-0.07889352738857269","1.0407811403274536"
"Val","1","0.9999597072601318","0.9856666326522827","-0.20870046317577362","1.1943670511245728","0.9461684226989746","-0.17340365052223206","1.1195720434188843"
"Val","1","0.999488115310669","0.9692521095275879","-0.04042119160294533","1.0096733570098877","0.9538421630859375","-0.005481354892253876","0.959323525428772"
"Val","1","0.9999629259109497","0.9836254119873047","-0.22426463663578033","1.2078900337219238","0.9421941041946411","-0.18917834758758545","1.1313724517822266"
"Val","1","0.9997585415840149","0.9729194641113281","-0.10685580968856812","1.079775333404541","0.9493440389633179","-0.07089456170797348","1.0202386379241943"
"Val","1","0.9998528957366943","0.9767483472824097","-0.11252366006374359","1.0892720222473145","0.9484114646911621","-0.07755061239004135","1.0259621143341064"
"Val","1","0.9999474287033081","0.9800050854682922","-0.22866733372211456","1.2086724042892456","0.9400935769081116","-0.1931406855583191","1.1332342624664307"
"Val","1","0.999962568283081","0.9776438474655151","-0.2302713394165039","1.207915186882019","0.9361149668693542","-0.19560109078884125","1.131716012954712"
"Val","1","0.9999129772186279","0.9879353046417236","-0.1505603790283203","1.138495683670044","0.9567583799362183","-0.11544720083475113","1.0722055435180664"
"Val","1","0.9949776530265808","0.9019338488578796","0.1266649216413498","0.7752689123153687","0.9059168696403503","0.15966247022151947","0.7462543845176697"
"Val","1","0.9950631260871887","0.9074427485466003","0.11111205816268921","0.7963306903839111","0.9119542837142944","0.14475761353969574","0.7671966552734375"
"Val","1","0.999863862991333","0.968021810054779","-0.11797580122947693","1.0859975814819336","0.9414207935333252","-0.08366002142429352","1.0250808000564575"
"Val","1","0.9999790191650391","0.9764708280563354","-0.26378342509269714","1.240254282951355","0.9295842051506042","-0.2290237694978714","1.1586079597473145"
"Val","1","0.9999827146530151","0.9687888622283936","-0.28894785046577454","1.2577366828918457","0.9192615151405334","-0.25435131788253784","1.1736128330230713"
"Val","1","0.9997268319129944","0.974094033241272","-0.09931394457817078","1.0734080076217651","0.950615406036377","-0.06395526230335236","1.014570713043213"
"Val","1","0.9996500015258789","0.9611396789550781","-0.04882824048399925","1.0099679231643677","0.943011999130249","-0.013549642637372017","0.9565616250038147"
"Val","1","0.999956488609314","0.9889495372772217","-0.22134394943714142","1.2102935314178467","0.9496862888336182","-0.18622243404388428","1.1359087228775024"
"Val","1","0.9998923540115356","0.9898415803909302","-0.1476442664861679","1.1374858617782593","0.9605313539505005","-0.11152921617031097","1.0720605850219727"
"Val","1","0.9999152421951294","0.9826366901397705","-0.18212351202964783","1.1647602319717407","0.9487879276275635","-0.14681917428970337","1.095607042312622"
"Val","1","0.9994372725486755","0.949710488319397","-0.05620028078556061","1.0059107542037964","0.934968888759613","-0.021744810044765472","0.9567136764526367"
"Val","1","0.999563992023468","0.9680711030960083","-0.058706820011138916","1.026777982711792","0.9504743814468384","-0.023863568902015686","0.9743379354476929"
"Val","1","0.9998618364334106","0.9905811548233032","-0.1202816292643547","1.1108627319335938","0.9644148349761963","-0.08402906358242035","1.0484439134597778"
"Val","1","0.9997513890266418","0.9713606834411621","-0.08141870051622391","1.0527794361114502","0.948388934135437","-0.04577985778450966","0.9941688179969788"
"Val","1","0.9976982474327087","0.9334840774536133","0.0672956183552742","0.8661884665489197","0.9316025972366333","0.10192219913005829","0.8296803832054138"
"Val","1","0.9997656941413879","0.9743825197219849","-0.11260946840047836","1.0869920253753662","0.9506816864013672","-0.07739827781915665","1.0280799865722656"
"Val","1","0.9868521094322205","0.8601628541946411","0.2098635733127594","0.6502993106842041","0.8744609355926514","0.24137601256370544","0.6330848932266235"
"Val","1","0.9999135732650757","0.985011100769043","-0.15221096575260162","1.1372220516204834","0.9520924091339111","-0.11690434068441391","1.068996787071228"
"Val","1","0.9437022805213928","0.7917072176933289","0.3304123282432556","0.46129488945007324","0.8204084634780884","0.361397385597229","0.4590110778808594"
"Val","1","0.9999558925628662","0.9871888160705566","-0.21140722930431366","1.1985960006713867","0.9478564262390137","-0.17578378319740295","1.1236401796340942"
"Val","1","0.9980568289756775","0.9279922246932983","0.06178431212902069","0.8662078976631165","0.9255542755126953","0.09628860652446747","0.8292656540870667"
"Val","1","0.9999169111251831","0.9855660200119019","-0.18031154572963715","1.1658775806427002","0.9515041708946228","-0.14488516747951508","1.0963892936706543"
"Val","1","0.9979355335235596","0.924636960029602","0.05242105945944786","0.8722159266471863","0.9209000468254089","0.08767161518335342","0.8332284092903137"
"Val","1","0.9999493360519409","0.9858343005180359","-0.21899661421775818","1.2048308849334717","0.9476040005683899","-0.18345560133457184","1.1310596466064453"
"Val","1","0.9989814162254333","0.9511559009552002","0.011700846254825592","0.9394550323486328","0.9429152607917786","0.04652151092886925","0.8963937759399414"
"Val","1","0.9999328851699829","0.9851088523864746","-0.20917180180549622","1.1942806243896484","0.9499219655990601","-0.17325076460838318","1.1231727600097656"
"Val","1","0.9999122619628906","0.9758061170578003","-0.1554783135652542","1.131284475326538","0.9440482258796692","-0.12026531994342804","1.064313530921936"
"Val","1","0.9999655485153198","0.9879488945007324","-0.22308093309402466","1.2110297679901123","0.9488718509674072","-0.18735527992248535","1.1362271308898926"
"Val","1","0.9999343156814575","0.9852485656738281","-0.1634865403175354","1.1487350463867188","0.950899064540863","-0.12854589521884918","1.0794450044631958"
"Val","1","0.9999592304229736","0.987385630607605","-0.20960921049118042","1.1969947814941406","0.9479930400848389","-0.1742902398109436","1.1222832202911377"
"Val","1","0.9999514818191528","0.9829903841018677","-0.20426082611083984","1.1872512102127075","0.943947434425354","-0.16945978999137878","1.1134072542190552"
"Val","1","0.9996962547302246","0.9688681960105896","-0.05211405083537102","1.020982265472412","0.9481102228164673","-0.017947807908058167","0.9660580158233643"
"Val","1","0.999198853969574","0.9485684633255005","-0.027036596089601517","0.9756050705909729","0.935127854347229","0.007426420226693153","0.9277014136314392"
"Val","1","0.9999747276306152","0.9824171662330627","-0.246773824095726","1.2291909456253052","0.9382987022399902","-0.21136891841888428","1.1496676206588745"
"Val","1","0.9999336004257202","0.9889277815818787","-0.19255447387695312","1.1814823150634766","0.9532493352890015","-0.15729647874832153","1.1105458736419678"
"Val","1","0.9999581575393677","0.9796624183654785","-0.2428082525730133","1.2224706411361694","0.9394612908363342","-0.20731183886528015","1.146773099899292"
"Val","1","0.9998465776443481","0.9782251119613647","-0.11509262025356293","1.0933177471160889","0.9508957862854004","-0.07973650842905045","1.0306322574615479"
"Val","1","0.9999704360961914","0.9859884977340698","-0.24902305006980896","1.2350115776062012","0.9422284364700317","-0.21379424631595612","1.1560226678848267"
"Val","1","0.9998471736907959","0.9813507199287415","-0.12494893372058868","1.106299638748169","0.9542335867881775","-0.08920838683843613","1.0434420108795166"
"Val","1","0.9827132225036621","0.8567488193511963","0.20956747233867645","0.6471813321113586","0.8728060722351074","0.24162861704826355","0.6311774253845215"
"Val","1","0.9999411106109619","0.9883861541748047","-0.18421006202697754","1.1725962162017822","0.9525626301765442","-0.14859957993030548","1.1011621952056885"
"Val","1","0.9998351335525513","0.9734227657318115","-0.10700007528066635","1.0804228782653809","0.947848916053772","-0.0717533528804779","1.0196022987365723"
"Val","1","0.9999880790710449","0.9636370539665222","-0.3371325731277466","1.300769567489624","0.9089736938476562","-0.3025539517402649","1.2115275859832764"
"Val","1","0.9999480247497559","0.9931201934814453","-0.20849397778511047","1.2016141414642334","0.9561491012573242","-0.172692209482193","1.1288412809371948"
"Val","1","0.8735226392745972","0.739107608795166","0.4165891408920288","0.3225184679031372","0.7783243656158447","0.4457894265651703","0.33253493905067444"
"Val","1","0.9999592304229736","0.9841828346252441","-0.23556914925575256","1.2197519540786743","0.9428980350494385","-0.20083951950073242","1.143737554550171"
"Val","1","0.9993463158607483","0.9650986194610596","-0.03858305513858795","1.0036816596984863","0.9509987831115723","-0.002968471497297287","0.953967273235321"
"Val","1","0.22142696380615234","0.47834694385528564","0.6754893064498901","-0.1971423625946045","0.5437015295028687","0.6953381896018982","-0.15163666009902954"
"Val","1","0.872693657875061","0.7355247735977173","0.40450021624565125","0.33102455735206604","0.7716059684753418","0.43349939584732056","0.33810657262802124"
"Val","1","0.7972866892814636","0.7013885974884033","0.4582669734954834","0.24312162399291992","0.7416951060295105","0.4862845540046692","0.2554105520248413"
"Val","1","0.9999243021011353","0.9886194467544556","-0.15356476604938507","1.1421842575073242","0.956999659538269","-0.11800321936607361","1.075002908706665"
"Val","1","0.9995207786560059","0.9702311754226685","-0.03627702221274376","1.006508231163025","0.9549327492713928","-0.0007613413035869598","0.9556940793991089"
"Val","1","0.539604127407074","0.6005150675773621","0.5439528822898865","0.056562185287475586","0.6542778015136719","0.5692373514175415","0.08504045009613037"
"Val","1","0.9995070695877075","0.9653893709182739","-0.09126080572605133","1.056650161743164","0.9461843371391296","-0.055568452924489975","1.0017527341842651"
"Val","1","0.9971379041671753","0.9078766107559204","0.033776260912418365","0.8741003274917603","0.9037068486213684","0.06832810491323471","0.8353787660598755"
"Val","1","0.4466783404350281","0.5674223303794861","0.5972902178764343","-0.029867887496948242","0.6247989535331726","0.6206108927726746","0.004188060760498047"
"Val","1","0.9998981952667236","0.9789769649505615","-0.15744280815124512","1.1364197731018066","0.9474719166755676","-0.12197686731815338","1.0694488286972046"
"Val","1","0.9984996318817139","0.9448220729827881","0.04226766526699066","0.9025543928146362","0.9398365616798401","0.07761139422655106","0.8622251749038696"
"Val","1","0.9996097683906555","0.9783928394317627","-0.052441731095314026","1.0308345556259155","0.9606728553771973","-0.017060015350580215","0.9777328968048096"
"Val","1","0.9997721314430237","0.9754890203475952","-0.06755538284778595","1.0430444478988647","0.9526344537734985","-0.03276818245649338","0.9854026436805725"
"Val","1","0.9998960494995117","0.9831554889678955","-0.16104206442832947","1.1441975831985474","0.9528902769088745","-0.12581035494804382","1.0787006616592407"
"Val","1","0.9999622106552124","0.9846197366714478","-0.24309907853603363","1.2277188301086426","0.9428019523620605","-0.2073644995689392","1.1501665115356445"
"Val","1","0.9999619722366333","0.9831387996673584","-0.2320208102464676","1.2151596546173096","0.9419295787811279","-0.19687722623348236","1.1388068199157715"
"Val","1","0.9998747110366821","0.9846304059028625","-0.121008962392807","1.1056393384933472","0.9578864574432373","-0.08555496484041214","1.0434414148330688"
"Val","1","0.999972939491272","0.9743074774742126","-0.2447383850812912","1.219045877456665","0.9300958514213562","-0.20990167558193207","1.1399974822998047"
"Val","1","0.9999527931213379","0.9816570281982422","-0.2220849096775055","1.2037419080734253","0.94236159324646","-0.1867271065711975","1.1290886402130127"
"Val","1","0.9999687671661377","0.978546142578125","-0.24450547993183136","1.22305166721344","0.9353266954421997","-0.20950904488563538","1.1448357105255127"
"Val","1","0.9999164342880249","0.9804742336273193","-0.1872727870941162","1.1677470207214355","0.9461169242858887","-0.15171268582344055","1.0978295803070068"
"Val","1","0.9990860223770142","0.953618049621582","-0.0031530261039733887","0.9567710757255554","0.9423134326934814","0.03152208775281906","0.9107913374900818"
"Val","1","0.9999619722366333","0.9906877279281616","-0.2323857545852661","1.2230734825134277","0.9499588012695312","-0.19673188030719757","1.1466907262802124"
"Val","1","0.9999638795852661","0.9820579290390015","-0.22959981858730316","1.2116577625274658","0.9411510229110718","-0.19484061002731323","1.1359915733337402"
"Val","1","0.9999303817749023","0.9840601682662964","-0.18443354964256287","1.1684937477111816","0.9494315981864929","-0.14908036589622498","1.0985119342803955"
"Val","1","0.9988678693771362","0.9282993078231812","0.0025888346135616302","0.9257104992866516","0.919648289680481","0.035993415862321854","0.8836548924446106"
"Val","1","0.9986314177513123","0.9451168179512024","0.037115782499313354","0.9080010652542114","0.9387471675872803","0.07112202048301697","0.8676251173019409"
"Val","1","0.9994907379150391","0.9650067687034607","-0.03664087504148483","1.0016475915908813","0.949164867401123","-0.0014902297407388687","0.9506551027297974"
"Val","1","0.9999552965164185","0.9896148443222046","-0.2111554741859436","1.200770378112793","0.9509320259094238","-0.1754915416240692","1.1264235973358154"
"Val","1","0.9997287392616272","0.976715624332428","-0.0730137750506401","1.049729347229004","0.9567538499832153","-0.03717849776148796","0.9939323663711548"
"Val","1","0.9995126724243164","0.952129602432251","-0.042815305292606354","0.9949449300765991","0.936631441116333","-0.007378336042165756","0.9440097808837891"
"Val","1","0.9999501705169678","0.9921302795410156","-0.21390047669410706","1.2060307264328003","0.9541113972663879","-0.17802754044532776","1.132138967514038"
"Val","1","0.9998923540115356","0.9790107011795044","-0.15386775135993958","1.1328784227371216","0.9485787153244019","-0.11969026923179626","1.0682690143585205"
"Val","1","0.9999024868011475","0.981406569480896","-0.14016567170619965","1.1215722560882568","0.951762318611145","-0.10513673722743988","1.056899070739746"
"Val","1","0.6687838435173035","0.644848644733429","0.5217220187187195","0.12312662601470947","0.6941326856613159","0.547737717628479","0.14639496803283691"
"Val","1","0.9540624022483826","0.8173844814300537","0.29205068945884705","0.5253337621688843","0.843596339225769","0.3239062428474426","0.5196900963783264"
"Val","1","0.9999407529830933","0.9849830269813538","-0.19315463304519653","1.1781376600265503","0.9482136964797974","-0.15793251991271973","1.106146216392517"
"Val","1","0.9972021579742432","0.9224443435668945","0.10946048051118851","0.8129838705062866","0.923668622970581","0.1434493362903595","0.780219316482544"
"Val","1","0.9982713460922241","0.9384702444076538","0.04440988600254059","0.8940603733062744","0.9339883923530579","0.07879460602998734","0.8551937937736511"
"Val","1","0.9994158744812012","0.9673824310302734","-0.020804718136787415","0.9881871342658997","0.9538071155548096","0.014773327857255936","0.9390338063240051"
"Val","1","0.9998883008956909","0.985192060470581","-0.15039101243019104","1.1355830430984497","0.9558190107345581","-0.11517338454723358","1.070992350578308"
"Val","1","0.6317147016525269","0.6165931820869446","0.5426715612411499","0.07392162084579468","0.6685363054275513","0.5679869651794434","0.10054934024810791"
"Val","1","0.999980092048645","0.9746044278144836","-0.2693122625350952","1.2439167499542236","0.9268866777420044","-0.23512986302375793","1.16201651096344"
"Val","1","0.9995468258857727","0.9726135730743408","-0.05850444734096527","1.0311180353164673","0.9546167254447937","-0.02270137146115303","0.9773181080818176"
"Val","1","0.9936331510543823","0.8885211944580078","0.1289336234331131","0.7595875859260559","0.8959742784500122","0.1632416546344757","0.7327326536178589"
"Val","1","0.9978814721107483","0.9164639115333557","0.02716992050409317","0.8892939686775208","0.9104232788085938","0.06103786081075668","0.8493854403495789"
"Val","1","0.9998838901519775","0.9717739820480347","-0.16162623465061188","1.1334002017974854","0.9409885406494141","-0.1262795776128769","1.0672681331634521"
"Val","1","0.9975367784500122","0.9246770143508911","0.06959456205368042","0.8550824522972107","0.9234850406646729","0.10299139469861984","0.8204936385154724"
"Val","1","0.9955446124076843","0.9065895080566406","0.09581378847360611","0.8107756972312927","0.9105172753334045","0.1307956874370575","0.7797216176986694"
"Val","1","0.9999276399612427","0.9874763488769531","-0.18859964609146118","1.1760759353637695","0.9533627033233643","-0.15287819504737854","1.1062408685684204"
"Val","1","0.999984622001648","0.9699297547340393","-0.30410367250442505","1.2740334272384644","0.9186903834342957","-0.2692157030105591","1.18790602684021"
"Val","1","0.9999489784240723","0.9884493947029114","-0.20601153373718262","1.1944608688354492","0.9505235552787781","-0.17032018303871155","1.120843768119812"
"Val","1","0.996986448764801","0.9144349098205566","0.04024478420615196","0.8741901516914368","0.9127281904220581","0.07519025355577469","0.837537944316864"
"Val","1","0.9999597072601318","0.9920162558555603","-0.22136667370796204","1.2133829593658447","0.9526035785675049","-0.18610908091068268","1.1387126445770264"
"Val","1","0.9999442100524902","0.9835178852081299","-0.17840157449245453","1.1619194746017456","0.9481164813041687","-0.14313729107379913","1.0912537574768066"
"Val","1","0.9983735084533691","0.9332085847854614","0.023853342980146408","0.9093552231788635","0.9263952970504761","0.058746740221977234","0.8676485419273376"
"Val","1","0.9992759823799133","0.949059784412384","-0.03329678624868393","0.9823565483093262","0.9354677200317383","0.0008429866284132004","0.9346247315406799"
"Val","1","0.9999650716781616","0.9778923988342285","-0.2502211332321167","1.2281135320663452","0.9348969459533691","-0.21538494527339935","1.1502819061279297"
"Val","1","0.9996545314788818","0.9626257419586182","-0.053764548152685165","1.016390323638916","0.9438288807868958","-0.01944063976407051","0.9632695317268372"
"Val","1","0.5916745662689209","0.6274515390396118","0.5262211561203003","0.10123038291931152","0.679062008857727","0.5514490604400635","0.12761294841766357"
"Val","1","0.9998576641082764","0.9824414253234863","-0.13150374591350555","1.1139451265335083","0.9549936056137085","-0.0970262885093689","1.0520198345184326"
"Val","1","0.9994927644729614","0.966280460357666","-0.038610704243183136","1.0048911571502686","0.9511662721633911","-0.003191255033016205","0.9543575048446655"
"Val","1","0.9998040795326233","0.9789626002311707","-0.11031612753868103","1.0892786979675293","0.9546250104904175","-0.07589467614889145","1.030519723892212"
"Val","1","0.9998816251754761","0.9853074550628662","-0.15607266128063202","1.1413800716400146","0.9562787413597107","-0.1203986257314682","1.0766773223876953"
"Val","1","0.999850869178772","0.9753215312957764","-0.125431090593338","1.100752592086792","0.9476549625396729","-0.0903768464922905","1.038031816482544"
"Val","1","0.9994462132453918","0.9699355363845825","-0.02662193961441517","0.9965574741363525","0.9561246633529663","0.00853939913213253","0.9475852847099304"
"Val","1","0.8906589150428772","0.7544847726821899","0.37380871176719666","0.3806760609149933","0.7898192405700684","0.4042133688926697","0.3856058716773987"
"Val","1","0.7536850571632385","0.6760122179985046","0.4961736798286438","0.17983853816986084","0.7215850353240967","0.5235578417778015","0.19802719354629517"
"Val","1","0.9999463558197021","0.9893509149551392","-0.196567565202713","1.1859184503555298","0.9529541730880737","-0.1609409749507904","1.1138951778411865"
"Val","1","0.9996820688247681","0.9716716408729553","-0.09779930859804153","1.069471001625061","0.9514001607894897","-0.06286236643791199","1.0142625570297241"
"Val","1","0.9997830986976624","0.9859529733657837","-0.10758201032876968","1.0935349464416504","0.9625291228294373","-0.07192570716142654","1.0344548225402832"
"Val","1","0.7655313014984131","0.6837426424026489","0.4840734601020813","0.19966918230056763","0.7269341945648193","0.5116006135940552","0.21533358097076416"
"Val","1","0.9999628067016602","0.9846034646034241","-0.2146117091178894","1.1992151737213135","0.9439147710800171","-0.17936787009239197","1.1232826709747314"
"Val","1","0.002037743339315057","0.055001214146614075","0.9095847606658936","-0.8545835614204407","0.14203177392482758","0.9118837118148804","-0.7698519229888916"
"Val","1","0.9992068409919739","0.9548732042312622","-0.02392357960343361","0.9787967801094055","0.942654013633728","0.010720515623688698","0.9319335222244263"
"Val","1","0.9784020781517029","0.838077187538147","0.2392062544822693","0.5988709330558777","0.8578789234161377","0.271675705909729","0.5862032175064087"
"Val","1","0.9998981952667236","0.9691950082778931","-0.16832013428211212","1.1375151872634888","0.9358874559402466","-0.13337647914886475","1.0692639350891113"
"Val","1","0.9993669390678406","0.9650065898895264","-0.03246637433767319","0.9974729418754578","0.9518214464187622","0.0027155801653862","0.9491058588027954"
"Val","1","0.9998445510864258","0.9862710237503052","-0.11559665203094482","1.10186767578125","0.9604083299636841","-0.07995408028364182","1.0403623580932617"
"Val","1","0.9999309778213501","0.988892674446106","-0.16649767756462097","1.1553903818130493","0.9555017948150635","-0.1306963711977005","1.0861982107162476"
"Val","1","0.9772725105285645","0.8540797233581543","0.24664336442947388","0.6074363589286804","0.8742035627365112","0.27950361371040344","0.5946999788284302"
"Val","1","0.9999186992645264","0.9800732731819153","-0.17309416830539703","1.153167486190796","0.9450122714042664","-0.13804969191551208","1.083061933517456"
"Val","1","0.9858307242393494","0.8540767431259155","0.20814833045005798","0.6459283828735352","0.8688338994979858","0.24064475297927856","0.6281891465187073"
"Val","1","0.9997413754463196","0.9739720821380615","-0.09578052163124084","1.06975257396698","0.9508289098739624","-0.060209572315216064","1.0110385417938232"
"Val","1","0.999913215637207","0.9861204624176025","-0.1506909430027008","1.136811375617981","0.9553762078285217","-0.11537814140319824","1.0707542896270752"
"Val","1","0.9999042749404907","0.9873145818710327","-0.16414357721805573","1.1514581441879272","0.9556742310523987","-0.12884467840194702","1.0845189094543457"
"Val","1","0.999924898147583","0.9927108287811279","-0.16185733675956726","1.1545681953430176","0.960334062576294","-0.12659066915512085","1.0869247913360596"
"Val","1","0.9998799562454224","0.9774370193481445","-0.14721542596817017","1.12465238571167","0.9477771520614624","-0.11181366443634033","1.0595908164978027"
"Val","1","0.9998936653137207","0.9867833852767944","-0.1558128297328949","1.1425962448120117","0.9552595615386963","-0.12019764631986618","1.075457215309143"
"Val","1","0.9972116351127625","0.9209374189376831","0.05621873959898949","0.8647186756134033","0.9190871715545654","0.0899706482887268","0.8291165232658386"
"Val","1","0.8983736634254456","0.7371006011962891","0.39595308899879456","0.3411475121974945","0.771959662437439","0.4245462715625763","0.34741339087486267"
"Val","1","0.9986411929130554","0.9511926174163818","0.022965606302022934","0.9282270073890686","0.945245623588562","0.058322370052337646","0.8869232535362244"
"Val","1","0.9999510049819946","0.9921874403953552","-0.18841324746608734","1.180600643157959","0.9555146098136902","-0.15273264050483704","1.1082472801208496"
"Val","1","0.9998655319213867","0.9852696061134338","-0.14268890023231506","1.1279585361480713","0.9578772187232971","-0.10688440501689911","1.0647616386413574"
"Val","1","0.9992572665214539","0.9509929418563843","-0.024331919848918915","0.9753248691558838","0.9357476234436035","0.010997945442795753","0.9247496724128723"
"Val","1","0.9999090433120728","0.9863497018814087","-0.17391569912433624","1.1602654457092285","0.9542347192764282","-0.13838592171669006","1.092620611190796"
"Val","1","0.9998514652252197","0.9865418672561646","-0.14265143871307373","1.1291933059692383","0.9593654870986938","-0.1067596822977066","1.0661251544952393"
"Val","1","0.9983609318733215","0.9350217580795288","0.05950893834233284","0.8755128383636475","0.9300719499588013","0.09311458468437195","0.8369573354721069"
"Val","1","0.9999672174453735","0.9814746379852295","-0.23726999759674072","1.2187446355819702","0.9381594061851501","-0.20244458317756653","1.140604019165039"
"Val","1","0.3264453113079071","0.5288326740264893","0.643418550491333","-0.11458587646484375","0.5900540351867676","0.6655094623565674","-0.0754554271697998"
"Val","1","0.9999227523803711","0.9844460487365723","-0.18000474572181702","1.164450764656067","0.9501032829284668","-0.14448627829551697","1.0945895910263062"
"Val","1","0.9998001456260681","0.9808803796768188","-0.11743828654289246","1.0983186960220337","0.9565638303756714","-0.08213882893323898","1.0387026071548462"
"Val","1","0.9969040751457214","0.9179307222366333","0.08318391442298889","0.8347468376159668","0.9192922711372375","0.11752041429281235","0.801771879196167"
"Val","1","0.9999394416809082","0.9868661165237427","-0.18564003705978394","1.1725060939788818","0.9520418643951416","-0.1497400552034378","1.101781964302063"
"Val","1","0.9997819066047668","0.9825009107589722","-0.09340576827526093","1.0759066343307495","0.9593817591667175","-0.05747436732053757","1.016856074333191"
"Val","1","0.9998595714569092","0.9870069026947021","-0.12021539360284805","1.107222318649292","0.9603190422058105","-0.08531222492456436","1.0456312894821167"
"Val","1","0.9998630285263062","0.9697250127792358","-0.12628990411758423","1.0960149765014648","0.9425837397575378","-0.09161979705095291","1.0342035293579102"
"Val","1","0.9993233680725098","0.957947313785553","-0.029213134199380875","0.9871604442596436","0.9456511735916138","0.00625738687813282","0.9393937587738037"
"Val","1","0.9992258548736572","0.9550207853317261","-0.03429841250181198","0.9893192052841187","0.9413275718688965","0.0004004407674074173","0.9409271478652954"
"Val","1","0.9990166425704956","0.9478384256362915","-0.0065024904906749725","0.954340934753418","0.9374867677688599","0.02839803881943226","0.9090887308120728"
"Val","1","0.9997469782829285","0.9722486734390259","-0.12000401318073273","1.0922527313232422","0.9480171203613281","-0.08426688611507416","1.0322840213775635"
"Val","1","0.08635777980089188","0.4027002453804016","0.7490551471710205","-0.3463549017906189","0.47257477045059204","0.7654871940612793","-0.29291242361068726"
"Val","1","0.9954621195793152","0.9015716314315796","0.1242688000202179","0.7773028612136841","0.9068576097488403","0.15825152397155762","0.7486060857772827"
"Val","1","0.999845027923584","0.9818158149719238","-0.12801964581012726","1.1098355054855347","0.9544496536254883","-0.09280826151371002","1.047257900238037"
"Val","1","0.9934613704681396","0.8956862092018127","0.16323038935661316","0.732455849647522","0.9044682383537292","0.1970873475074768","0.7073808908462524"
"Val","1","0.9999303817749023","0.9849209785461426","-0.17048269510269165","1.1554036140441895","0.9500758051872253","-0.1352638453245163","1.0853396654129028"
"Val","1","0.9998576641082764","0.9847239255905151","-0.1506187468767166","1.1353427171707153","0.9559919834136963","-0.11471597850322723","1.07070791721344"
"Val","1","0.9999171495437622","0.9866855144500732","-0.18555809557437897","1.172243595123291","0.9524716138839722","-0.1504277139902115","1.1028993129730225"
"Val","1","0.9999656677246094","0.9836791753768921","-0.24228480458259583","1.2259639501571655","0.9411386251449585","-0.20722520351409912","1.1483638286590576"
"Val","1","0.9999498128890991","0.9883157014846802","-0.2048574984073639","1.1931731700897217","0.9505894780158997","-0.16914589703083038","1.1197353601455688"
"Val","1","0.9996864795684814","0.9738571643829346","-0.08115272223949432","1.0550098419189453","0.954334557056427","-0.04579048603773117","1.0001250505447388"
"Val","1","0.999852180480957","0.9798339605331421","-0.15478038787841797","1.13461434841156","0.9505705833435059","-0.11955063045024872","1.070121169090271"
"Val","1","0.2900571823120117","0.4780118465423584","0.661144495010376","-0.18313264846801758","0.5401793718338013","0.6820565462112427","-0.1418771743774414"
"Val","1","0.9996125102043152","0.9682551622390747","-0.05907629057765007","1.0273314714431763","0.95155930519104","-0.02360592409968376","0.9751652479171753"
"Val","1","0.5719786882400513","0.5822088718414307","0.5206282138824463","0.061580657958984375","0.632318377494812","0.5449031591415405","0.08741521835327148"
"Val","1","0.7213597893714905","0.6641607284545898","0.46981993317604065","0.1943407952785492","0.7104618549346924","0.4978258013725281","0.2126360535621643"
"Val","1","0.15988007187843323","0.44359493255615234","0.6895148754119873","-0.24591994285583496","0.5100691318511963","0.7098010778427124","-0.1997319459915161"
"Val","1","0.9998145699501038","0.977883517742157","-0.10796917974948883","1.0858527421951294","0.9530491828918457","-0.07260535657405853","1.0256545543670654"
"Val","1","0.9999046325683594","0.9820268750190735","-0.17482224106788635","1.1568491458892822","0.9484810829162598","-0.1394812911748886","1.0879623889923096"
"Val","1","0.9999390840530396","0.9903227090835571","-0.19299490749835968","1.1833176612854004","0.9550499320030212","-0.15722854435443878","1.1122784614562988"
"Val","1","0.9998237490653992","0.9817675352096558","-0.13111551105976105","1.1128830909729004","0.9544116258621216","-0.09543748199939728","1.0498491525650024"
"Val","1","0.9999103546142578","0.9858947992324829","-0.1662515252828598","1.152146339416504","0.9536561369895935","-0.13035650551319122","1.0840126276016235"
"Val","1","0.9874650239944458","0.8661105036735535","0.1781086027622223","0.6880018711090088","0.8780778646469116","0.2098533809185028","0.6682244539260864"
"Val","1","0.9979270696640015","0.9353399276733398","0.05833236873149872","0.8770075440406799","0.9329361915588379","0.0928814560174942","0.8400547504425049"
"Val","1","0.9968035221099854","0.9188864231109619","0.09093065559864044","0.8279557824134827","0.9202221632003784","0.12441390752792358","0.7958082556724548"
"Val","1","0.9997602105140686","0.9755458831787109","-0.10856693983078003","1.0841128826141357","0.9514450430870056","-0.07326774299144745","1.0247128009796143"
"Val","1","0.9999850988388062","0.9708212614059448","-0.3107545077800751","1.2815757989883423","0.9194114208221436","-0.2763734757900238","1.1957849264144897"
"Val","1","0.9999368190765381","0.9838719964027405","-0.18209925293922424","1.165971279144287","0.9487032890319824","-0.14682334661483765","1.0955266952514648"
"Val","1","0.9994155168533325","0.9638890027999878","-0.04378577321767807","1.0076748132705688","0.9488701820373535","-0.008420631289482117","0.9572908282279968"
"Val","1","0.9918230175971985","0.8876034021377563","0.16639600694179535","0.7212073802947998","0.8978602886199951","0.2004350870847702","0.6974251866340637"
"Val","1","0.9999207258224487","0.9934171438217163","-0.17624586820602417","1.1696629524230957","0.9607246518135071","-0.14056289196014404","1.101287603378296"
"Val","1","0.9977418184280396","0.9294247627258301","0.07120092958211899","0.8582238554954529","0.9283956289291382","0.10586825013160706","0.8225274085998535"
"Val","1","0.9962245225906372","0.9133625030517578","0.09303843975067139","0.8203240633010864","0.9123480319976807","0.1273190975189209","0.7850289344787598"
"Val","1","0.9998801946640015","0.9824676513671875","-0.14676818251609802","1.129235863685608","0.9531038999557495","-0.11132590472698212","1.064429759979248"
"Val","1","0.9861128926277161","0.8683939576148987","0.21800735592842102","0.6503865718841553","0.8839041590690613","0.2503855228424072","0.633518636226654"
"Val","1","0.999863862991333","0.9824706315994263","-0.14530763030052185","1.1277782917022705","0.954154372215271","-0.10939832776784897","1.063552737236023"
"Val","1","0.999897837638855","0.9856234788894653","-0.15378078818321228","1.139404296875","0.9547793865203857","-0.11811572313308716","1.0728950500488281"
"Val","1","0.9984708428382874","0.9345607757568359","0.005589662119746208","0.9289711117744446","0.9258273839950562","0.04008357226848602","0.8857437968254089"
"Test","0","0.0001537710486445576","-0.1306045651435852","0.9896336793899536","-1.1202383041381836","-0.042922183871269226","0.9808719158172607","-1.0237940549850464"
"Test","0","0.00003540817851899192","-0.3074418902397156","0.9802611470222473","-1.287703037261963","-0.21997769176959991","0.9623922109603882","-1.1823699474334717"
"Test","0","0.00007352449028985575","-0.21715226769447327","0.9888895750045776","-1.2060418128967285","-0.1299014687538147","0.9767143726348877","-1.1066157817840576"
"Test","0","0.0000426589758717455","-0.2709987461566925","0.9854003190994263","-1.2563990354537964","-0.18449215590953827","0.969976544380188","-1.1544686555862427"
"Test","0","0.00003097676017205231","-0.31586235761642456","0.9780479669570923","-1.293910264968872","-0.22879771888256073","0.9595403671264648","-1.188338041305542"
"Test","0","0.00004920716310152784","-0.2469767928123474","0.9898423552513123","-1.2368191480636597","-0.1603483259677887","0.9747673273086548","-1.135115623474121"
"Test","0","0.000025919287509168498","-0.33781564235687256","0.9737100601196289","-1.3115257024765015","-0.250961571931839","0.9543255567550659","-1.2052870988845825"
"Test","0","0.00003974214632762596","-0.2784573435783386","0.988422691822052","-1.2668800354003906","-0.1907804310321808","0.9722892045974731","-1.1630696058273315"
"Test","0","0.000034799857530742884","-0.3005663752555847","0.9825773239135742","-1.2831437587738037","-0.21251022815704346","0.9654871225357056","-1.177997350692749"
"Test","0","0.00004657870886148885","-0.24884194135665894","0.9908472299575806","-1.2396891117095947","-0.1616056263446808","0.975941002368927","-1.1375466585159302"
"Test","0","0.000041116105421679094","-0.2782026529312134","0.9863744974136353","-1.2645771503448486","-0.18935799598693848","0.9707316756248474","-1.1600897312164307"
"Test","0","0.00003373040453880094","-0.2992895841598511","0.9838460683822632","-1.2831356525421143","-0.2125210165977478","0.966585636138916","-1.1791067123413086"
"Test","0","0.000035315275454195216","-0.2925097942352295","0.9829367399215698","-1.2754465341567993","-0.20447130501270294","0.966163158416748","-1.1706345081329346"
"Test","0","0.00009078092261916026","-0.18246309459209442","0.9899832010269165","-1.1724462509155273","-0.09625644981861115","0.9787601232528687","-1.0750166177749634"
"Test","0","0.0000401778997911606","-0.27565687894821167","0.987746000289917","-1.2634029388427734","-0.18702253699302673","0.971953272819519","-1.1589758396148682"
"Test","0","0.0000361285601684358","-0.2791346609592438","0.9865294694900513","-1.2656641006469727","-0.19262704253196716","0.9696975350379944","-1.1623245477676392"
"Test","0","0.00014930455654393882","-0.12195534259080887","0.9858753681182861","-1.1078307628631592","-0.035169776529073715","0.9776094555854797","-1.0127792358398438"
"Test","0","0.00004171906039118767","-0.27373984456062317","0.9874961972236633","-1.2612360715866089","-0.18595629930496216","0.9711555242538452","-1.1571118831634521"
"Test","0","0.00003573154390323907","-0.28928059339523315","0.9841348528862","-1.273415446281433","-0.2021196335554123","0.9670212268829346","-1.1691408157348633"
"Test","0","0.000048267193051287904","-0.25485727190971375","0.9897415637969971","-1.2445988655090332","-0.16590988636016846","0.9744337797164917","-1.1403436660766602"
"Test","0","0.00003835110692307353","-0.30363476276397705","0.9801297783851624","-1.2837646007537842","-0.2145524024963379","0.9633586406707764","-1.1779110431671143"
"Test","0","0.000042689702240750194","-0.2715320885181427","0.9878434538841248","-1.2593755722045898","-0.18433097004890442","0.9718207120895386","-1.1561516523361206"
"Test","0","0.00008459360105916858","-0.18874680995941162","0.9896787405014038","-1.1784255504608154","-0.1022573858499527","0.9773116111755371","-1.0795689821243286"
"Test","0","0.000028922770070494153","-0.321542888879776","0.9787919521331787","-1.3003348112106323","-0.23435690999031067","0.9603161811828613","-1.1946730613708496"
"Test","0","0.00006529972597490996","-0.22397461533546448","0.989252507686615","-1.2132271528244019","-0.13662973046302795","0.9753100872039795","-1.111939787864685"
"Test","0","0.00006533927808050066","-0.2513253092765808","0.9805462956428528","-1.2318716049194336","-0.16620710492134094","0.9666765332221985","-1.1328836679458618"
"Test","0","0.000055786418670322746","-0.2268500179052353","0.9922343492507935","-1.21908438205719","-0.1395779699087143","0.9778459668159485","-1.1174238920211792"
"Test","0","0.00007295222894754261","-0.19939377903938293","0.990722119808197","-1.1901159286499023","-0.11151688545942307","0.9779701828956604","-1.089487075805664"
"Test","0","0.00006124014180386439","-0.23256711661815643","0.989212691783905","-1.2217798233032227","-0.14603836834430695","0.9757647514343262","-1.1218031644821167"
"Test","0","0.000036100631405133754","-0.2853885591030121","0.9837536215782166","-1.2691421508789062","-0.1981845647096634","0.9667855501174927","-1.1649701595306396"
"Test","0","0.00003234799441997893","-0.3125687837600708","0.9794663190841675","-1.2920351028442383","-0.2253257930278778","0.9615043997764587","-1.1868301630020142"
"Test","0","0.00004082502709934488","-0.2640491724014282","0.9876177310943604","-1.2516669034957886","-0.17607659101486206","0.9718011617660522","-1.1478776931762695"
"Test","0","0.00007031788118183613","-0.21687868237495422","0.989048957824707","-1.2059276103973389","-0.1280982345342636","0.975846529006958","-1.1039447784423828"
"Test","0","0.00006175863381940871","-0.2290763109922409","0.9892756342887878","-1.21835196018219","-0.14224837720394135","0.976026177406311","-1.1182745695114136"
"Test","0","0.00002791862061712891","-0.322517454624176","0.9786476492881775","-1.3011651039123535","-0.23551642894744873","0.9598695635795593","-1.1953859329223633"
"Test","0","0.000055047839850885794","-0.2494271993637085","0.9869670867919922","-1.2363942861557007","-0.16287390887737274","0.972896158695221","-1.1357700824737549"
"Test","0","0.00007803583866916597","-0.19742125272750854","0.9934731721878052","-1.190894365310669","-0.1092148944735527","0.9817363619804382","-1.0909512042999268"
"Test","0","0.00013121984375175089","-0.15254737436771393","0.9820032715797424","-1.13455069065094","-0.06703944504261017","0.972296953201294","-1.0393364429473877"
"Test","0","0.00005080352639197372","-0.23890256881713867","0.9922230243682861","-1.2311255931854248","-0.15038391947746277","0.9777976274490356","-1.1281815767288208"
"Test","0","0.0002612025127746165","-0.14793431758880615","0.9570002555847168","-1.104934573173523","-0.06218218803405762","0.9494884014129639","-1.0116705894470215"
"Test","0","0.00002851334647857584","-0.3334944248199463","0.9753900766372681","-1.3088845014572144","-0.24669653177261353","0.9562009572982788","-1.202897548675537"
"Test","0","0.00004423173231771216","-0.2603573501110077","0.9851877689361572","-1.2455451488494873","-0.1741175800561905","0.9698148369789124","-1.1439324617385864"
"Test","0","0.0001337097492069006","-0.15797410905361176","0.9880193471908569","-1.1459934711456299","-0.06961995363235474","0.9785696268081665","-1.048189640045166"
"Test","0","0.00008987255569081753","-0.187236487865448","0.992119312286377","-1.1793558597564697","-0.09943895041942596","0.9805111885070801","-1.0799500942230225"
"Test","0","0.00006990003021201119","-0.21413354575634003","0.9949600696563721","-1.2090935707092285","-0.12534205615520477","0.9821985960006714","-1.1075406074523926"
"Test","0","0.00002998831041622907","-0.33079254627227783","0.9775053262710571","-1.308297872543335","-0.24315395951271057","0.958701491355896","-1.2018554210662842"
"Test","0","0.00007007863314356655","-0.21100088953971863","0.9878300428390503","-1.1988309621810913","-0.12353255599737167","0.9748787879943848","-1.0984113216400146"
"Test","0","0.00019794172840192914","-0.12753041088581085","0.9736062288284302","-1.1011366844177246","-0.04194381460547447","0.9653463959693909","-1.007290244102478"
"Test","0","0.000048640824388712645","-0.25490111112594604","0.9866722822189331","-1.2415733337402344","-0.16731691360473633","0.9715925455093384","-1.1389094591140747"
"Test","0","0.000029525004720198922","-0.31440097093582153","0.9807282090187073","-1.2951291799545288","-0.2269548624753952","0.9626261591911316","-1.189581036567688"
"Test","0","0.00003559292235877365","-0.2928892970085144","0.9811904430389404","-1.2740797996520996","-0.2058609426021576","0.9641727209091187","-1.1700336933135986"
"Test","0","0.00006678571662632748","-0.2224004864692688","0.991814136505127","-1.214214563369751","-0.13478752970695496","0.9790304899215698","-1.1138180494308472"
"Test","0","0.000030785551643930376","-0.3027018904685974","0.982774019241333","-1.2854759693145752","-0.21506956219673157","0.9651259183883667","-1.1801954507827759"
"Test","0","0.00010563466639723629","-0.17473585903644562","0.9846315383911133","-1.1593674421310425","-0.08773288130760193","0.9739516377449036","-1.061684489250183"
"Test","0","0.00006338760431390256","-0.21189722418785095","0.9928885698318481","-1.2047858238220215","-0.12331913411617279","0.9799993634223938","-1.103318452835083"
"Test","0","0.00005704918294213712","-0.23872017860412598","0.98639976978302","-1.225119948387146","-0.14983543753623962","0.9724047183990479","-1.1222401857376099"
"Test","0","0.0004797470464836806","-0.051763083785772324","0.9551894068717957","-1.0069525241851807","0.030365504324436188","0.9499925374984741","-0.9196270108222961"
"Test","0","0.00005045460056862794","-0.2449146807193756","0.989010751247406","-1.233925461769104","-0.15786278247833252","0.9738399982452393","-1.1317027807235718"
"Test","0","0.00005254248026176356","-0.23541928827762604","0.9900186061859131","-1.225437879562378","-0.14902125298976898","0.9754329919815063","-1.1244542598724365"
"Test","0","0.00012376165250316262","-0.14344561100006104","0.9884765148162842","-1.1319221258163452","-0.05520186573266983","0.9789505004882812","-1.0341523885726929"
"Test","0","0.00013032476999796927","-0.1576414257287979","0.9884065985679626","-1.1460480690002441","-0.06869227439165115","0.97844398021698","-1.0471363067626953"
"Test","0","0.0000570462470932398","-0.23763447999954224","0.9890913367271423","-1.2267258167266846","-0.1512000858783722","0.9751486778259277","-1.1263487339019775"
"Test","0","0.00007016729796305299","-0.20727655291557312","0.9915028810501099","-1.1987794637680054","-0.11809897422790527","0.978817343711853","-1.0969163179397583"
"Test","0","0.000028980779461562634","-0.3269452154636383","0.9756909012794495","-1.3026361465454102","-0.23927780985832214","0.9573099613189697","-1.1965878009796143"
"Test","0","0.000032292326068272814","-0.3027918338775635","0.9827519655227661","-1.2855437994003296","-0.2150052934885025","0.9652635455131531","-1.1802688837051392"
"Test","0","0.00006717276846757159","-0.21025799214839935","0.9868105053901672","-1.197068452835083","-0.12386927753686905","0.9740715026855469","-1.0979408025741577"
"Test","0","0.000030266424801084213","-0.3137984275817871","0.978899359703064","-1.292697787284851","-0.22732120752334595","0.960770845413208","-1.1880919933319092"
"Test","0","0.00003030749758181628","-0.30765122175216675","0.982830286026001","-1.2904815673828125","-0.21991688013076782","0.9651318788528442","-1.1850488185882568"
"Test","0","0.00005114218220114708","-0.2535698413848877","0.9880899786949158","-1.2416598796844482","-0.16478246450424194","0.97380131483078","-1.138583779335022"
"Test","0","0.000043988849938614294","-0.26652657985687256","0.9865946173667908","-1.2531211376190186","-0.17912118136882782","0.9706634283065796","-1.1497845649719238"
"Test","0","0.000036954130337107927","-0.2921249568462372","0.9823430776596069","-1.2744680643081665","-0.20529910922050476","0.9652364253997803","-1.1705355644226074"
"Test","0","0.00005076414527138695","-0.23803147673606873","0.9933815002441406","-1.2314130067825317","-0.15033553540706635","0.9790620803833008","-1.1293976306915283"
"Test","0","0.00005718186730518937","-0.23826538026332855","0.9889684915542603","-1.22723388671875","-0.15196482837200165","0.9750357270240784","-1.1270005702972412"
"Test","0","0.00005165053880773485","-0.24755708873271942","0.9914661049842834","-1.239023208618164","-0.15974238514900208","0.9771687984466553","-1.136911153793335"
"Test","0","0.000055191077990457416","-0.23954206705093384","0.9866892099380493","-1.226231336593628","-0.15063688158988953","0.9727184772491455","-1.1233553886413574"
"Test","0","0.000036507633922155946","-0.28858739137649536","0.9848059415817261","-1.2733933925628662","-0.2004900872707367","0.9684003591537476","-1.1688904762268066"
"Test","0","0.00003923546682926826","-0.2787475287914276","0.9836389422416687","-1.262386441230774","-0.191916823387146","0.9670350551605225","-1.1589518785476685"
"Test","0","0.0000790545527706854","-0.21322548389434814","0.9869697093963623","-1.2001951932907104","-0.12550662457942963","0.975468635559082","-1.1009752750396729"
"Test","0","0.0000747799567761831","-0.20547324419021606","0.9944541454315186","-1.1999273300170898","-0.11750130355358124","0.9817662835121155","-1.099267601966858"
"Test","0","0.00003792742427322082","-0.291517436504364","0.9851035475730896","-1.2766209840774536","-0.20370307564735413","0.9682619571685791","-1.1719650030136108"
"Test","0","0.00008935879304772243","-0.16949962079524994","0.9939528703689575","-1.1634525060653687","-0.0821489542722702","0.982401967048645","-1.0645508766174316"
"Test","0","0.00007841979095246643","-0.19911794364452362","0.9872740507125854","-1.1863919496536255","-0.1118721142411232","0.9750579595565796","-1.0869300365447998"
"Test","0","0.00015051386435516179","-0.14823788404464722","0.9869749546051025","-1.1352128982543945","-0.06096696853637695","0.9780964851379395","-1.0390634536743164"
"Test","0","0.00008647144568385556","-0.19368693232536316","0.9925483465194702","-1.1862353086471558","-0.106595978140831","0.9801845550537109","-1.0867805480957031"
"Test","0","0.00012989575043320656","-0.1409032940864563","0.9870091676712036","-1.1279125213623047","-0.05415279418230057","0.9773279428482056","-1.0314807891845703"
"Test","0","0.00002823655268002767","-0.32192355394363403","0.9784113168716431","-1.3003349304199219","-0.23411151766777039","0.9601885080337524","-1.1943000555038452"
"Test","0","0.00004787528814631514","-0.25312894582748413","0.9887621402740479","-1.2418911457061768","-0.16531750559806824","0.9738020300865173","-1.1391195058822632"
"Test","0","0.00005257886732579209","-0.2570299506187439","0.9883351922035217","-1.2453651428222656","-0.16880837082862854","0.9736385345458984","-1.1424468755722046"
"Test","0","0.0001949389261426404","-0.11526097357273102","0.9745874404907227","-1.0898483991622925","-0.030450938269495964","0.9664286375045776","-0.9968795776367188"
"Test","0","0.00003979163375333883","-0.28275829553604126","0.984305739402771","-1.267064094543457","-0.19447073340415955","0.9680529832839966","-1.1625237464904785"
"Test","0","0.000035772831324720755","-0.32214152812957764","0.9754940271377563","-1.297635555267334","-0.2349126935005188","0.9577868580818176","-1.1926995515823364"
"Test","0","0.000034423610486555845","-0.3022204339504242","0.9791585206985474","-1.281378984451294","-0.21405957639217377","0.9620632529258728","-1.176122784614563"
"Test","0","0.000042050342017319053","-0.2623460292816162","0.988379955291748","-1.2507259845733643","-0.17544367909431458","0.972537636756897","-1.1479812860488892"
"Test","0","0.000033378069929312915","-0.2907244563102722","0.986027181148529","-1.2767516374588013","-0.20234332978725433","0.9692500829696655","-1.171593427658081"
"Test","0","0.00007817787991371006","-0.20306824147701263","0.9892840385437012","-1.192352294921875","-0.11411512643098831","0.9769980311393738","-1.0911132097244263"
"Test","0","0.00007168799493229017","-0.20814956724643707","0.9905576705932617","-1.1987072229385376","-0.12047171592712402","0.9776574969291687","-1.0981292724609375"
"Test","0","0.00019489266560412943","-0.1051144152879715","0.9688950181007385","-1.0740094184875488","-0.021579943597316742","0.9611814618110657","-0.9827613830566406"
"Test","0","0.00009425898315384984","-0.17999811470508575","0.9849129915237427","-1.164911150932312","-0.09390096366405487","0.9736801981925964","-1.0675811767578125"
"Test","0","0.000034904154745163396","-0.303960382938385","0.9803063273429871","-1.284266710281372","-0.21754887700080872","0.9626235961914062","-1.1801724433898926"
"Test","0","0.00011670927051454782","-0.17845098674297333","0.9837762117385864","-1.1622271537780762","-0.09077447652816772","0.9742963314056396","-1.0650708675384521"
"Test","0","0.00026833004085347056","-0.09488342702388763","0.9817385673522949","-1.0766220092773438","-0.00580182671546936","0.9750264286994934","-0.9808282852172852"
"Test","0","0.00003729047239175998","-0.28843995928764343","0.9833003282546997","-1.2717403173446655","-0.199583500623703","0.9671663045883179","-1.1667498350143433"
"Test","0","0.000145359241287224","-0.1494016945362091","0.987329363822937","-1.1367310285568237","-0.061802782118320465","0.9781704545021057","-1.039973258972168"
"Test","0","0.00014788414409849793","-0.1798279881477356","0.9758061170578003","-1.1556341648101807","-0.09004544466733932","0.9663068652153015","-1.0563522577285767"
"Test","0","0.00024257952463813126","-0.08693906664848328","0.9745864272117615","-1.0615254640579224","-0.0018805265426635742","0.9677389860153198","-0.9696195125579834"
"Test","0","0.00003069654485443607","-0.3098527193069458","0.9785956740379333","-1.2884483337402344","-0.223331481218338","0.9602426290512085","-1.1835740804672241"
"Test","0","0.00013439373287837952","-0.15049326419830322","0.9819518327713013","-1.1324450969696045","-0.06431230902671814","0.9718256592750549","-1.0361379384994507"
"Test","0","0.00002991436304000672","-0.3324154019355774","0.9749857187271118","-1.307401180267334","-0.24522767961025238","0.9561929702758789","-1.2014206647872925"
"Test","0","0.00002994433270941954","-0.3104603886604309","0.9807044267654419","-1.2911648750305176","-0.2237761914730072","0.9623695015907288","-1.1861456632614136"
"Test","0","0.000046940298489062116","-0.26132532954216003","0.9843302965164185","-1.2456556558609009","-0.17512698471546173","0.968751072883606","-1.1438781023025513"
"Test","0","0.00006464828766183928","-0.22227899730205536","0.9899554252624512","-1.212234377861023","-0.13535594940185547","0.9769325256347656","-1.112288475036621"
"Test","0","0.00004785721466760151","-0.2626833915710449","0.9877942204475403","-1.2504775524139404","-0.17569006979465485","0.9719415903091431","-1.1476316452026367"
"Test","0","0.00008563412120565772","-0.19511805474758148","0.9867456555366516","-1.1818636655807495","-0.107274129986763","0.9747962951660156","-1.0820704698562622"
"Test","0","0.00007710551290074363","-0.19621542096138","0.9902466535568237","-1.1864620447158813","-0.10974018275737762","0.9778316020965576","-1.0875717401504517"
"Test","0","0.000044639167754212394","-0.2605428397655487","0.984338641166687","-1.244881510734558","-0.17335118353366852","0.9688313007354736","-1.142182469367981"
"Test","0","0.000055562159104738384","-0.22632941603660583","0.9904704689979553","-1.2167998552322388","-0.13839134573936462","0.976919949054718","-1.1153112649917603"
"Test","0","0.0000522373229614459","-0.2638048529624939","0.9853329062461853","-1.2491377592086792","-0.17482194304466248","0.9705178737640381","-1.145339846611023"
"Test","0","0.00010133778414456174","-0.1840546429157257","0.9855958223342896","-1.1696504354476929","-0.09719899296760559","0.9741184711456299","-1.071317434310913"
"Test","0","0.00003943529009120539","-0.27404335141181946","0.9871623516082764","-1.2612056732177734","-0.18644286692142487","0.970660388469696","-1.1571033000946045"
"Test","0","0.0018820803379639983","0.07211291790008545","0.9289467930793762","-0.8568338751792908","0.15678082406520844","0.9314897060394287","-0.7747088670730591"
"Test","0","0.00016434458666481078","-0.12404157221317291","0.9733966588973999","-1.0974382162094116","-0.039307769387960434","0.964909017086029","-1.0042167901992798"
"Test","0","0.00006202104123076424","-0.23827484250068665","0.986067533493042","-1.2243423461914062","-0.15098074078559875","0.9727873206138611","-1.1237680912017822"
"Test","0","0.00003935226777684875","-0.28096890449523926","0.9864327907562256","-1.2674016952514648","-0.1932922750711441","0.9698275327682495","-1.1631197929382324"
"Test","0","0.0018157855374738574","0.0761047974228859","0.9118221402168274","-0.8357173204421997","0.15501967072486877","0.9131375551223755","-0.7581179141998291"
"Test","0","0.000034577322367113084","-0.2958802878856659","0.9832254648208618","-1.27910578250885","-0.2088138461112976","0.9657348394393921","-1.174548625946045"
"Test","0","0.00010885954543482512","-0.15868356823921204","0.9913515448570251","-1.1500351428985596","-0.06949461996555328","0.9814717769622803","-1.0509663820266724"
"Test","0","0.000030261140636866912","-0.31743085384368896","0.9800869226455688","-1.2975177764892578","-0.22932302951812744","0.9621049165725708","-1.1914279460906982"
"Test","0","0.0000328669702867046","-0.30026334524154663","0.9817702770233154","-1.2820336818695068","-0.2128392457962036","0.9644830226898193","-1.177322268486023"
"Test","1","0.9995488524436951","0.9689847230911255","-0.05283122882246971","1.0218158960342407","0.9528217315673828","-0.017743488773703575","0.9705651998519897"
"Test","1","0.9998292922973633","0.9703111052513123","-0.1551249921321869","1.1254360675811768","0.9410597085952759","-0.11995814740657806","1.0610178709030151"
"Test","1","0.9998664855957031","0.9764111638069153","-0.1378365308046341","1.1142476797103882","0.9476379156112671","-0.1022089421749115","1.049846887588501"
"Test","1","0.9995577931404114","0.9634559154510498","-0.03597496449947357","0.9994308948516846","0.946006715297699","-0.0004894565790891647","0.9464961886405945"
"Test","1","0.9999417066574097","0.989575982093811","-0.17481555044651031","1.1643915176391602","0.9544937014579773","-0.1392846405506134","1.093778371810913"
"Test","1","0.9998823404312134","0.9782217741012573","-0.16896015405654907","1.1471819877624512","0.94660484790802","-0.1338396966457367","1.080444574356079"
"Test","1","0.9999802112579346","0.9743722081184387","-0.2700721025466919","1.2444443702697754","0.926885187625885","-0.235288605093956","1.1621737480163574"
"Test","1","0.9985734224319458","0.9332582950592041","0.03627882897853851","0.8969794511795044","0.926380455493927","0.07048562169075012","0.8558948040008545"
"Test","1","0.9998716115951538","0.9800772070884705","-0.15593840181827545","1.1360156536102295","0.9498320817947388","-0.12013962119817734","1.0699716806411743"
"Test","1","0.9999719858169556","0.9806922674179077","-0.2341228425502777","1.2148151397705078","0.937461256980896","-0.19929520785808563","1.136756420135498"
"Test","1","0.9999655485153198","0.9846004247665405","-0.23956966400146484","1.2241700887680054","0.9427555203437805","-0.20477406680583954","1.1475296020507812"
"Test","1","0.9999480247497559","0.9894839525222778","-0.21028971672058105","1.1997736692428589","0.9517946243286133","-0.17478907108306885","1.1265836954116821"
"Test","1","0.9999231100082397","0.9814105033874512","-0.17052605748176575","1.1519365310668945","0.9477230906486511","-0.13509613275527954","1.0828192234039307"
"Test","1","0.9986670017242432","0.9378031492233276","-0.00009051896631717682","0.9378936886787415","0.9301159381866455","0.03476836532354355","0.8953475952148438"
"Test","1","0.9999548196792603","0.970833420753479","-0.2150246948003769","1.185858130455017","0.9315282106399536","-0.1805357038974762","1.1120638847351074"
"Test","1","0.9931857585906982","0.8859420418739319","0.12183050811290741","0.7641115188598633","0.8943674564361572","0.15565940737724304","0.7387080192565918"
"Test","1","0.019535569474101067","0.2638181447982788","0.8196345567703247","-0.5558164119720459","0.34044981002807617","0.8310953378677368","-0.49064552783966064"
"Test","1","0.9999725818634033","0.9843591451644897","-0.24968622624874115","1.234045386314392","0.9396527409553528","-0.21469244360923767","1.154345154762268"
"Test","1","0.0010960600338876247","-0.009057991206645966","0.9478756785392761","-0.9569336771965027","0.0793694332242012","0.9475237131118774","-0.8681542873382568"
"Test","1","0.9999274015426636","0.9879961013793945","-0.18255764245986938","1.1705536842346191","0.9533370733261108","-0.14694936573505402","1.1002864837646484"
"Test","1","0.9997814297676086","0.9728876352310181","-0.11787580698728561","1.0907634496688843","0.9477850794792175","-0.08296720683574677","1.0307523012161255"
"Test","1","0.9996525049209595","0.9653796553611755","-0.044247087091207504","1.0096267461776733","0.9475942254066467","-0.009910281747579575","0.9575045108795166"
"Test","1","0.9998014569282532","0.9838103652000427","-0.10232861340045929","1.0861389636993408","0.9607765078544617","-0.06685172766447067","1.0276281833648682"
"Test","1","0.9999253749847412","0.9800488352775574","-0.1810329258441925","1.1610817909240723","0.9458526372909546","-0.14587269723415375","1.0917253494262695"
"Test","1","0.9953238368034363","0.9109246730804443","0.06813319027423859","0.8427914977073669","0.9125022888183594","0.10276275873184204","0.8097395300865173"
"Test","1","0.9996337890625","0.9622506499290466","-0.05784023553133011","1.020090937614441","0.9438737034797668","-0.02338220551609993","0.9672558903694153"
"Test","1","0.9997881054878235","0.9836485981941223","-0.10143879801034927","1.0850874185562134","0.9604858756065369","-0.06595303118228912","1.0264389514923096"
"Test","1","0.9998205304145813","0.9814729690551758","-0.11468228697776794","1.0961552858352661","0.9570451974868774","-0.07895652949810028","1.0360016822814941"
"Test","1","0.9988154172897339","0.950457751750946","-0.0023876503109931946","0.9528453946113586","0.9415995478630066","0.03231176733970642","0.9092878103256226"
"Test","1","0.9835513234138489","0.8541602492332458","0.1866716593503952","0.6674885749816895","0.868725061416626","0.21958467364311218","0.6491403579711914"
"Test","1","0.9980394244194031","0.9301680326461792","0.05811410769820213","0.8720539212226868","0.9275833964347839","0.09334671497344971","0.8342366814613342"
"Test","1","0.9968488812446594","0.915802001953125","0.049749985337257385","0.8660520315170288","0.9134211540222168","0.08441117405891418","0.829010009765625"
"Test","1","0.9951437711715698","0.8998035192489624","0.1235041692852974","0.7762993574142456","0.9056374430656433","0.15744885802268982","0.7481886148452759"
"Test","1","0.9663463234901428","0.8177670836448669","0.2813735902309418","0.5363935232162476","0.8407139778137207","0.3127436339855194","0.5279703140258789"
"Test","1","0.999936580657959","0.9916256666183472","-0.19791662693023682","1.189542293548584","0.9571987390518188","-0.1622152477502823","1.11941397190094"
"Test","1","0.9998456239700317","0.9843359589576721","-0.11864008754491806","1.1029760837554932","0.9586973190307617","-0.08310482650995255","1.041802167892456"
"Test","1","0.9999220371246338","0.9901043176651001","-0.1777973771095276","1.1679017543792725","0.9573441743850708","-0.14229780435562134","1.099642038345337"
"Test","1","0.9999402761459351","0.9883153438568115","-0.19691425561904907","1.1852295398712158","0.951795220375061","-0.16124595701694489","1.1130411624908447"
"Test","1","0.9970211386680603","0.9185241460800171","0.06907640397548676","0.8494477272033691","0.9182482957839966","0.10350611060857773","0.8147422075271606"
"Test","1","0.9998781681060791","0.9868954420089722","-0.15345504879951477","1.1403504610061646","0.9571948051452637","-0.1179473027586937","1.0751421451568604"
"Test","1","0.9999860525131226","0.9717047214508057","-0.3221866488456726","1.293891429901123","0.9194201827049255","-0.287383109331131","1.206803321838379"
"Test","1","0.9999423027038574","0.9614797830581665","-0.19766142964363098","1.159141182899475","0.9233293533325195","-0.16240105032920837","1.0857304334640503"
"Test","1","0.9997051358222961","0.9714510440826416","-0.07629294693470001","1.0477440357208252","0.9515359997749329","-0.04243607819080353","0.9939720630645752"
"Test","1","0.9999436140060425","0.9901480078697205","-0.20033010840415955","1.1904780864715576","0.952873706817627","-0.1651824414730072","1.1180561780929565"
"Test","1","0.9990577101707458","0.9489216208457947","0.0009494908154010773","0.9479721188545227","0.9379502534866333","0.03596627712249756","0.9019839763641357"
"Test","1","0.9998904466629028","0.9824388027191162","-0.15642531216144562","1.1388641595840454","0.9511096477508545","-0.1213131695985794","1.0724228620529175"
"Test","1","0.9998553991317749","0.9883322715759277","-0.12640339136123657","1.1147356033325195","0.9607784152030945","-0.09087460488080978","1.0516530275344849"
"Test","1","0.9960569143295288","0.8914607763290405","0.1175970733165741","0.773863673210144","0.8921539783477783","0.1510651409626007","0.7410888671875"
"Test","1","0.9999417066574097","0.9911541938781738","-0.221760556101799","1.2129147052764893","0.9533137083053589","-0.18592044711112976","1.139234185218811"
"Test","1","0.9998728036880493","0.9823529720306396","-0.12418855726718903","1.1065415143966675","0.9546722173690796","-0.08875265717506409","1.0434248447418213"
"Test","1","0.9995916485786438","0.9659393429756165","-0.059978220611810684","1.0259175300598145","0.9483303427696228","-0.02476504258811474","0.9730953574180603"
"Test","1","0.999834418296814","0.9818912744522095","-0.11982954293489456","1.1017208099365234","0.9563631415367126","-0.08428135514259338","1.0406445264816284"
"Test","1","0.9996292591094971","0.9602975249290466","-0.09494184702634811","1.0552393198013306","0.9400224685668945","-0.059260882437229156","0.9992833733558655"
"Test","1","0.9964877367019653","0.9140058755874634","0.09311322867870331","0.8208926320075989","0.9152273535728455","0.12751056253910065","0.787716805934906"
"Test","1","0.9999823570251465","0.9741650223731995","-0.28138023614883423","1.2555452585220337","0.9258700609207153","-0.24653074145317078","1.1724008321762085"
"Test","1","0.9999499320983887","0.98441481590271","-0.21685150265693665","1.2012662887573242","0.9452758431434631","-0.1816149801015854","1.126890778541565"
"Test","1","0.990369975566864","0.8721469044685364","0.17220067977905273","0.6999462246894836","0.882986307144165","0.20564402639865875","0.6773422956466675"
"Test","1","0.3347412645816803","0.5411645174026489","0.6352230310440063","-0.09405851364135742","0.5998783111572266","0.6562797427177429","-0.05640143156051636"
"Test","1","0.9998728036880493","0.9885729551315308","-0.12971611320972443","1.1182891130447388","0.9612267017364502","-0.093764528632164","1.0549912452697754"
"Test","1","0.9999821186065674","0.9746534824371338","-0.2779393792152405","1.2525928020477295","0.9261941909790039","-0.2431464046239853","1.1693406105041504"
"Test","1","0.25755414366722107","0.4938458502292633","0.6576366424560547","-0.16379079222679138","0.5573337078094482","0.6790533065795898","-0.1217195987701416"
"Test","1","0.9996638298034668","0.9709437489509583","-0.07431717216968536","1.0452609062194824","0.9526277780532837","-0.038492731750011444","0.9911205172538757"
"Test","1","0.9999581575393677","0.9915090799331665","-0.2129998803138733","1.2045090198516846","0.9528928995132446","-0.17738673090934753","1.1302796602249146"
"Test","1","0.9928601384162903","0.8851854801177979","0.15455853939056396","0.7306269407272339","0.8916788101196289","0.18849094212055206","0.703187882900238"
"Test","1","0.9998764991760254","0.989081859588623","-0.1321128010749817","1.12119460105896","0.9606809616088867","-0.09544049203395844","1.0561214685440063"
"Test","1","0.9999454021453857","0.9837424755096436","-0.1797807812690735","1.1635231971740723","0.9475468397140503","-0.1444156914949417","1.0919625759124756"
"Test","1","0.999835729598999","0.9814630746841431","-0.13666829466819763","1.118131399154663","0.9539034366607666","-0.10082497447729111","1.054728388786316"
"Test","1","0.9188336730003357","0.7444756031036377","0.3578178286552429","0.3866577744483948","0.777884840965271","0.38812968134880066","0.38975515961647034"
"Test","1","0.9998830556869507","0.9769331216812134","-0.14785835146903992","1.1247915029525757","0.9465023875236511","-0.11257100850343704","1.0590734481811523"
"Test","1","0.9991992115974426","0.9538427591323853","-0.0463743731379509","1.000217080116272","0.9390838146209717","-0.01109127327799797","0.9501751065254211"
"Test","1","0.9973489046096802","0.9125139117240906","0.0458107590675354","0.8667031526565552","0.9102238416671753","0.07858413457870483","0.8316397070884705"
"Test","1","0.999934196472168","0.9786453247070312","-0.1781812608242035","1.1568266153335571","0.9442328810691833","-0.1425919532775879","1.086824893951416"
"Test","1","0.9999139308929443","0.9833587408065796","-0.15481790900230408","1.138176679611206","0.9507236480712891","-0.11943267285823822","1.0701563358306885"
"Test","1","0.9998486042022705","0.9801502227783203","-0.14758539199829102","1.1277356147766113","0.9509281516075134","-0.11192399263381958","1.062852144241333"
"Test","1","0.9996933937072754","0.978669285774231","-0.0889153853058815","1.0675846338272095","0.9574911594390869","-0.053131334483623505","1.010622501373291"
"Test","1","0.9999531507492065","0.9845795035362244","-0.2133306860923767","1.197910189628601","0.945949912071228","-0.17792795598506927","1.1238778829574585"
"Test","1","0.9815068244934082","0.8529842495918274","0.21801364421844482","0.6349706053733826","0.8704613447189331","0.25025665760040283","0.6202046871185303"
"Test","1","0.9922196865081787","0.8945691585540771","0.13561531901359558","0.7589538097381592","0.9020374417304993","0.16998177766799927","0.7320556640625"
"Test","1","0.04189280420541763","0.33575546741485596","0.7713775634765625","-0.43562209606170654","0.4096638560295105","0.7870720624923706","-0.3774082064628601"
"Test","1","0.8052224516868591","0.6803882718086243","0.4699075222015381","0.21048074960708618","0.722345232963562","0.49610435962677","0.226240873336792"
"Test","1","0.9999380111694336","0.9906124472618103","-0.2034117877483368","1.1940242052078247","0.9535146951675415","-0.16799196600914001","1.121506690979004"
"Test","1","0.9999468326568604","0.9777275323867798","-0.2120790034532547","1.189806580543518","0.9393140077590942","-0.17694351077079773","1.1162575483322144"
"Test","1","0.999853253364563","0.9747522473335266","-0.11534782499074936","1.0901000499725342","0.9473462104797363","-0.08000126481056213","1.027347445487976"
"Test","1","0.9998902082443237","0.9891462326049805","-0.14754413068294525","1.136690378189087","0.9584803581237793","-0.111942358314991","1.0704227685928345"
"Test","1","0.9999058246612549","0.9860951900482178","-0.14553239941596985","1.1316275596618652","0.9551356434822083","-0.11019042879343033","1.0653260946273804"
"Test","1","0.9994375109672546","0.956626832485199","-0.05563917011022568","1.0122660398483276","0.9387996196746826","-0.021008258685469627","0.9598078727722168"
"Test","1","0.9998902082443237","0.9885855913162231","-0.15422599017620087","1.1428115367889404","0.9593849182128906","-0.11846576631069183","1.0778506994247437"
"Test","1","0.9999303817749023","0.9805524349212646","-0.16889072954654694","1.1494431495666504","0.945631742477417","-0.13417446613311768","1.0798062086105347"
"Test","1","0.9996800422668457","0.9731110334396362","-0.10372339934110641","1.0768344402313232","0.9502471685409546","-0.0679217204451561","1.0181689262390137"
"Test","1","0.9999663829803467","0.9877902269363403","-0.23644836246967316","1.224238634109497","0.9467500448226929","-0.20065203309059143","1.147402048110962"
"Test","1","0.9998537302017212","0.969475507736206","-0.14063870906829834","1.1101142168045044","0.9410130977630615","-0.10600890219211578","1.0470219850540161"
"Test","1","0.9999433755874634","0.9897419810295105","-0.2114514708518982","1.2011934518814087","0.9525254368782043","-0.1758347451686859","1.1283601522445679"
"Test","1","0.7820408344268799","0.6915167570114136","0.46386030316352844","0.22765645384788513","0.7359532117843628","0.4917990565299988","0.244154155254364"
"Test","1","0.998391330242157","0.9436905980110168","0.020966961979866028","0.922723650932312","0.9386696815490723","0.05579868331551552","0.8828709721565247"
"Test","1","0.8829867243766785","0.7322266697883606","0.3957086205482483","0.3365180492401123","0.7706463932991028","0.42523008584976196","0.3454163074493408"
"Test","1","0.9998899698257446","0.9808046817779541","-0.15248262882232666","1.1332873106002808","0.9503660202026367","-0.11657401919364929","1.0669400691986084"
"Test","1","0.9991299510002136","0.9486070871353149","0.006029447540640831","0.9425776600837708","0.9391157031059265","0.039881713688373566","0.8992339968681335"
"Test","1","0.9998757839202881","0.9855771064758301","-0.15105348825454712","1.1366305351257324","0.9563751220703125","-0.11585108935832977","1.0722261667251587"
"Test","1","0.9990979433059692","0.9504374265670776","0.01143617182970047","0.9390012621879578","0.9407689571380615","0.04645611345767975","0.894312858581543"
"Test","1","0.9993515610694885","0.9553682208061218","-0.051441870629787445","1.0068100690841675","0.9410911798477173","-0.016030307859182358","0.9571214914321899"
"Test","1","0.9997120499610901","0.9687855243682861","-0.0944298803806305","1.0632153749465942","0.9472312927246094","-0.05886464565992355","1.0060958862304688"
"Test","1","0.9276634454727173","0.786850094795227","0.333427369594574","0.4534227252006531","0.8173976540565491","0.36477530002593994","0.45262235403060913"
"Test","1","0.9994433522224426","0.9602229595184326","-0.03113255649805069","0.9913555383682251","0.9456789493560791","0.003522368147969246","0.9421565532684326"
"Test","1","0.9997734427452087","0.9673175811767578","-0.07851649820804596","1.0458340644836426","0.9449515342712402","-0.04381323978304863","0.988764762878418"
"Test","1","0.9997866749763489","0.9796525835990906","-0.1314603090286255","1.1111128330230713","0.9535443186759949","-0.09569461643695831","1.049238920211792"
"Test","1","0.999862790107727","0.9808943271636963","-0.14570564031600952","1.1266000270843506","0.9507243633270264","-0.11005596816539764","1.0607802867889404"
"Test","1","0.9998171925544739","0.9836395978927612","-0.12863460183143616","1.112274169921875","0.9577233791351318","-0.0929667055606842","1.0506900548934937"
"Test","1","0.9999158382415771","0.9909210205078125","-0.1602664291858673","1.1511874198913574","0.9600695371627808","-0.12386339902877808","1.083932876586914"
"Test","1","0.9965708255767822","0.9207869172096252","0.1045006513595581","0.8162862658500671","0.9223912358283997","0.13821828365325928","0.7841729521751404"
"Test","1","0.9938563704490662","0.9018912315368652","0.15341249108314514","0.7484787702560425","0.9101409912109375","0.18713295459747314","0.7230080366134644"
"Test","1","0.9996438026428223","0.967327356338501","-0.07781072705984116","1.0451381206512451","0.9474013447761536","-0.04228959232568741","0.9896909594535828"
"Test","1","0.9996949434280396","0.9735884666442871","-0.06532587856054306","1.0389143228530884","0.952794075012207","-0.0302390418946743","0.9830331206321716"
"Test","1","0.9999631643295288","0.9768401384353638","-0.2146797776222229","1.1915199756622314","0.9364924430847168","-0.1794872134923935","1.1159796714782715"
"Test","1","0.9797470569610596","0.8437955379486084","0.22449295222759247","0.6193025708198547","0.8617076873779297","0.2566671073436737","0.6050405502319336"
"Test","1","0.999733030796051","0.9745900630950928","-0.08508750051259995","1.0596776008605957","0.9527215361595154","-0.04937824606895447","1.0020997524261475"
"Test","1","0.9999799728393555","0.9694167375564575","-0.2762526869773865","1.2456693649291992","0.9220107793807983","-0.24142801761627197","1.1634387969970703"
"Test","1","0.9957239627838135","0.8977560997009277","0.090449757874012","0.8073063492774963","0.8996372222900391","0.12455606460571289","0.7750811576843262"
"Test","1","0.9999371767044067","0.9849180579185486","-0.1854422688484192","1.1703603267669678","0.9492521286010742","-0.15015287697315216","1.09940505027771"
"Test","1","0.9818603992462158","0.8454485535621643","0.26065999269485474","0.5847885608673096","0.8642115592956543","0.29322487115859985","0.5709866881370544"
"Test","1","0.9998557567596436","0.9805195927619934","-0.1030697375535965","1.0835893154144287","0.9549888372421265","-0.06776769459247589","1.022756576538086"
"Test","1","0.9999451637268066","0.9876888394355774","-0.2003391981124878","1.18802809715271","0.950251579284668","-0.1647641956806183","1.1150157451629639"
"Test","1","0.9992114305496216","0.9523611068725586","-0.016419539228081703","0.9687806367874146","0.9395604133605957","0.018684446811676025","0.9208759665489197"
"Test","1","0.8271992802619934","0.7091619968414307","0.43831437826156616","0.2708476185798645","0.7470582723617554","0.46709173917770386","0.2799665331840515"
"Test","1","0.9998109936714172","0.9790771007537842","-0.1010032668709755","1.0800803899765015","0.9546218514442444","-0.06566472351551056","1.0202865600585938"
"Test","1","0.9999871253967285","0.9651126265525818","-0.33022230863571167","1.2953349351882935","0.9116368293762207","-0.295826256275177","1.207463026046753"
"Test","1","0.9998966455459595","0.9851794242858887","-0.14342740178108215","1.1286067962646484","0.9556408524513245","-0.10794300585985184","1.0635838508605957"
"Test","1","0.9957321286201477","0.9016009569168091","0.0925377756357193","0.809063196182251","0.9034779667854309","0.12629863619804382","0.7771793603897095"
"Test","1","0.9992609620094299","0.9453292489051819","-0.004502594470977783","0.9498318433761597","0.9349592924118042","0.02891843020915985","0.9060408473014832"
"Test","1","0.9996646642684937","0.9751814007759094","-0.06685279309749603","1.0420341491699219","0.9564245939254761","-0.03160809725522995","0.9880326986312866"
"Test","1","0.9997850060462952","0.9818117618560791","-0.1050359383225441","1.0868476629257202","0.9580513834953308","-0.06933365762233734","1.0273849964141846"
"Test","1","0.999698281288147","0.9609294533729553","-0.10602077841758728","1.0669502019882202","0.9367719888687134","-0.0708785355091095","1.0076504945755005"
"Test","1","0.9998817443847656","0.9859951734542847","-0.1575314700603485","1.1435266733169556","0.9558208584785461","-0.12203656136989594","1.0778573751449585"
"Test","1","0.9773421883583069","0.8475990295410156","0.25096213817596436","0.5966368913650513","0.8680233955383301","0.2843353748321533","0.5836880207061768"
"Test","1","0.9998948574066162","0.9864630699157715","-0.15135540068149567","1.137818455696106","0.956843376159668","-0.11584337055683136","1.072686791419983"
"Test","1","0.9998605251312256","0.982535719871521","-0.14218243956565857","1.124718189239502","0.9537811875343323","-0.10644400864839554","1.060225248336792"
"Test","1","0.9998648166656494","0.9779921770095825","-0.13335050642490387","1.1113426685333252","0.951057493686676","-0.09841611981391907","1.0494736433029175"
"Test","1","0.9998968839645386","0.9870370030403137","-0.13836561143398285","1.125402569770813","0.9573802351951599","-0.10287902504205704","1.060259222984314"
"Test","1","0.9997846484184265","0.9739487171173096","-0.08479350060224533","1.0587421655654907","0.9495078325271606","-0.04975561797618866","0.9992634654045105"
"Test","1","0.9998989105224609","0.9729313850402832","-0.1534910351037979","1.12642240524292","0.9415729641914368","-0.11862248182296753","1.0601954460144043"
"Test","1","0.9999576807022095","0.9943966865539551","-0.20441165566444397","1.1988083124160767","0.9565992951393127","-0.16864950954914093","1.1252487897872925"