"split","true_label","confidence_score","hcc_cosine_mean","hem_cosine_mean","delta_mean","hcc_cosine_kmeans","hem_cosine_kmeans","delta_kmeans"
"Val","0","0.0007779024890623987","0.713137149810791","0.7158492803573608","-0.0027121305465698242","0.6820386648178101","0.7119904160499573","-0.029951751232147217"
"Val","0","0.0002058595564449206","0.6522490978240967","0.6548713445663452","-0.002622246742248535","0.6175695657730103","0.6502068638801575","-0.03263729810714722"
"Val","0","0.00014454254414886236","0.5904741883277893","0.5930196642875671","-0.002545475959777832","0.5546107292175293","0.5879951119422913","-0.03338438272476196"
"Val","0","0.0005172273959033191","0.6514908671379089","0.6540640592575073","-0.0025731921195983887","0.6197501420974731","0.6498504281044006","-0.03010028600692749"
"Val","0","0.0004804309573955834","0.7084243297576904","0.7109702825546265","-0.002545952796936035","0.6763201951980591","0.7067981958389282","-0.03047800064086914"
"Val","0","0.0005099239060655236","0.6739389300346375","0.6762986779212952","-0.002359747886657715","0.6432872414588928","0.6721043586730957","-0.02881711721420288"
"Val","0","0.0003610833373386413","0.6975725889205933","0.6997374892234802","-0.002164900302886963","0.6658027172088623","0.6954140663146973","-0.02961134910583496"
"Val","0","0.0003928891965188086","0.6299823522567749","0.6327438950538635","-0.002761542797088623","0.596360981464386","0.628297746181488","-0.03193676471710205"
"Val","0","0.00031334030791185796","0.6984808444976807","0.7010787129402161","-0.0025978684425354004","0.665293276309967","0.6966906189918518","-0.031397342681884766"
"Val","0","0.0014757236931473017","0.7322871685028076","0.7339503765106201","-0.0016632080078125","0.706328272819519","0.730205774307251","-0.023877501487731934"
"Val","0","0.00017855182522907853","0.6054351925849915","0.6079307794570923","-0.00249558687210083","0.5704286098480225","0.6031375527381897","-0.032708942890167236"
"Val","0","0.00013844364730175585","0.5757112503051758","0.578302264213562","-0.0025910139083862305","0.5391035079956055","0.5732097625732422","-0.03410625457763672"
"Val","0","0.00037283136043697596","0.7133040428161621","0.7156939506530762","-0.0023899078369140625","0.681245744228363","0.711405336856842","-0.030159592628479004"
"Val","0","0.0013450307305902243","0.779201090335846","0.780700147151947","-0.0014990568161010742","0.7540278434753418","0.7771173119544983","-0.023089468479156494"
"Val","0","0.02664399892091751","0.8530920743942261","0.8547252416610718","-0.0016331672668457031","0.8352824449539185","0.8527959585189819","-0.017513513565063477"
"Val","0","0.00030596120632253587","0.668643593788147","0.6710973978042603","-0.0024538040161132812","0.6352237462997437","0.6666173338890076","-0.031393587589263916"
"Val","0","0.0005359076894819736","0.7278083562850952","0.7300474643707275","-0.0022391080856323242","0.6969687938690186","0.7259823083877563","-0.029013514518737793"
"Val","0","0.00014565617311745882","0.607069730758667","0.6096466779708862","-0.0025769472122192383","0.5712367296218872","0.6046477556228638","-0.03341102600097656"
"Val","0","0.00024813757045194507","0.6392109394073486","0.6415586471557617","-0.002347707748413086","0.6053420901298523","0.6368201971054077","-0.03147810697555542"
"Val","0","0.0002830404555425048","0.6928459405899048","0.6950968503952026","-0.0022509098052978516","0.6600213050842285","0.6905326247215271","-0.030511319637298584"
"Val","0","0.006398768629878759","0.8023098707199097","0.8043419122695923","-0.002032041549682617","0.7802890539169312","0.8016929626464844","-0.021403908729553223"
"Val","0","0.00022245728177949786","0.6068761944770813","0.60944664478302","-0.0025704503059387207","0.5716365575790405","0.6045741438865662","-0.032937586307525635"
"Val","0","0.00034835643600672483","0.6659256219863892","0.6680507659912109","-0.0021251440048217773","0.6342514157295227","0.6636314988136292","-0.029380083084106445"
"Val","0","0.00027809356106445193","0.6374390721321106","0.6397757530212402","-0.0023366808891296387","0.6040977239608765","0.6351005434989929","-0.031002819538116455"
"Val","0","0.0002986316103488207","0.6831793785095215","0.6854955554008484","-0.0023161768913269043","0.6504419445991516","0.6810696721076965","-0.030627727508544922"
"Val","0","0.0002209378726547584","0.6133485436439514","0.6156069040298462","-0.0022583603858947754","0.5794987678527832","0.6107698082923889","-0.03127104043960571"
"Val","0","0.004463647957891226","0.7875252366065979","0.7890027761459351","-0.0014775395393371582","0.7651814818382263","0.7859590649604797","-0.020777583122253418"
"Val","0","0.0002478951937519014","0.654548168182373","0.6565622687339783","-0.0020141005516052246","0.6223965883255005","0.6519296169281006","-0.029533028602600098"
"Val","0","0.00019233788771089166","0.6325356960296631","0.6353213787078857","-0.0027856826782226562","0.5970110893249512","0.630605161190033","-0.03359407186508179"
"Val","0","0.00023166387109085917","0.6470943093299866","0.6494837403297424","-0.0023894309997558594","0.613304615020752","0.6448395252227783","-0.03153491020202637"
"Val","0","0.0003184181987307966","0.6550626754760742","0.6575605273246765","-0.002497851848602295","0.6218377351760864","0.6530426740646362","-0.031204938888549805"
"Val","0","0.00013903051149100065","0.5795695185661316","0.5823490619659424","-0.002779543399810791","0.5427913665771484","0.5772972702980042","-0.03450590372085571"
"Val","0","0.00046724011190235615","0.6654776334762573","0.6680377721786499","-0.002560138702392578","0.633139967918396","0.6637331247329712","-0.030593156814575195"
"Val","0","0.0005656993598677218","0.7359955310821533","0.7379740476608276","-0.0019785165786743164","0.7066484689712524","0.7338725924491882","-0.02722412347793579"
"Val","0","0.0006450397777371109","0.6451159119606018","0.647728443145752","-0.0026125311851501465","0.613968014717102","0.6436440944671631","-0.029676079750061035"
"Val","0","0.00037598871858790517","0.6611278653144836","0.6636266708374023","-0.002498805522918701","0.6285426020622253","0.6593156456947327","-0.030773043632507324"
"Val","0","0.00019527901895344257","0.6196290254592896","0.6219035983085632","-0.0022745728492736816","0.5857407450675964","0.6171485185623169","-0.03140777349472046"
"Val","0","0.00020385939569678158","0.6049566268920898","0.6079831123352051","-0.0030264854431152344","0.5687886476516724","0.6032565832138062","-0.03446793556213379"
"Val","0","0.0002471270563546568","0.644695520401001","0.6475558280944824","-0.0028603076934814453","0.6097634434700012","0.6429811716079712","-0.03321772813796997"
"Val","0","0.0001751236559357494","0.6145460605621338","0.6169523000717163","-0.0024062395095825195","0.5797259211540222","0.612018346786499","-0.03229242563247681"
"Val","0","0.00016043164941947907","0.6102561950683594","0.6128252744674683","-0.0025690793991088867","0.5746076703071594","0.6078911423683167","-0.03328347206115723"
"Val","0","0.00018112684483639896","0.6339842081069946","0.6365235447883606","-0.002539336681365967","0.5985408425331116","0.631718099117279","-0.03317725658416748"
"Val","0","0.00027039949782192707","0.6602902412414551","0.6629205942153931","-0.0026303529739379883","0.6263154745101929","0.6583337187767029","-0.03201824426651001"
"Val","0","0.00017622968880459666","0.6077666878700256","0.6101983189582825","-0.002431631088256836","0.5730240345001221","0.6053621172904968","-0.032338082790374756"
"Val","0","0.0006897929706610739","0.6981569528579712","0.6999789476394653","-0.0018219947814941406","0.669579267501831","0.6959377527236938","-0.026358485221862793"
"Val","0","0.00026349996915087104","0.662911593914032","0.6650265455245972","-0.0021149516105651855","0.6304745674133301","0.6604413390159607","-0.029966771602630615"
"Val","0","0.00030128806247375906","0.5987993478775024","0.6015986204147339","-0.0027992725372314453","0.5647296905517578","0.5970708727836609","-0.032341182231903076"
"Val","0","0.00010473516158526763","0.5658922791481018","0.5684725642204285","-0.00258028507232666","0.5292598009109497","0.5632690787315369","-0.03400927782058716"
"Val","0","0.00014425655535887927","0.6173451542854309","0.6196725964546204","-0.002327442169189453","0.5819534659385681","0.6146529912948608","-0.032699525356292725"
"Val","0","0.000276825885521248","0.6762690544128418","0.6788820028305054","-0.0026129484176635742","0.642352819442749","0.6744025945663452","-0.03204977512359619"
"Val","0","0.0004027923278044909","0.6222705841064453","0.6246904730796814","-0.002419888973236084","0.5904381275177002","0.6203215718269348","-0.02988344430923462"
"Val","0","0.0002138730778824538","0.66741943359375","0.6699129939079285","-0.002493560314178467","0.6331901550292969","0.6651996374130249","-0.03200948238372803"
"Val","0","0.0005500944098457694","0.7222099304199219","0.7243087291717529","-0.0020987987518310547","0.6919403076171875","0.7201430201530457","-0.028202712535858154"
"Val","0","0.00034918467281386256","0.6243828535079956","0.6270343065261841","-0.0026514530181884766","0.59125816822052","0.6225824356079102","-0.03132426738739014"
"Val","0","0.0002892896591220051","0.5806437730789185","0.5834488868713379","-0.0028051137924194336","0.545822024345398","0.5787033438682556","-0.032881319522857666"
"Val","0","0.0001321862218901515","0.5713415741920471","0.5743212699890137","-0.0029796957969665527","0.5337563157081604","0.5693148374557495","-0.03555852174758911"
"Val","0","0.00017169509374070913","0.622290313243866","0.6245847344398499","-0.0022944211959838867","0.5871907472610474","0.6196460723876953","-0.03245532512664795"
"Val","0","0.00019936819444410503","0.6179935932159424","0.6205267906188965","-0.0025331974029541016","0.5830176472663879","0.6156138181686401","-0.0325961709022522"
"Val","0","0.00014389718126039952","0.6285485029220581","0.6312403082847595","-0.002691805362701416","0.5927005410194397","0.6263494491577148","-0.033648908138275146"
"Val","0","0.00038039174978621304","0.6589653491973877","0.661310613155365","-0.002345263957977295","0.6270025372505188","0.6569811701774597","-0.029978632926940918"
"Val","0","0.0006849649944342673","0.6682873964309692","0.6705451011657715","-0.002257704734802246","0.6388717293739319","0.6664851903915405","-0.027613461017608643"
"Val","0","0.00022431496472563595","0.609790563583374","0.6125196814537048","-0.0027291178703308105","0.5748143196105957","0.6078359484672546","-0.033021628856658936"
"Val","0","0.0007160208187997341","0.7435199022293091","0.7452960014343262","-0.0017760992050170898","0.7155879735946655","0.741371750831604","-0.025783777236938477"
"Val","0","0.00043692439794540405","0.6626101732254028","0.6648216247558594","-0.002211451530456543","0.6317095756530762","0.6605650186538696","-0.028855443000793457"
"Val","0","0.00047575088683515787","0.6398254036903381","0.6423928737640381","-0.002567470073699951","0.6078888177871704","0.6381517052650452","-0.030262887477874756"
"Val","0","0.00022357446141541004","0.6437550783157349","0.6465326547622681","-0.002777576446533203","0.6088284254074097","0.6419007182121277","-0.03307229280471802"
"Val","0","0.000206770928343758","0.6484490036964417","0.6509498357772827","-0.0025008320808410645","0.6134507656097412","0.6461752653121948","-0.03272449970245361"
"Val","0","0.0003821629215963185","0.6658376455307007","0.6678764224052429","-0.0020387768745422363","0.6350607872009277","0.663541853427887","-0.02848106622695923"
"Val","0","0.00018973714031744748","0.6222038865089417","0.6245762705802917","-0.0023723840713500977","0.5871238708496094","0.619714617729187","-0.03259074687957764"
"Val","0","0.0005691940314136446","0.6892039775848389","0.691735029220581","-0.0025310516357421875","0.6580599546432495","0.6876555681228638","-0.029595613479614258"
"Val","0","0.0002423617261229083","0.6248631477355957","0.6270781755447388","-0.0022150278091430664","0.5914013385772705","0.6222410202026367","-0.03083968162536621"
"Val","0","0.0003466757189016789","0.6548892259597778","0.6569912433624268","-0.0021020174026489258","0.6233781576156616","0.6525261402130127","-0.029147982597351074"
"Val","0","0.00016419016174040735","0.6063170433044434","0.6085613369941711","-0.002244293689727783","0.5721390247344971","0.6036588549613953","-0.03151983022689819"
"Val","0","0.0003772230411414057","0.655167818069458","0.6579031348228455","-0.002735316753387451","0.6216698288917542","0.6535308361053467","-0.03186100721359253"
"Val","0","0.00015768235607538372","0.6366544961929321","0.6390546560287476","-0.0024001598358154297","0.6013721823692322","0.6341288089752197","-0.03275662660598755"
"Val","0","0.0004821729089599103","0.7356612682342529","0.7374536991119385","-0.0017924308776855469","0.7057340741157532","0.7331240177154541","-0.027389943599700928"
"Val","0","0.0005890897009521723","0.7303818464279175","0.732935905456543","-0.0025540590286254883","0.6989282965660095","0.7289310097694397","-0.030002713203430176"
"Val","0","0.00018394201470073313","0.6175209879875183","0.6199671030044556","-0.002446115016937256","0.5822996497154236","0.6150747537612915","-0.03277510404586792"
"Val","0","0.000358476274413988","0.6293182373046875","0.6319114565849304","-0.00259321928024292","0.5961896181106567","0.6274725198745728","-0.031282901763916016"
"Val","0","0.0001738488645059988","0.5794258117675781","0.5820112228393555","-0.0025854110717773438","0.5436981916427612","0.5770075917243958","-0.03330940008163452"
"Val","0","0.00033571687527000904","0.648155927658081","0.6506472229957581","-0.002491295337677002","0.6150476932525635","0.6461333632469177","-0.031085669994354248"
"Val","0","0.00023383421648759395","0.6400489807128906","0.6420940160751343","-0.0020450353622436523","0.6074875593185425","0.6374204158782959","-0.029932856559753418"
"Val","0","0.0001341068564215675","0.6004077196121216","0.6029645204544067","-0.0025568008422851562","0.5643805861473083","0.5979677438735962","-0.03358715772628784"
"Val","0","0.00010544494580244645","0.5248827934265137","0.5278710126876831","-0.0029882192611694336","0.4864703118801117","0.5225526690483093","-0.03608235716819763"
"Val","0","0.00098820507992059","0.7289254665374756","0.7308657169342041","-0.0019402503967285156","0.7009469866752625","0.7270644307136536","-0.026117444038391113"
"Val","0","0.0005044664721935987","0.6899459958076477","0.6924920082092285","-0.0025460124015808105","0.6580658555030823","0.6882094144821167","-0.030143558979034424"
"Val","0","0.00012877141125500202","0.5536549687385559","0.5565677285194397","-0.002912759780883789","0.5160632133483887","0.5513725280761719","-0.0353093147277832"
"Val","0","0.00012360949767753482","0.6004877090454102","0.6029958128929138","-0.002508103847503662","0.5640610456466675","0.5978798866271973","-0.033818840980529785"
"Val","0","0.00025700670084916055","0.6064395904541016","0.6091843843460083","-0.0027447938919067383","0.5718864798545837","0.6045814156532288","-0.03269493579864502"
"Val","0","0.00029871988226659596","0.6561146974563599","0.6585180163383484","-0.0024033188819885254","0.6230652332305908","0.6540043354034424","-0.030939102172851562"
"Val","0","0.0003344357246533036","0.6487324237823486","0.6511086225509644","-0.0023761987686157227","0.6157116889953613","0.6465378999710083","-0.030826210975646973"
"Val","0","0.00037856807466596365","0.6906014084815979","0.6925868391990662","-0.0019854307174682617","0.6599593162536621","0.6882737874984741","-0.02831447124481201"
"Val","0","0.0007651093183085322","0.6958338022232056","0.6984095573425293","-0.0025757551193237305","0.6654750108718872","0.6945379972457886","-0.029062986373901367"
"Val","0","0.0003220076614525169","0.6221946477890015","0.6247326135635376","-0.002537965774536133","0.5887618064880371","0.6202171444892883","-0.03145533800125122"
"Val","0","0.00013346529158297926","0.5870302319526672","0.5896433591842651","-0.0026131272315979004","0.5507384538650513","0.5845620632171631","-0.033823609352111816"
"Val","0","0.00013404588389676064","0.5587306022644043","0.5613580346107483","-0.002627432346343994","0.5222506523132324","0.5562012791633606","-0.033950626850128174"
"Val","0","0.0006593698635697365","0.7212228178977966","0.7230326533317566","-0.001809835433959961","0.6923238039016724","0.7189339399337769","-0.026610136032104492"
"Val","0","0.000330857903463766","0.6527709364891052","0.6553676724433899","-0.002596735954284668","0.6196310520172119","0.6509742736816406","-0.03134322166442871"
"Val","0","0.0006696034106425941","0.6850551962852478","0.6876088380813599","-0.0025536417961120605","0.6538701057434082","0.6835737228393555","-0.029703617095947266"
"Val","0","0.00018803050625137985","0.6199486255645752","0.6225060224533081","-0.00255739688873291","0.5844519138336182","0.6177114248275757","-0.03325951099395752"
"Val","0","0.0026898663491010666","0.7808241248130798","0.7824307680130005","-0.0016066431999206543","0.7574649453163147","0.7792840003967285","-0.02181905508041382"
"Val","0","0.00022504504886455834","0.6616983413696289","0.6638662219047546","-0.0021678805351257324","0.6284336447715759","0.6591377854347229","-0.030704140663146973"
"Val","0","0.0002456536458339542","0.6451019048690796","0.6476240754127502","-0.0025221705436706543","0.6108828783035278","0.6430474519729614","-0.032164573669433594"
"Val","0","0.0001647390308789909","0.5947331190109253","0.5973666906356812","-0.0026335716247558594","0.5587251782417297","0.5923949480056763","-0.03366976976394653"
"Val","0","0.0006018312997184694","0.7158836126327515","0.7179593443870544","-0.0020757317543029785","0.6858722567558289","0.7138528823852539","-0.02798062562942505"
"Val","0","0.0002478918759152293","0.6765066385269165","0.6787058115005493","-0.0021991729736328125","0.6433849930763245","0.6741097569465637","-0.030724763870239258"
"Val","0","0.00009853178926277906","0.5795838832855225","0.5822504162788391","-0.0026665329933166504","0.5423436164855957","0.5770145654678345","-0.03467094898223877"
"Val","0","0.00021681428188458085","0.6736338138580322","0.6758594512939453","-0.002225637435913086","0.639814555644989","0.6711012721061707","-0.03128671646118164"
"Val","0","0.0008636151906102896","0.6625831127166748","0.6654133796691895","-0.0028302669525146484","0.6312909126281738","0.6615034341812134","-0.03021252155303955"
"Val","0","0.00027796023641712964","0.6679791808128357","0.6700354814529419","-0.002056300640106201","0.6355661153793335","0.665400505065918","-0.029834389686584473"
"Val","0","0.0020756274461746216","0.7464418411254883","0.7482550740242004","-0.0018132328987121582","0.7213680744171143","0.7448712587356567","-0.02350318431854248"
"Val","0","0.00024172711709979922","0.6620571613311768","0.6641628742218018","-0.002105712890625","0.6289775967597961","0.6594873666763306","-0.030509769916534424"
"Val","0","0.0007478512707166374","0.7552528381347656","0.757323145866394","-0.002070307731628418","0.7257107496261597","0.7534100413322449","-0.027699291706085205"
"Val","0","0.00038437030161730945","0.7032709121704102","0.7058707475662231","-0.0025998353958129883","0.6705313920974731","0.7015829086303711","-0.03105151653289795"
"Val","0","0.0008094149525277317","0.7326363325119019","0.734764575958252","-0.0021282434463500977","0.7037394046783447","0.7308652400970459","-0.027125835418701172"
"Val","0","0.00019061550847254694","0.6487680673599243","0.65143883228302","-0.002670764923095703","0.6136807799339294","0.6467166543006897","-0.033035874366760254"
"Val","0","0.0003035881381947547","0.7020441293716431","0.704092264175415","-0.0020481348037719727","0.670071542263031","0.6996249556541443","-0.02955341339111328"
"Val","0","0.00020708779629785568","0.6491686105728149","0.6514837145805359","-0.0023151040077209473","0.614627480506897","0.6467148661613464","-0.03208738565444946"
"Val","0","0.00016377767315134406","0.626371443271637","0.6291506290435791","-0.0027791857719421387","0.5906504988670349","0.6243560314178467","-0.03370553255081177"
"Val","0","0.00021589527023024857","0.6225185394287109","0.6249842643737793","-0.0024657249450683594","0.5886014103889465","0.620312511920929","-0.03171110153198242"
"Val","0","0.00015583133790642023","0.6292686462402344","0.6316229104995728","-0.002354264259338379","0.594106912612915","0.6266704797744751","-0.03256356716156006"
"Val","0","0.00016248910105787218","0.6366677284240723","0.6389726400375366","-0.0023049116134643555","0.6018307209014893","0.6340540647506714","-0.03222334384918213"
"Val","0","0.00010067683615488932","0.5470850467681885","0.549997091293335","-0.0029120445251464844","0.508633017539978","0.5446893572807312","-0.036056339740753174"
"Val","0","0.00025626723072491586","0.6461598873138428","0.6487405896186829","-0.002580702304840088","0.6121940016746521","0.6441751718521118","-0.03198117017745972"
"Val","0","0.00027598021551966667","0.6408287286758423","0.6429713368415833","-0.002142608165740967","0.6084915399551392","0.6383534669876099","-0.029861927032470703"
"Val","0","0.0031984446104615927","0.8235025405883789","0.8252712488174438","-0.0017687082290649414","0.7995555996894836","0.8222125172615051","-0.022656917572021484"
"Val","0","0.00013349662185646594","0.6085068583488464","0.6111820936203003","-0.0026752352714538574","0.5718994736671448","0.6061320304870605","-0.03423255681991577"
"Val","0","0.0001210463815368712","0.5946950316429138","0.5975852012634277","-0.002890169620513916","0.5575159788131714","0.5925886631011963","-0.0350726842880249"
"Val","0","0.00016666723240632564","0.6124435663223267","0.6153601408004761","-0.002916574478149414","0.5760505795478821","0.6105503439903259","-0.03449976444244385"
"Val","0","0.0004901340580545366","0.7046816945075989","0.7070480585098267","-0.002366364002227783","0.6735396981239319","0.7029204964637756","-0.02938079833984375"
"Val","0","0.0003113986167591065","0.6421394348144531","0.6448370814323425","-0.0026976466178894043","0.608422577381134","0.6403872966766357","-0.03196471929550171"
"Val","0","0.00017561225104145706","0.6403757333755493","0.6425724625587463","-0.0021967291831970215","0.6061486601829529","0.6376811265945435","-0.031532466411590576"
"Val","0","0.00034384391619823873","0.6306376457214355","0.6332758665084839","-0.00263822078704834","0.5975806713104248","0.6288681030273438","-0.031287431716918945"
"Val","0","0.00013511844736058265","0.6101007461547852","0.6126984357833862","-0.0025976896286010742","0.5736689567565918","0.6077084541320801","-0.03403949737548828"
"Val","0","0.00010528028360567987","0.5968843102455139","0.5992250442504883","-0.0023407340049743652","0.5605877041816711","0.5940046310424805","-0.033416926860809326"
"Val","0","0.00014968588948249817","0.6138784885406494","0.6165153980255127","-0.0026369094848632812","0.5776994228363037","0.6115490198135376","-0.03384959697723389"
"Val","0","0.00022889087267685682","0.6643236875534058","0.667092502117157","-0.0027688145637512207","0.6298439502716064","0.6625169515609741","-0.032673001289367676"
"Val","0","0.001342168776318431","0.7749888896942139","0.776840329170227","-0.0018514394760131836","0.7481649518013","0.7731938362121582","-0.025028884410858154"
"Val","0","0.0003391043283045292","0.7093245983123779","0.7111257314682007","-0.001801133155822754","0.6788084506988525","0.7067425847053528","-0.027934134006500244"
"Val","0","0.00024323911929968745","0.6232907176017761","0.6260813474655151","-0.0027906298637390137","0.5883076190948486","0.6214461326599121","-0.03313851356506348"
"Val","0","0.0002698280441109091","0.6354523301124573","0.6380728483200073","-0.002620518207550049","0.6015679240226746","0.6335244178771973","-0.031956493854522705"
"Val","0","0.00047352039837278426","0.7045828104019165","0.7066147327423096","-0.0020319223403930664","0.6741575598716736","0.7023963928222656","-0.02823883295059204"
"Val","0","0.00034343174775131047","0.6525374054908752","0.6545140743255615","-0.0019766688346862793","0.6216078996658325","0.6500676870346069","-0.028459787368774414"
"Val","0","0.0003065889759454876","0.6620976328849792","0.6640942096710205","-0.0019965767860412598","0.6305735111236572","0.6596376299858093","-0.0290641188621521"
"Val","0","0.00021833530627191067","0.6081880331039429","0.6108976602554321","-0.002709627151489258","0.572969913482666","0.6061221361160278","-0.033152222633361816"
"Val","0","0.00020119322289247066","0.5941169261932373","0.5967444181442261","-0.0026274919509887695","0.5585856437683105","0.5918442606925964","-0.03325861692428589"
"Val","0","0.00018288240244146436","0.6001134514808655","0.6025294065475464","-0.002415955066680908","0.5651223659515381","0.5975888967514038","-0.03246653079986572"
"Val","0","0.00020311532716732472","0.6505845785140991","0.6531378626823425","-0.002553284168243408","0.6158541440963745","0.648354709148407","-0.03250056505203247"
"Val","0","0.00037950428668409586","0.7153933048248291","0.7175626754760742","-0.002169370651245117","0.6839859485626221","0.7132585048675537","-0.02927255630493164"
"Val","0","0.00020748308452311903","0.6543359160423279","0.6564911007881165","-0.0021551847457885742","0.6207643747329712","0.65172278881073","-0.03095841407775879"
"Val","0","0.00022191072639543563","0.6719045639038086","0.6741875410079956","-0.0022829771041870117","0.638059139251709","0.669449508190155","-0.031390368938446045"
"Val","0","0.00019391135720070451","0.6343414783477783","0.6366331577301025","-0.0022916793823242188","0.6003914475440979","0.6318817734718323","-0.031490325927734375"
"Val","0","0.00019795152184087783","0.6347942352294922","0.6373538374900818","-0.0025596022605895996","0.5994777679443359","0.6325827836990356","-0.03310501575469971"
"Val","0","0.00021469480998348445","0.6113879680633545","0.6140587329864502","-0.002670764923095703","0.5765546560287476","0.6093584299087524","-0.03280377388000488"
"Val","0","0.0002866742142941803","0.6005961298942566","0.6030714511871338","-0.0024753212928771973","0.5675212144851685","0.5985201001167297","-0.03099888563156128"
"Val","0","0.00013498864427674562","0.5565422773361206","0.5595883131027222","-0.0030460357666015625","0.5186564922332764","0.554543137550354","-0.03588664531707764"
"Val","0","0.00011663271288853139","0.5811062455177307","0.584069013595581","-0.002962768077850342","0.5434085130691528","0.5790067911148071","-0.0355982780456543"
"Val","0","0.00020684566698037088","0.6010391712188721","0.6035701036453247","-0.0025309324264526367","0.5661441087722778","0.5986815690994263","-0.03253746032714844"
"Val","0","0.0002515237720217556","0.6054024696350098","0.6077122092247009","-0.002309739589691162","0.5721737742424011","0.6030193567276001","-0.030845582485198975"
"Val","0","0.0034946464002132416","0.7481032609939575","0.7498468160629272","-0.0017435550689697266","0.72487872838974","0.746749222278595","-0.02187049388885498"
"Val","0","0.00027841294649988413","0.6881961822509766","0.690483570098877","-0.0022873878479003906","0.6553360819816589","0.686035692691803","-0.030699610710144043"
"Val","0","0.0003113223356194794","0.6730381846427917","0.6752468347549438","-0.0022086501121520996","0.6410048604011536","0.6708003878593445","-0.029795527458190918"
"Val","0","0.0006215974572114646","0.7452096939086914","0.7475249171257019","-0.002315223217010498","0.7149367332458496","0.74354088306427","-0.02860414981842041"
"Val","0","0.00046261088573373854","0.7303826212882996","0.732306718826294","-0.0019240975379943848","0.7002881169319153","0.7280839681625366","-0.027795851230621338"
"Val","0","0.0001664472947595641","0.635546088218689","0.6382771730422974","-0.0027310848236083984","0.5999358296394348","0.6334962844848633","-0.03356045484542847"
"Val","0","0.000772995175793767","0.6907147169113159","0.6930249333381653","-0.0023102164268493652","0.6606237888336182","0.6890684962272644","-0.02844470739364624"
"Val","0","0.0001851003908086568","0.6424717903137207","0.6452900171279907","-0.0028182268142700195","0.6068090200424194","0.6405709385871887","-0.03376191854476929"
"Val","0","0.00021671777358278632","0.6476446390151978","0.6503992080688477","-0.0027545690536499023","0.6125818490982056","0.6457589268684387","-0.033177077770233154"
"Val","0","0.00023550759942736477","0.6421196460723877","0.6445998549461365","-0.0024802088737487793","0.6078095436096191","0.6398589611053467","-0.03204941749572754"
"Val","0","0.0002617165446281433","0.6695177555084229","0.6721773743629456","-0.002659618854522705","0.6355240941047668","0.6676640510559082","-0.03213995695114136"
"Val","0","0.0002932855859398842","0.6643036603927612","0.6664708852767944","-0.002167224884033203","0.6322463154792786","0.6619075536727905","-0.029661238193511963"
"Val","0","0.0003739612002391368","0.622006893157959","0.6245731115341187","-0.002566218376159668","0.5897380709648132","0.6201995015144348","-0.030461430549621582"
"Val","0","0.00009741406393004581","0.5603914260864258","0.5631104707717896","-0.0027190446853637695","0.5229450464248657","0.5578288435935974","-0.03488379716873169"
"Val","0","0.00028871322865597904","0.5889803767204285","0.5918852090835571","-0.002904832363128662","0.5539901256561279","0.5872257947921753","-0.03323566913604736"
"Val","0","0.00044660584535449743","0.5847325325012207","0.5873976349830627","-0.002665102481842041","0.5523941516876221","0.5830689668655396","-0.03067481517791748"
"Val","0","0.00027654628502205014","0.6052073240280151","0.6080676317214966","-0.0028603076934814453","0.5707130432128906","0.6035062074661255","-0.03279316425323486"
"Val","0","0.0000933524061110802","0.5240502953529358","0.5269810557365417","-0.002930760383605957","0.4854876399040222","0.5216069221496582","-0.036119282245635986"
"Val","0","0.000211450838833116","0.626939594745636","0.6296422481536865","-0.002702653408050537","0.5915049314498901","0.6248390674591064","-0.03333413600921631"
"Val","0","0.00023921062529552728","0.6219272613525391","0.6249129176139832","-0.002985656261444092","0.5863426923751831","0.6202999353408813","-0.03395724296569824"
"Val","0","0.0004531706217676401","0.6560901999473572","0.6587216258049011","-0.0026314258575439453","0.6239845752716064","0.654533326625824","-0.03054875135421753"
"Val","0","0.001400117645971477","0.7203147411346436","0.7221934795379639","-0.0018787384033203125","0.6942561268806458","0.7185477018356323","-0.024291574954986572"
"Val","0","0.00039576305425725877","0.6701437830924988","0.672512412071228","-0.002368628978729248","0.6380114555358887","0.6681407690048218","-0.030129313468933105"
"Val","0","0.001005397760309279","0.7550615072250366","0.7571651935577393","-0.0021036863327026367","0.7263059616088867","0.7533389925956726","-0.02703303098678589"
"Val","0","0.0004010046541225165","0.6413358449935913","0.6443946957588196","-0.0030588507652282715","0.6071847677230835","0.6401094794273376","-0.03292471170425415"
"Val","0","0.00024966729688458145","0.6347886919975281","0.6373242139816284","-0.002535521984100342","0.6008533835411072","0.6327418684959412","-0.031888484954833984"
"Val","0","0.00023959639656823128","0.6676279902458191","0.6702773571014404","-0.002649366855621338","0.633217453956604","0.6656993627548218","-0.03248190879821777"
"Val","0","0.0010669388575479388","0.7207238674163818","0.7225943803787231","-0.0018705129623413086","0.6933459043502808","0.7187134027481079","-0.02536749839782715"
"Val","0","0.00046811182983219624","0.6959929466247559","0.6984022855758667","-0.00240933895111084","0.6639879941940308","0.6940685510635376","-0.030080556869506836"
"Val","0","0.0004031482385471463","0.6477593183517456","0.6502214074134827","-0.0024620890617370605","0.6155660152435303","0.645868182182312","-0.03030216693878174"
"Val","0","0.00043157077743671834","0.6953476071357727","0.6974719762802124","-0.0021243691444396973","0.6647904515266418","0.693246603012085","-0.028456151485443115"
"Val","0","0.0002867966250050813","0.6344385743141174","0.6373679637908936","-0.002929389476776123","0.599743127822876","0.6328703165054321","-0.03312718868255615"
"Val","0","0.00033263693330809474","0.6634721755981445","0.6656633615493774","-0.00219118595123291","0.6318455934524536","0.6612750887870789","-0.029429495334625244"
"Val","0","0.00115752883721143","0.7383395433425903","0.7401961088180542","-0.0018565654754638672","0.7112525105476379","0.7365047335624695","-0.025252223014831543"
"Val","0","0.0002309570409124717","0.6452873945236206","0.6476048231124878","-0.0023174285888671875","0.6120824813842773","0.6429033875465393","-0.030820906162261963"
"Val","0","0.0002413712936686352","0.6448401808738708","0.6471410393714905","-0.002300858497619629","0.6114552021026611","0.6424986124038696","-0.031043410301208496"
"Val","0","0.00014125772577244788","0.5906161665916443","0.5931718945503235","-0.0025557279586791992","0.5542067289352417","0.5881175398826599","-0.03391081094741821"
"Val","0","0.00024415855295956135","0.6529094576835632","0.6555783748626709","-0.002668917179107666","0.6186609864234924","0.651000440120697","-0.03233945369720459"
"Val","0","0.00020156170648988336","0.603012204170227","0.6057865619659424","-0.002774357795715332","0.5677663683891296","0.6010453104972839","-0.0332789421081543"
"Val","0","0.00014852176536805928","0.6089100241661072","0.6111933588981628","-0.002283334732055664","0.5743654370307922","0.6062713861465454","-0.031905949115753174"
"Val","0","0.0009509067167527974","0.6918177008628845","0.693869948387146","-0.0020522475242614746","0.6638634204864502","0.6900157332420349","-0.026152312755584717"
"Val","0","0.0006894879625178874","0.7074525356292725","0.709801435470581","-0.0023488998413085938","0.6768389344215393","0.705693244934082","-0.028854310512542725"
"Val","0","0.00030072330264374614","0.6684505939483643","0.6709033846855164","-0.0024527907371520996","0.635211169719696","0.66644686460495","-0.031235694885253906"
"Val","0","0.00020673268591053784","0.6625938415527344","0.6651949882507324","-0.002601146697998047","0.6279833912849426","0.6605412364006042","-0.03255784511566162"
"Val","0","0.0002414145419606939","0.6581935286521912","0.6609054803848267","-0.002711951732635498","0.6236910820007324","0.6563621759414673","-0.03267109394073486"
"Val","0","0.0008937103557400405","0.7121242880821228","0.7145471572875977","-0.0024228692054748535","0.6829196214675903","0.7107393741607666","-0.02781975269317627"
"Val","0","0.00020489201415330172","0.6394749879837036","0.6420000195503235","-0.002525031566619873","0.6040526628494263","0.6371923089027405","-0.03313964605331421"
"Val","0","0.003064373740926385","0.8063433170318604","0.8080692291259766","-0.001725912094116211","0.7821374535560608","0.8047938346862793","-0.022656381130218506"
"Val","0","0.00024371035397052765","0.6466904282569885","0.6490997076034546","-0.0024092793464660645","0.6129252910614014","0.6444851756095886","-0.031559884548187256"
"Val","0","0.00019835360581055284","0.6217042207717896","0.6239655017852783","-0.0022612810134887695","0.5880138874053955","0.6192225217819214","-0.03120863437652588"
"Val","0","0.00023631463409401476","0.6183218955993652","0.6207364797592163","-0.0024145841598510742","0.5844854712486267","0.6159869432449341","-0.03150147199630737"
"Val","0","0.00010523921810090542","0.556186318397522","0.5588864088058472","-0.0027000904083251953","0.5190448760986328","0.5536465048789978","-0.03460162878036499"
"Val","0","0.0003541914338711649","0.6599076986312866","0.6622161269187927","-0.0023084282875061035","0.6286376118659973","0.657855749130249","-0.02921813726425171"
"Val","0","0.00037902072654105723","0.6875373721122742","0.6897680759429932","-0.002230703830718994","0.6559029817581177","0.6854445338249207","-0.02954155206680298"
"Val","0","0.00043307567830197513","0.6545273661613464","0.6571599245071411","-0.0026325583457946777","0.6222575902938843","0.6528851389884949","-0.030627548694610596"
"Val","0","0.00018131399701815099","0.6135576963424683","0.6165416836738586","-0.002983987331390381","0.5772470831871033","0.6117661595344543","-0.034519076347351074"
"Val","0","0.0003441084991209209","0.6746076345443726","0.6773548126220703","-0.002747178077697754","0.6411402821540833","0.6730194091796875","-0.03187912702560425"
"Val","0","0.0003026016056537628","0.6411999464035034","0.6438509821891785","-0.002651035785675049","0.6075245141983032","0.6393866539001465","-0.03186213970184326"
"Val","0","0.00019637634977698326","0.6050443649291992","0.6080272197723389","-0.0029828548431396484","0.5687888860702515","0.6032776236534119","-0.0344887375831604"
"Val","0","0.00025255559012293816","0.6559920907020569","0.658268392086029","-0.002276301383972168","0.6228412389755249","0.6536837816238403","-0.03084254264831543"
"Val","0","0.00021073712559882551","0.6612067222595215","0.6638085842132568","-0.0026018619537353516","0.6267874240875244","0.6591681838035583","-0.032380759716033936"
"Val","0","0.00038849064731039107","0.6549152135848999","0.6572291851043701","-0.002313971519470215","0.6231117844581604","0.6529141664505005","-0.029802381992340088"
"Val","0","0.00016374830738641322","0.5938528180122375","0.596381425857544","-0.0025286078453063965","0.5579835176467896","0.5913487672805786","-0.03336524963378906"
"Val","0","0.00009881717414828017","0.5421493053436279","0.5449106693267822","-0.002761363983154297","0.5043704509735107","0.5396026968955994","-0.03523224592208862"
"Val","0","0.0001542481768410653","0.5948787927627563","0.5974442958831787","-0.0025655031204223633","0.5590914487838745","0.5924450159072876","-0.033353567123413086"
"Val","0","0.00010455265146447346","0.5399689078330994","0.542710542678833","-0.0027416348457336426","0.5025155544281006","0.5374109745025635","-0.03489542007446289"
"Val","0","0.024997763335704803","0.8124781847000122","0.8136733174324036","-0.0011951327323913574","0.7968000173568726","0.8116054534912109","-0.014805436134338379"
"Val","0","0.00018345961871091276","0.6120808124542236","0.6144627332687378","-0.00238192081451416","0.5771816968917847","0.6095221638679504","-0.03234046697616577"
"Val","0","0.00020327437960077077","0.6304506063461304","0.6326708197593689","-0.0022202134132385254","0.5969617962837219","0.6279096603393555","-0.030947864055633545"
"Val","0","0.00017357757315039635","0.6226890087127686","0.6249439120292664","-0.0022549033164978027","0.5878512859344482","0.6200264096260071","-0.03217512369155884"
"Val","0","0.0009736763895489275","0.7177268862724304","0.7197697162628174","-0.002042829990386963","0.690258264541626","0.7160352468490601","-0.025776982307434082"
"Val","0","0.00023401575163006783","0.6310812830924988","0.6337679624557495","-0.0026866793632507324","0.5960237383842468","0.6290696859359741","-0.033045947551727295"
"Val","0","0.00025391855160705745","0.6679708361625671","0.6700929403305054","-0.0021221041679382324","0.6347057223320007","0.6654300093650818","-0.030724287033081055"
"Val","0","0.0012530289823189378","0.7281746864318848","0.7304445505142212","-0.0022698640823364258","0.6999996900558472","0.7267906665802002","-0.026790976524353027"
"Val","0","0.00021237727196421474","0.6160018444061279","0.6186037063598633","-0.0026018619537353516","0.581558346748352","0.6139206290245056","-0.032362282276153564"
"Val","0","0.00012242310913279653","0.5873934626579285","0.590161919593811","-0.0027684569358825684","0.5500682592391968","0.5850570201873779","-0.03498876094818115"
"Val","0","0.00031426295754499733","0.6652855277061462","0.6676160097122192","-0.002330482006072998","0.6330608129501343","0.6631847620010376","-0.03012394905090332"
"Val","0","0.0009409044869244099","0.6789206862449646","0.6813881397247314","-0.0024674534797668457","0.6491702795028687","0.6775359511375427","-0.028365671634674072"
"Val","0","0.00018292685854248703","0.5909654498100281","0.5939553380012512","-0.0029898881912231445","0.5542722344398499","0.5891370177268982","-0.03486478328704834"
"Val","0","0.00021160696633160114","0.6152772903442383","0.6177507042884827","-0.0024734139442443848","0.581087589263916","0.613021731376648","-0.031934142112731934"
"Val","0","0.00010305385512765497","0.547184944152832","0.5499648451805115","-0.0027799010276794434","0.5094756484031677","0.5446685552597046","-0.035192906856536865"
"Val","0","0.0011669419473037124","0.7152127027511597","0.7174963355064392","-0.002283632755279541","0.6865836381912231","0.7136592864990234","-0.027075648307800293"
"Val","0","0.0002595650148577988","0.6481293439865112","0.6502400636672974","-0.002110719680786133","0.616025984287262","0.6456179618835449","-0.02959197759628296"
"Val","0","0.00023298829910345376","0.6157597303390503","0.6182615160942078","-0.0025017857551574707","0.5816664695739746","0.6136003732681274","-0.03193390369415283"
"Val","0","0.0001643337745917961","0.5975657105445862","0.6006020307540894","-0.003036320209503174","0.5605725049972534","0.5957329869270325","-0.03516048192977905"
"Val","0","0.00016744410095270723","0.6199769973754883","0.6223805546760559","-0.002403557300567627","0.5853131413459778","0.6175858974456787","-0.03227275609970093"
"Val","0","0.0003555972361937165","0.6616688966751099","0.6635662317276001","-0.0018973350524902344","0.6311594843864441","0.6591079235076904","-0.027948439121246338"
"Val","0","0.00016473933646921068","0.5642801523208618","0.5668678283691406","-0.0025876760482788086","0.5281301736831665","0.5617932081222534","-0.033663034439086914"
"Val","0","0.0003055318084079772","0.6267046928405762","0.6287680268287659","-0.0020633339881896973","0.5951332449913025","0.6242374181747437","-0.029104173183441162"
"Val","0","0.0003389502235222608","0.6587002873420715","0.6610735654830933","-0.0023732781410217285","0.6259020566940308","0.656563401222229","-0.030661344528198242"
"Val","0","0.00023634688113816082","0.6226902008056641","0.6253018379211426","-0.0026116371154785156","0.5881379842758179","0.6206476092338562","-0.03250962495803833"
"Val","0","0.0001865252124844119","0.6075294613838196","0.6105254888534546","-0.0029960274696350098","0.5710982084274292","0.6057494878768921","-0.03465127944946289"
"Val","0","0.0002795398759189993","0.6941229104995728","0.6962642669677734","-0.0021413564682006836","0.6616998910903931","0.6917812824249268","-0.03008139133453369"
"Val","0","0.00019360819715075195","0.6092228889465332","0.6121280193328857","-0.002905130386352539","0.5731644034385681","0.6073832511901855","-0.03421884775161743"
"Val","1","0.9989481568336487","0.715362012386322","0.7135865688323975","0.0017754435539245605","0.7375123500823975","0.716941237449646","0.020571112632751465"
"Val","1","0.9998302459716797","0.7122808694839478","0.7105931043624878","0.001687765121459961","0.7376983165740967","0.7146531343460083","0.02304518222808838"
"Val","1","0.9988112449645996","0.8112964630126953","0.8099479675292969","0.0013484954833984375","0.8300361633300781","0.8130264282226562","0.017009735107421875"
"Val","1","0.9996274709701538","0.7514427304267883","0.7499382495880127","0.0015044808387756348","0.7731283903121948","0.753565788269043","0.019562602043151855"
"Val","1","0.9997005462646484","0.7284126281738281","0.7268102169036865","0.0016024112701416016","0.7520248889923096","0.7306840419769287","0.02134084701538086"
"Val","1","0.9997578263282776","0.7496703863143921","0.7477637529373169","0.0019066333770751953","0.7746084928512573","0.7516926527023315","0.02291584014892578"
"Val","1","0.06754372268915176","0.8278083801269531","0.8286417722702026","-0.0008333921432495117","0.8157625198364258","0.8272110223770142","-0.011448502540588379"
"Val","1","0.0038085232954472303","0.8160487413406372","0.817996621131897","-0.0019478797912597656","0.7914988398551941","0.8149977326393127","-0.023498892784118652"
"Val","1","0.006183262448757887","0.7542029619216919","0.7562059164047241","-0.0020029544830322266","0.7308664321899414","0.7533681988716125","-0.022501766681671143"
"Val","1","0.997840404510498","0.7730495929718018","0.7720093727111816","0.0010402202606201172","0.7888084053993225","0.7747635245323181","0.014044880867004395"
"Val","1","0.9996259212493896","0.6720068454742432","0.670674204826355","0.0013326406478881836","0.6945255994796753","0.6743951439857483","0.020130455493927002"
"Val","1","0.9987101554870605","0.7094545960426331","0.708132803440094","0.0013217926025390625","0.7289417386054993","0.7112876176834106","0.017654120922088623"
"Val","1","0.9997963309288025","0.734483003616333","0.7324144840240479","0.0020685195922851562","0.7606468200683594","0.7364275455474854","0.024219274520874023"
"Val","1","0.010430818423628807","0.8127405643463135","0.8137877583503723","-0.0010471940040588379","0.7945429086685181","0.8113046288490295","-0.016761720180511475"
"Val","1","0.9997212290763855","0.7332965731620789","0.7313547134399414","0.0019418597221374512","0.7582922577857971","0.7352792620658875","0.023012995719909668"
"Val","1","0.9986322522163391","0.7561138868331909","0.7550709247589111","0.0010429620742797852","0.7743639945983887","0.7582712173461914","0.016092777252197266"
"Val","1","0.0013067624531686306","0.7070474028587341","0.7088145613670349","-0.0017671585083007812","0.6806658506393433","0.7050964832305908","-0.02443063259124756"
"Val","1","0.998343825340271","0.7482518553733826","0.7465714812278748","0.0016803741455078125","0.7684298157691956","0.749671459197998","0.01875835657119751"
"Val","1","0.999890923500061","0.6722110509872437","0.6704766750335693","0.0017343759536743164","0.6993086934089661","0.6748435497283936","0.02446514368057251"
"Val","1","0.8458158373832703","0.8479328155517578","0.847579300403595","0.0003535151481628418","0.8501594662666321","0.8482546210289001","0.0019048452377319336"
"Val","1","0.9998514652252197","0.6911042928695679","0.6894212961196899","0.0016829967498779297","0.7167083024978638","0.6935465335845947","0.023161768913269043"
"Val","1","0.00416373647749424","0.7552089095115662","0.757562518119812","-0.0023536086082458496","0.729214072227478","0.7544574737548828","-0.025243401527404785"
"Val","1","0.9998550415039062","0.6851681470870972","0.6836546063423157","0.0015135407447814941","0.7108777165412903","0.6878828406333923","0.02299487590789795"
"Val","1","0.047816213220357895","0.8215322494506836","0.8231458067893982","-0.0016135573387145996","0.8062105178833008","0.8215819597244263","-0.015371441841125488"
"Val","1","0.9994170665740967","0.7586984038352966","0.7570369839668274","0.0016614198684692383","0.7813905477523804","0.7606699466705322","0.020720601081848145"
"Val","1","0.0454874187707901","0.8990503549575806","0.8993220925331116","-0.00027173757553100586","0.8870580792427063","0.8975611329078674","-0.010503053665161133"
"Val","1","0.9997801184654236","0.6713180541992188","0.6697114109992981","0.0016066431999206543","0.6958838105201721","0.6736775040626526","0.02220630645751953"
"Val","1","0.17508067190647125","0.8421369791030884","0.8427358865737915","-0.000598907470703125","0.8334549069404602","0.8417623043060303","-0.008307397365570068"
"Val","1","0.9960172772407532","0.8326435089111328","0.8318317532539368","0.0008117556571960449","0.846657931804657","0.8344521522521973","0.012205779552459717"
"Val","1","0.9998231530189514","0.6879918575286865","0.6862083673477173","0.0017834901809692383","0.7130191326141357","0.6901747584342957","0.022844374179840088"
"Val","1","0.9982292056083679","0.7858073711395264","0.7845033407211304","0.001304030418395996","0.8037806749343872","0.7874739766120911","0.016306698322296143"
"Val","1","0.9984126091003418","0.7794865369796753","0.7785605788230896","0.0009259581565856934","0.796470046043396","0.781690239906311","0.014779806137084961"
"Val","1","0.9999020099639893","0.6772029399871826","0.6752991676330566","0.0019037723541259766","0.7052447199821472","0.6797044277191162","0.025540292263031006"
"Val","1","0.9994785189628601","0.7423429489135742","0.741070568561554","0.0012723803520202637","0.7627646923065186","0.7445211410522461","0.01824355125427246"
"Val","1","0.9843913316726685","0.8320099115371704","0.8315513134002686","0.00045859813690185547","0.8413126468658447","0.8336015343666077","0.0077111124992370605"
"Val","1","0.3624289631843567","0.9015264511108398","0.9019491672515869","-0.0004227161407470703","0.895460844039917","0.9015361666679382","-0.00607532262802124"
"Val","1","0.9998605251312256","0.6895840764045715","0.6876862049102783","0.0018978714942932129","0.7159305810928345","0.6918708086013794","0.024059772491455078"
"Val","1","0.32977044582366943","0.9022083878517151","0.9026631712913513","-0.00045478343963623047","0.8951117992401123","0.902056872844696","-0.00694507360458374"
"Val","1","0.8292913436889648","0.8885844349861145","0.8876398801803589","0.0009445548057556152","0.8929556608200073","0.8882832527160645","0.004672408103942871"
"Val","1","0.9987786412239075","0.7483104467391968","0.7467076182365417","0.0016028285026550293","0.7691241502761841","0.7499359846115112","0.01918816566467285"
"Val","1","0.9998561143875122","0.660657525062561","0.6590168476104736","0.0016406774520874023","0.6869211792945862","0.6632559895515442","0.023665189743041992"
"Val","1","0.9969624876976013","0.7758806943893433","0.7752309441566467","0.0006497502326965332","0.7898416519165039","0.7778303027153015","0.012011349201202393"
"Val","1","0.9996612071990967","0.7099927663803101","0.7079365849494934","0.0020561814308166504","0.7353829145431519","0.7117772102355957","0.023605704307556152"
"Val","1","0.9047290682792664","0.8680928349494934","0.8671801090240479","0.0009127259254455566","0.874802827835083","0.8682961463928223","0.006506681442260742"
"Val","1","0.4799514710903168","0.895308256149292","0.8958835601806641","-0.0005753040313720703","0.8896562457084656","0.8956619501113892","-0.006005704402923584"
"Val","1","0.9928096532821655","0.7616511583328247","0.7611403465270996","0.0005108118057250977","0.7741387486457825","0.7634928226470947","0.010645925998687744"
"Val","1","0.9995706677436829","0.7219073176383972","0.7207316160202026","0.00117570161819458","0.7437621355056763","0.7245354652404785","0.019226670265197754"
"Val","1","0.0030490087810903788","0.7491399049758911","0.7511957883834839","-0.0020558834075927734","0.7237287759780884","0.7479146122932434","-0.02418583631515503"
"Val","1","0.9997898936271667","0.7292122840881348","0.7273563146591187","0.0018559694290161133","0.7543381452560425","0.7313610315322876","0.022977113723754883"
"Val","1","0.9983945488929749","0.7692939043045044","0.7674604654312134","0.0018334388732910156","0.7899370193481445","0.7705775499343872","0.019359469413757324"
"Val","1","0.9991580247879028","0.7532904148101807","0.7519124746322632","0.0013779401779174805","0.7737576365470886","0.7553969025611877","0.01836073398590088"
"Val","1","0.9998923540115356","0.6838703155517578","0.6820057034492493","0.001864612102508545","0.711423933506012","0.6863024830818176","0.025121450424194336"
"Val","1","0.9999005794525146","0.648632287979126","0.6464793682098389","0.0021529197692871094","0.6779158115386963","0.6509124636650085","0.027003347873687744"
"Val","1","0.9996833801269531","0.7414883375167847","0.7396997809410095","0.0017885565757751465","0.7654545903205872","0.743529200553894","0.021925389766693115"
"Val","1","0.9997709393501282","0.7236270904541016","0.7213835716247559","0.002243518829345703","0.7508171200752258","0.725434422492981","0.025382697582244873"
"Val","1","0.9998469352722168","0.6821126937866211","0.6803158521652222","0.0017968416213989258","0.708226203918457","0.6844852566719055","0.023740947246551514"
"Val","1","0.9995805621147156","0.7705093622207642","0.7686085104942322","0.0019008517265319824","0.7940062880516052","0.7722818851470947","0.021724402904510498"
"Val","1","0.9988283514976501","0.7900082468986511","0.7888184785842896","0.0011897683143615723","0.8083025813102722","0.7919121384620667","0.016390442848205566"
"Val","1","0.9998437166213989","0.6878079175949097","0.6860392093658447","0.0017687082290649414","0.7135326862335205","0.6901466846466064","0.023386001586914062"
"Val","1","0.996990442276001","0.7503368854522705","0.7494620084762573","0.0008748769760131836","0.7666134238243103","0.7522993683815002","0.014314055442810059"
"Val","1","0.9967581629753113","0.8565795421600342","0.8551099896430969","0.0014695525169372559","0.8733586072921753","0.8578394055366516","0.015519201755523682"
"Val","1","0.9998866319656372","0.6615924835205078","0.6596798300743103","0.0019126534461975098","0.6895426511764526","0.66404789686203","0.025494754314422607"
"Val","1","0.00958104059100151","0.8050004243850708","0.8072145581245422","-0.0022141337394714355","0.7825683355331421","0.8047447204589844","-0.022176384925842285"
"Val","1","0.9998533725738525","0.6830386519432068","0.6817028522491455","0.0013357996940612793","0.7078865170478821","0.6859084367752075","0.02197808027267456"
"Val","1","0.9996514320373535","0.7582540512084961","0.7567868232727051","0.0014672279357910156","0.7805114388465881","0.7605092525482178","0.02000218629837036"
"Val","1","0.9977935552597046","0.7915515303611755","0.7906834483146667","0.0008680820465087891","0.8078534007072449","0.7936192154884338","0.014234185218811035"
"Val","1","0.9910338521003723","0.7688897848129272","0.7675641775131226","0.0013256072998046875","0.7836857438087463","0.7698370218276978","0.013848721981048584"
"Val","1","0.9998297691345215","0.7129533290863037","0.7110375165939331","0.0019158124923706055","0.7395543456077576","0.7151803970336914","0.024373948574066162"
"Val","1","0.9971121549606323","0.7320522665977478","0.7309640049934387","0.001088261604309082","0.7492371797561646","0.7338287830352783","0.01540839672088623"
"Val","1","0.9997187256813049","0.7332118153572083","0.7315624356269836","0.0016493797302246094","0.7566363215446472","0.7353765368461609","0.021259784698486328"
"Val","1","0.015266903676092625","0.7949279546737671","0.7967150807380676","-0.0017871260643005371","0.7749308347702026","0.7944310307502747","-0.01950019598007202"
"Val","1","0.9959371089935303","0.8500571846961975","0.8487727642059326","0.0012844204902648926","0.8646501302719116","0.8513705730438232","0.013279557228088379"
"Val","1","0.9995740056037903","0.7549760341644287","0.7530945539474487","0.0018814802169799805","0.778532862663269","0.7567559480667114","0.021776914596557617"
"Val","1","0.9986036419868469","0.7296653389930725","0.7285383343696594","0.001127004623413086","0.7485753893852234","0.7317765951156616","0.016798794269561768"
"Val","1","0.9998584985733032","0.6906057000160217","0.688787579536438","0.0018181204795837402","0.716558575630188","0.6928755640983582","0.023683011531829834"
"Val","1","0.9993983507156372","0.7242804765701294","0.7222614288330078","0.002019047737121582","0.7481914758682251","0.7258601784706116","0.022331297397613525"
"Val","1","0.9998340606689453","0.7292863726615906","0.7275148630142212","0.0017715096473693848","0.7550866603851318","0.7317042350769043","0.02338242530822754"
"Val","1","0.9969605803489685","0.7919071912765503","0.7910618782043457","0.0008453130722045898","0.8058932423591614","0.7936805486679077","0.012212693691253662"
"Val","1","0.9994586110115051","0.7517783045768738","0.7503842115402222","0.0013940930366516113","0.7728054523468018","0.7538458108901978","0.018959641456604004"
"Val","1","0.9997578263282776","0.742088794708252","0.7404012680053711","0.0016875267028808594","0.7661669254302979","0.7443445920944214","0.021822333335876465"
"Val","1","0.9998652935028076","0.7028577327728271","0.7010234594345093","0.001834273338317871","0.7290130257606506","0.7051985859870911","0.02381443977355957"
"Val","1","0.9998843669891357","0.6812212467193604","0.6792380213737488","0.0019832253456115723","0.708833634853363","0.6835476756095886","0.025285959243774414"
"Val","1","0.003944192547351122","0.8314017057418823","0.8323138356208801","-0.0009121298789978027","0.8101240396499634","0.8291112780570984","-0.01898723840713501"
"Val","1","0.998688280582428","0.7355329394340515","0.7340692281723022","0.0014637112617492676","0.7560896873474121","0.7373504638671875","0.01873922348022461"
"Val","1","0.9341993927955627","0.9208521842956543","0.9206551313400269","0.0001970529556274414","0.925427258014679","0.9218673706054688","0.003559887409210205"
"Val","1","0.9998812675476074","0.690869927406311","0.6891885995864868","0.0016813278198242188","0.7177139520645142","0.6935272812843323","0.024186670780181885"
"Val","1","0.9998317956924438","0.7316811680793762","0.7296204566955566","0.00206071138381958","0.7586808800697327","0.7337806224822998","0.02490025758743286"
"Val","1","0.9996115565299988","0.7604519128799438","0.7587653398513794","0.0016865730285644531","0.783502459526062","0.7624808549880981","0.021021604537963867"
"Val","1","0.9986244440078735","0.6768059730529785","0.6753054857254028","0.0015004873275756836","0.6960011720657349","0.678246259689331","0.01775491237640381"
"Val","1","0.9998607635498047","0.6926624774932861","0.6906740665435791","0.0019884109497070312","0.7198435068130493","0.6948628425598145","0.024980664253234863"
"Val","1","0.9997962117195129","0.7005844116210938","0.6990113258361816","0.0015730857849121094","0.7250248193740845","0.7030492424964905","0.021975576877593994"
"Val","1","0.9998788833618164","0.7059175968170166","0.7038825750350952","0.0020350217819213867","0.7333358526229858","0.7081547975540161","0.025181055068969727"
"Val","1","0.9992343187332153","0.6791925430297852","0.6775831580162048","0.0016093850135803223","0.7014899849891663","0.6810318231582642","0.0204581618309021"
"Val","1","0.9997703433036804","0.7245876789093018","0.7227404117584229","0.0018472671508789062","0.7495289444923401","0.7267008423805237","0.022828102111816406"
"Val","1","0.9993457198143005","0.7555052042007446","0.7542215585708618","0.0012836456298828125","0.7759353518486023","0.7577403783798218","0.018194973468780518"
"Val","1","0.991561233997345","0.8079443573951721","0.8074210286140442","0.0005233287811279297","0.8188357949256897","0.8095975518226624","0.009238243103027344"
"Val","1","0.9927133917808533","0.8602280616760254","0.8590192794799805","0.0012087821960449219","0.8737656474113464","0.8612921833992004","0.012473464012145996"
"Val","1","0.9995193481445312","0.7074425220489502","0.7062382102012634","0.0012043118476867676","0.7289493680000305","0.7098988890647888","0.0190504789352417"
"Val","1","0.9859392642974854","0.7696276903152466","0.768617570400238","0.001010119915008545","0.7816660404205322","0.7706131339073181","0.011052906513214111"
"Val","1","0.9996777772903442","0.7375639081001282","0.736021876335144","0.0015420317649841309","0.7604997754096985","0.7397292256355286","0.020770549774169922"
"Val","1","0.9996931552886963","0.7500565052032471","0.7487348318099976","0.0013216733932495117","0.7723789215087891","0.7525387406349182","0.01984018087387085"
"Val","1","0.9998736381530762","0.6888009905815125","0.68695467710495","0.0018463134765625","0.715969443321228","0.6912460327148438","0.024723410606384277"
"Val","1","0.99986732006073","0.6886095404624939","0.6868554949760437","0.0017540454864501953","0.7150211334228516","0.6911103129386902","0.023910820484161377"
"Val","1","0.999920129776001","0.6437579393386841","0.6419163346290588","0.0018416047096252441","0.6723012924194336","0.6464382410049438","0.025863051414489746"
"Val","1","0.9974683523178101","0.7342656850814819","0.7330056428909302","0.0012600421905517578","0.7521588802337646","0.7359195351600647","0.01623934507369995"
"Val","1","0.9997581839561462","0.7412488460540771","0.7395040392875671","0.0017448067665100098","0.7652876377105713","0.743411123752594","0.021876513957977295"
"Val","1","0.9951533079147339","0.734001636505127","0.7333359718322754","0.0006656646728515625","0.7481430172920227","0.7358880043029785","0.01225501298904419"
"Val","1","0.9994415640830994","0.7337459325790405","0.7324008941650391","0.0013450384140014648","0.7555072903633118","0.7360302209854126","0.01947706937789917"
"Val","1","0.9994533658027649","0.7242934703826904","0.7232640981674194","0.001029372215270996","0.7449417114257812","0.7269314527511597","0.018010258674621582"
"Val","1","0.9996618032455444","0.6925146579742432","0.6910061836242676","0.001508474349975586","0.7155642509460449","0.6947547793388367","0.020809471607208252"
"Val","1","0.9997268319129944","0.7479257583618164","0.7460992932319641","0.001826465129852295","0.7717275023460388","0.749896764755249","0.021830737590789795"
"Val","1","0.9998877048492432","0.6612392067909241","0.6597232818603516","0.0015159249305725098","0.6876893043518066","0.6641001105308533","0.02358919382095337"
"Val","1","0.9997873902320862","0.7323293685913086","0.7305752038955688","0.001754164695739746","0.7568631768226624","0.7345496416091919","0.02231353521347046"
"Val","1","0.9872961044311523","0.8815188407897949","0.8805567026138306","0.0009621381759643555","0.8921784162521362","0.8825656771659851","0.009612739086151123"
"Val","1","0.8544339537620544","0.9082981944084167","0.9076916575431824","0.000606536865234375","0.9107331037521362","0.9082465171813965","0.002486586570739746"
"Val","1","0.9999159574508667","0.6122261881828308","0.610454261302948","0.0017719268798828125","0.640894889831543","0.6149892210960388","0.02590566873550415"
"Val","1","0.9980599284172058","0.7423301339149475","0.7407832741737366","0.0015468597412109375","0.7612060308456421","0.7437113523483276","0.017494678497314453"
"Val","1","0.9998288154602051","0.7098202705383301","0.7079755663871765","0.0018447041511535645","0.7352214455604553","0.7120053768157959","0.023216068744659424"
"Val","1","0.9996179342269897","0.758571982383728","0.7565726041793823","0.001999378204345703","0.7828665375709534","0.7603162527084351","0.02255028486251831"
"Val","1","0.9998786449432373","0.7089523077011108","0.7069990038871765","0.001953303813934326","0.7356160283088684","0.711209237575531","0.024406790733337402"
"Val","1","0.9998900890350342","0.6842453479766846","0.6826608777046204","0.001584470272064209","0.7110335826873779","0.687034010887146","0.023999571800231934"
"Val","1","0.6886848211288452","0.8127477169036865","0.8127374053001404","0.000010311603546142578","0.8129403591156006","0.8130384087562561","-0.00009804964065551758"
"Val","1","0.9998681545257568","0.6825309991836548","0.6804009675979614","0.0021300315856933594","0.710527777671814","0.6846839785575867","0.025843799114227295"
"Val","1","0.9992747902870178","0.7049997448921204","0.7033324241638184","0.001667320728302002","0.7265021800994873","0.7066203355789185","0.019881844520568848"
"Val","1","0.9997467398643494","0.7006474733352661","0.6991240382194519","0.001523435115814209","0.7242108583450317","0.7029469013214111","0.021263957023620605"
"Val","1","0.9998992681503296","0.6777228713035583","0.6758518815040588","0.0018709897994995117","0.705466091632843","0.6802505254745483","0.025215566158294678"
"Val","1","0.9875615835189819","0.7317664623260498","0.7310049533843994","0.0007615089416503906","0.743959903717041","0.7331300973892212","0.010829806327819824"
"Val","1","0.9999350309371948","0.6183468103408813","0.6166986227035522","0.0016481876373291016","0.6468601226806641","0.62129807472229","0.025562047958374023"
"Val","1","0.9792572855949402","0.7897248268127441","0.7891882658004761","0.0005365610122680664","0.7990753650665283","0.7909695506095886","0.008105814456939697"
"Val","1","0.06764436513185501","0.8460568189620972","0.8473371863365173","-0.001280367374420166","0.8319611549377441","0.8458621501922607","-0.013900995254516602"
"Val","1","0.999212384223938","0.7692754864692688","0.7679781317710876","0.0012973546981811523","0.7886776924133301","0.7714018821716309","0.01727581024169922"
"Val","1","0.9976256489753723","0.7478398084640503","0.7475831508636475","0.00025665760040283203","0.7617061138153076","0.7504583597183228","0.011247754096984863"
"Val","1","0.9988195300102234","0.7865443229675293","0.7851852178573608","0.001359105110168457","0.8053301572799683","0.7883809804916382","0.016949176788330078"
"Val","1","0.9991739392280579","0.765281081199646","0.7638689279556274","0.0014121532440185547","0.7852795720100403","0.767221212387085","0.018058359622955322"
"Val","1","0.9639770984649658","0.869481086730957","0.8685441017150879","0.0009369850158691406","0.8782444596290588","0.8700882196426392","0.008156239986419678"
"Val","1","0.9998618364334106","0.7126384973526001","0.7105239629745483","0.002114534378051758","0.7402564287185669","0.7147669196128845","0.025489509105682373"
"Val","1","0.9976892471313477","0.7725591659545898","0.7715118527412415","0.0010473132133483887","0.7898715734481812","0.7744536995887756","0.015417873859405518"
"Val","1","0.9969255328178406","0.8107739090919495","0.809391975402832","0.0013819336891174316","0.8277977705001831","0.8122109174728394","0.01558685302734375"
"Val","1","0.9997369647026062","0.7315083742141724","0.7296161651611328","0.0018922090530395508","0.7565470337867737","0.7335614562034607","0.02298557758331299"
"Val","1","0.9997597336769104","0.6641067266464233","0.6626428365707397","0.0014638900756835938","0.6889975666999817","0.6666911840438843","0.022306382656097412"
"Val","1","0.39832741022109985","0.8519601225852966","0.8525965809822083","-0.0006364583969116211","0.8454577326774597","0.8521690964698792","-0.006711363792419434"
"Val","1","0.9496351480484009","0.9209388494491577","0.9199644327163696","0.0009744167327880859","0.9278503656387329","0.9212307333946228","0.006619632244110107"
"Val","1","0.999891996383667","0.6894078254699707","0.6872899532318115","0.0021178722381591797","0.7172189950942993","0.6915911436080933","0.025627851486206055"
"Val","1","0.999767005443573","0.7468248605728149","0.7448644638061523","0.0019603967666625977","0.7719642519950867","0.7487950325012207","0.023169219493865967"
"Val","1","0.9996045231819153","0.7587957382202148","0.7571147680282593","0.0016809701919555664","0.7811908721923828","0.7607098817825317","0.020480990409851074"
"Val","1","0.9990455508232117","0.7875585556030273","0.7858294248580933","0.001729130744934082","0.8088048100471497","0.7891877889633179","0.019617021083831787"
"Val","1","0.9998416900634766","0.6708575487136841","0.6692582964897156","0.0015992522239685059","0.6970183253288269","0.6734898090362549","0.02352851629257202"
"Val","1","0.9997007846832275","0.7211745977401733","0.7195202112197876","0.0016543865203857422","0.7443114519119263","0.7232974767684937","0.021013975143432617"
"Val","1","0.9998570680618286","0.7099403738975525","0.707982063293457","0.001958310604095459","0.7365577220916748","0.7121701240539551","0.024387598037719727"
"Val","1","0.9998025298118591","0.7271233797073364","0.7253707051277161","0.0017526745796203613","0.7521468997001648","0.7294119000434875","0.022734999656677246"
"Val","1","0.9995834231376648","0.7656528949737549","0.7636762857437134","0.001976609230041504","0.7901519536972046","0.767487108707428","0.02266484498977661"
"Val","1","0.9999157190322876","0.6519831418991089","0.6499137282371521","0.002069413661956787","0.6814457178115845","0.6544803380966187","0.02696537971496582"
"Val","1","0.9998050332069397","0.7268720269203186","0.7249686121940613","0.0019034147262573242","0.7521281838417053","0.7289660573005676","0.023162126541137695"
"Val","1","0.9998372793197632","0.7025946378707886","0.7009940147399902","0.0016006231307983398","0.7277597188949585","0.7051510810852051","0.022608637809753418"
"Val","1","0.9990181922912598","0.7508512139320374","0.7484781742095947","0.002373039722442627","0.7749772667884827","0.7518346905708313","0.023142576217651367"
"Val","1","0.9992473125457764","0.7975292801856995","0.7963336706161499","0.0011956095695495605","0.8171547651290894","0.7997092008590698","0.01744556427001953"
"Val","1","0.9990233182907104","0.7760326266288757","0.775169849395752","0.0008627772331237793","0.7938107252120972","0.778479814529419","0.015330910682678223"
"Val","1","0.9998717308044434","0.650551974773407","0.648912787437439","0.0016391873359680176","0.6780166625976562","0.6533234119415283","0.02469325065612793"
"Val","1","0.978217601776123","0.8711051940917969","0.8699578046798706","0.0011473894119262695","0.8828253746032715","0.8718920946121216","0.010933279991149902"
"Val","1","0.6752761006355286","0.8184475302696228","0.8190028667449951","-0.0005553364753723145","0.816617488861084","0.8193745613098145","-0.0027570724487304688"
"Val","1","0.999924898147583","0.6358996629714966","0.6339844465255737","0.0019152164459228516","0.6647554636001587","0.6385098695755005","0.026245594024658203"
"Val","1","0.9896211624145508","0.8560956716537476","0.854476809501648","0.0016188621520996094","0.8703441023826599","0.8565871715545654","0.013756930828094482"
"Val","1","0.9993157386779785","0.7940330505371094","0.7922098636627197","0.0018231868743896484","0.8150866031646729","0.7956258654594421","0.019460737705230713"
"Val","1","0.9778483510017395","0.8783940076828003","0.8769190311431885","0.0014749765396118164","0.8901552557945251","0.8786969184875488","0.011458337306976318"
"Val","1","0.9974979758262634","0.823998212814331","0.822662889957428","0.0013353228569030762","0.8410378098487854","0.8255330324172974","0.015504777431488037"
"Val","1","0.9997530579566956","0.7405691146850586","0.7387174367904663","0.0018516778945922852","0.7646310925483704","0.7425721287727356","0.022058963775634766"
"Val","1","0.8564050197601318","0.8574318885803223","0.8576422333717346","-0.00021034479141235352","0.8585684895515442","0.8584511876106262","0.00011730194091796875"
"Val","1","0.9983195662498474","0.7907919883728027","0.7901225090026855","0.0006694793701171875","0.806352436542511","0.7931614518165588","0.013190984725952148"
"Val","1","0.9580018520355225","0.8201116323471069","0.8199464082717896","0.0001652240753173828","0.8265665173530579","0.8214645385742188","0.005101978778839111"
"Val","1","0.9998610019683838","0.6936895251274109","0.6915831565856934","0.0021063685417175293","0.721352756023407","0.6958187222480774","0.02553403377532959"
"Val","1","0.0018668612465262413","0.7711825370788574","0.7729533910751343","-0.0017708539962768555","0.7459279894828796","0.769494891166687","-0.023566901683807373"
"Val","1","0.9998202919960022","0.7224776148796082","0.7208617329597473","0.0016158819198608398","0.7478232383728027","0.7249679565429688","0.022855281829833984"
"Val","1","0.9960348010063171","0.7908211946487427","0.7897816896438599","0.0010395050048828125","0.8055510520935059","0.7923972010612488","0.01315385103225708"
"Val","1","0.06210792809724808","0.8275339603424072","0.8283267021179199","-0.0007927417755126953","0.8151655197143555","0.8268311619758606","-0.011665642261505127"
"Val","1","0.8420096635818481","0.9261184334754944","0.9252911806106567","0.0008272528648376465","0.9300797581672668","0.9259613156318665","0.004118442535400391"
"Val","1","0.9996954202651978","0.7012957334518433","0.6999222040176392","0.0013735294342041016","0.7235249280929565","0.7036648392677307","0.01986008882522583"
"Val","1","0.5402376055717468","0.8706001043319702","0.8701903223991394","0.00040978193283081055","0.8686071038246155","0.8700178265571594","-0.0014107227325439453"
"Val","1","0.9943042397499084","0.7747251987457275","0.7738556861877441","0.0008695125579833984","0.7889130115509033","0.7764319181442261","0.012481093406677246"
"Val","1","0.999723494052887","0.7240214347839355","0.722588300704956","0.0014331340789794922","0.7471247911453247","0.7264804244041443","0.02064436674118042"
"Val","1","0.9999014139175415","0.6829323768615723","0.6811734437942505","0.0017589330673217773","0.7104521989822388","0.6855917572975159","0.0248604416847229"
"Val","1","0.9998610019683838","0.7031498551368713","0.7013839483261108","0.001765906810760498","0.7286909818649292","0.7055298686027527","0.023161113262176514"
"Val","1","0.967791736125946","0.8640903234481812","0.8631823062896729","0.0009080171585083008","0.8731338977813721","0.8648088574409485","0.008325040340423584"
"Val","1","0.9999196529388428","0.6208767890930176","0.619401216506958","0.0014755725860595703","0.6479965448379517","0.6238619089126587","0.02413463592529297"
"Val","1","0.9999300241470337","0.6366162300109863","0.6346054077148438","0.002010822296142578","0.6662522554397583","0.6392102837562561","0.027041971683502197"
"Val","1","0.9849851131439209","0.8263299465179443","0.825851559638977","0.00047838687896728516","0.8362258672714233","0.8278120756149292","0.00841379165649414"
"Val","1","0.999861478805542","0.6948161125183105","0.6927767992019653","0.002039313316345215","0.7218841314315796","0.6969680786132812","0.02491605281829834"
"Val","1","0.9998327493667603","0.7072432041168213","0.7053145170211792","0.0019286870956420898","0.7329997420310974","0.7093725204467773","0.02362722158432007"
"Val","1","0.9998853206634521","0.6951053142547607","0.693222165107727","0.0018831491470336914","0.7216455936431885","0.6974610090255737","0.024184584617614746"
"Val","1","0.06342870742082596","0.8602819442749023","0.8610275387763977","-0.0007455945014953613","0.847270131111145","0.8594878911972046","-0.01221776008605957"
"Val","1","0.7821478843688965","0.8790655732154846","0.8789354562759399","0.00013011693954467773","0.8801018595695496","0.8794499635696411","0.0006518959999084473"
"Val","1","0.998387336730957","0.7998092174530029","0.7983758449554443","0.0014333724975585938","0.8181818723678589","0.8014802932739258","0.016701579093933105"
"Val","1","0.9986942410469055","0.7135579586029053","0.7116761803627014","0.0018817782402038574","0.7351720333099365","0.7148616909980774","0.02031034231185913"
"Val","1","0.999614953994751","0.6949689984321594","0.6930729746818542","0.0018960237503051758","0.7197685837745667","0.6968662738800049","0.022902309894561768"
"Val","1","0.9997373223304749","0.7482718229293823","0.7462151050567627","0.002056717872619629","0.7736426591873169","0.7501685619354248","0.02347409725189209"
"Val","1","0.43700093030929565","0.7098118662834167","0.7106560468673706","-0.0008441805839538574","0.7041124701499939","0.7103329300880432","-0.006220459938049316"
"Val","1","0.011387157253921032","0.8358278274536133","0.8374307155609131","-0.0016028881072998047","0.8154789209365845","0.8350425362586975","-0.019563615322113037"
"Val","1","0.863072395324707","0.810755729675293","0.8115623593330383","-0.0008066296577453613","0.8097854852676392","0.8123613595962524","-0.0025758743286132812"
"Val","1","0.9996762275695801","0.7306869626045227","0.7287324070930481","0.0019545555114746094","0.7552630305290222","0.7325610518455505","0.02270197868347168"
"Val","1","0.31173011660575867","0.8355152010917664","0.8363563418388367","-0.0008411407470703125","0.8281246423721313","0.835810124874115","-0.007685482501983643"
"Val","1","0.9994783997535706","0.7651660442352295","0.7635291814804077","0.0016368627548217773","0.7871734499931335","0.7671194672584534","0.020053982734680176"
"Val","1","0.99174964427948","0.8510929942131042","0.8507097363471985","0.0003832578659057617","0.861661434173584","0.8529520034790039","0.008709430694580078"
"Val","1","0.9996880292892456","0.777357816696167","0.7754046320915222","0.0019531846046447754","0.8016409277915955","0.7792471051216125","0.02239382266998291"
"Val","1","0.0006813710206188262","0.6296825408935547","0.632390022277832","-0.0027074813842773438","0.5979064106941223","0.628275454044342","-0.030369043350219727"
"Val","1","0.9826192855834961","0.7518678903579712","0.7514265775680542","0.0004413127899169922","0.7621703147888184","0.7533758282661438","0.00879448652267456"
"Val","1","0.9411299228668213","0.8301840424537659","0.8302878141403198","-0.00010377168655395508","0.8346011638641357","0.8316729664802551","0.0029281973838806152"
"Val","1","0.9994257688522339","0.710224449634552","0.7090948820114136","0.0011295676231384277","0.72999107837677","0.712479829788208","0.01751124858856201"
"Val","1","0.9978450536727905","0.7948057651519775","0.7934714555740356","0.0013343095779418945","0.8117368221282959","0.7963640689849854","0.015372753143310547"
"Val","1","0.9998268485069275","0.6689871549606323","0.6674094200134277","0.0015777349472045898","0.6946730017662048","0.671572208404541","0.02310079336166382"
"Val","1","0.9997252821922302","0.6960550546646118","0.6947077512741089","0.0013473033905029297","0.7196491956710815","0.6986643075942993","0.020984888076782227"
"Val","1","0.9297311305999756","0.8817403316497803","0.8815134167671204","0.0002269148826599121","0.8858957290649414","0.8827124834060669","0.0031832456588745117"
"Val","1","0.9998143315315247","0.7103071212768555","0.7086577415466309","0.0016493797302246094","0.7353887557983398","0.7126772403717041","0.022711515426635742"
"Val","1","0.9986849427223206","0.7753323316574097","0.7743098735809326","0.0010224580764770508","0.7924116849899292","0.7773710489273071","0.01504063606262207"
"Val","1","0.9353690147399902","0.9019110202789307","0.9006646871566772","0.001246333122253418","0.9099382758140564","0.9018779993057251","0.008060276508331299"
"Val","1","0.9996652603149414","0.7442139983177185","0.7425261735916138","0.0016878247261047363","0.7667562961578369","0.7462128400802612","0.020543456077575684"
"Val","1","0.9927477240562439","0.7533907294273376","0.7520151138305664","0.0013756155967712402","0.7684508562088013","0.7542850971221924","0.014165759086608887"
"Val","1","0.9991689920425415","0.7564185857772827","0.7549943327903748","0.001424252986907959","0.7773026823997498","0.7584777474403381","0.01882493495941162"
"Val","1","0.9997771382331848","0.6832693815231323","0.681925892829895","0.0013434886932373047","0.7075993418693542","0.6859865784645081","0.02161276340484619"
"Val","1","0.9994511008262634","0.7728083729743958","0.7707533836364746","0.0020549893379211426","0.7967630624771118","0.7744113206863403","0.022351741790771484"
"Val","1","0.2955189347267151","0.8948044776916504","0.8947581648826599","0.000046312808990478516","0.890425443649292","0.8942580223083496","-0.003832578659057617"
"Val","1","0.9781181216239929","0.8506141901016235","0.8491737842559814","0.0014404058456420898","0.8622300624847412","0.8508845567703247","0.011345505714416504"
"Val","1","0.9984893798828125","0.7561194896697998","0.7548201084136963","0.0012993812561035156","0.7747620344161987","0.7579505443572998","0.016811490058898926"
"Val","1","0.9998939037322998","0.6845541000366211","0.6825672388076782","0.001986861228942871","0.7122520804405212","0.6869195699691772","0.025332510471343994"
"Val","1","0.9998393058776855","0.6631488800048828","0.6614270210266113","0.0017218589782714844","0.6889833807945251","0.6655588150024414","0.02342456579208374"
"Val","1","0.30664658546447754","0.8704425096511841","0.8710735440254211","-0.0006310343742370605","0.862316370010376","0.8703886866569519","-0.008072316646575928"
"Val","1","0.9998990297317505","0.7026645541191101","0.7007787227630615","0.001885831356048584","0.7297587394714355","0.7050741314888","0.024684607982635498"
"Val","1","0.999799907207489","0.6624345779418945","0.6607846617698669","0.0016499161720275879","0.6879041194915771","0.6648276448249817","0.02307647466659546"
"Val","1","0.48218539357185364","0.8495712280273438","0.85010826587677","-0.0005370378494262695","0.8447927236557007","0.849880576133728","-0.005087852478027344"
"Val","1","0.9996273517608643","0.7898797988891602","0.7879459857940674","0.0019338130950927734","0.8136003017425537","0.7917003631591797","0.021899938583374023"
"Val","1","0.9653488993644714","0.8630664348602295","0.8627450466156006","0.00032138824462890625","0.8702243566513062","0.8642730116844177","0.005951344966888428"
"Val","1","0.9998465776443481","0.6767836809158325","0.6751502752304077","0.0016334056854248047","0.7021426558494568","0.6792376041412354","0.022905051708221436"
"Val","1","0.8145102262496948","0.8348042964935303","0.8350702524185181","-0.00026595592498779297","0.8352352976799011","0.8357673287391663","-0.0005320310592651367"
"Val","1","0.9990901947021484","0.7845979332923889","0.7834023237228394","0.0011956095695495605","0.8040951490402222","0.786794900894165","0.01730024814605713"
"Val","1","0.9998544454574585","0.6922641396522522","0.6904801726341248","0.0017839670181274414","0.7187197804450989","0.6946962475776672","0.02402353286743164"
"Val","1","0.9991258978843689","0.7809191942214966","0.7791686654090881","0.0017505288124084473","0.8032350540161133","0.7826536893844604","0.020581364631652832"
"Val","1","0.9995878338813782","0.7736464142799377","0.771628737449646","0.002017676830291748","0.7984110116958618","0.775458037853241","0.02295297384262085"
"Val","1","0.9998774528503418","0.698712944984436","0.6966603994369507","0.0020525455474853516","0.7258976697921753","0.7008938789367676","0.025003790855407715"
"Val","1","0.9990906715393066","0.7324692606925964","0.7307280898094177","0.001741170883178711","0.7539324760437012","0.734042763710022","0.0198897123336792"
"Val","1","0.9989155530929565","0.7804931402206421","0.7789614200592041","0.0015317201614379883","0.8004807829856873","0.7822039127349854","0.018276870250701904"
"Val","1","0.7952444553375244","0.858305811882019","0.8588550686836243","-0.0005492568016052246","0.8574401140213013","0.859485387802124","-0.002045273780822754"
"Val","1","0.9971122741699219","0.7538281679153442","0.7525293827056885","0.0012987852096557617","0.7719389796257019","0.7554380297660828","0.01650094985961914"
"Val","1","0.008779564872384071","0.7985405921936035","0.8001612424850464","-0.001620650291442871","0.7773260474205017","0.7974300384521484","-0.02010399103164673"
"Val","1","0.9943603873252869","0.7415091395378113","0.7400884628295898","0.0014206767082214355","0.7582687139511108","0.7425894737243652","0.015679240226745605"
"Val","1","0.9992853999137878","0.7804264426231384","0.778383731842041","0.002042710781097412","0.803336501121521","0.7818176746368408","0.021518826484680176"
"Val","1","0.9841452240943909","0.8639204502105713","0.8629692196846008","0.000951230525970459","0.8747615814208984","0.8648699522018433","0.009891629219055176"
"Val","1","0.9997859597206116","0.7353109121322632","0.7334996461868286","0.0018112659454345703","0.7598188519477844","0.7373933792114258","0.022425472736358643"
"Val","1","0.9995144605636597","0.7430762648582458","0.7416325807571411","0.0014436841011047363","0.7648579478263855","0.7452218532562256","0.019636094570159912"
"Val","1","0.9998047947883606","0.7143440246582031","0.712031364440918","0.0023126602172851562","0.7420783042907715","0.7161574363708496","0.025920867919921875"
"Val","1","0.9997977614402771","0.6795237064361572","0.6778963804244995","0.0016273260116577148","0.7041016221046448","0.6818182468414307","0.02228337526321411"
"Val","1","0.9997491240501404","0.7200900316238403","0.7183489799499512","0.0017410516738891602","0.7452259063720703","0.7223416566848755","0.022884249687194824"
"Val","1","0.9995360374450684","0.7317996621131897","0.7299610376358032","0.0018386244773864746","0.7557400465011597","0.7337043285369873","0.022035717964172363"
"Val","1","0.9985253214836121","0.8014174699783325","0.7997400760650635","0.001677393913269043","0.8209751844406128","0.8028361201286316","0.0181390643119812"
"Val","1","0.012458925135433674","0.8821463584899902","0.8830423355102539","-0.0008959770202636719","0.864028811454773","0.8805096745491028","-0.016480863094329834"
"Val","1","0.999308705329895","0.6859368085861206","0.6846064329147339","0.0013303756713867188","0.7073395252227783","0.6881470680236816","0.01919245719909668"
"Val","1","0.009447269141674042","0.7233812212944031","0.7255828976631165","-0.002201676368713379","0.7014268636703491","0.7229925990104675","-0.021565735340118408"
"Val","1","0.042817819863557816","0.7906308174133301","0.7922232151031494","-0.001592397689819336","0.7748395204544067","0.7904974222183228","-0.015657901763916016"
"Val","1","0.20526888966560364","0.8010588884353638","0.8021444082260132","-0.001085519790649414","0.7924274206161499","0.8014781475067139","-0.009050726890563965"
"Val","1","0.9996997117996216","0.7177203297615051","0.7158119678497314","0.0019083619117736816","0.7424667477607727","0.719687819480896","0.02277892827987671"
"Val","1","0.9998846054077148","0.6841062903404236","0.6820378303527832","0.002068459987640381","0.7123047709465027","0.6863709092140198","0.02593386173248291"
"Val","1","0.999535083770752","0.665186882019043","0.6639969944953918","0.001189887523651123","0.6865756511688232","0.6676129102706909","0.018962740898132324"
"Val","1","0.9998939037322998","0.6686703562736511","0.6668870449066162","0.0017833113670349121","0.6962292790412903","0.6712809801101685","0.024948298931121826"
"Val","1","0.9999074935913086","0.6843557357788086","0.6820938587188721","0.0022618770599365234","0.714160680770874","0.6866155862808228","0.02754509449005127"
"Val","1","0.9858276844024658","0.8504478335380554","0.849077045917511","0.0013707876205444336","0.8639606237411499","0.8511295914649963","0.012831032276153564"
"Val","1","0.9942776560783386","0.702511727809906","0.701829731464386","0.0006819963455200195","0.7166363000869751","0.7043091058731079","0.012327194213867188"
"Val","1","0.0030313015449792147","0.7756549119949341","0.7778968811035156","-0.002241969108581543","0.7497215270996094","0.7747462391853333","-0.025024712085723877"
"Val","1","0.984662652015686","0.7866123914718628","0.7855722904205322","0.0010401010513305664","0.7990021705627441","0.7876074314117432","0.011394739151000977"
"Val","1","0.9998735189437866","0.6633040904998779","0.6616768836975098","0.001627206802368164","0.6896849870681763","0.6659659147262573","0.023719072341918945"
"Val","1","0.9999246597290039","0.658933162689209","0.6568197011947632","0.0021134614944458008","0.6885600090026855","0.6613724231719971","0.027187585830688477"
"Val","1","0.9887032508850098","0.7620918154716492","0.7613103985786438","0.0007814168930053711","0.7742815613746643","0.7634729146957397","0.01080864667892456"
"Val","1","0.9403320550918579","0.8832767009735107","0.882696270942688","0.0005804300308227539","0.8901050090789795","0.8841297626495361","0.005975246429443359"
"Val","1","0.9999101161956787","0.626091718673706","0.6247241497039795","0.0013675689697265625","0.6525672674179077","0.6291353106498718","0.02343195676803589"
"Val","1","0.9998672008514404","0.6612953543663025","0.6596735119819641","0.001621842384338379","0.6875504851341248","0.6639363169670105","0.023614168167114258"
"Val","1","0.8317402601242065","0.888142466545105","0.8883301019668579","-0.0001876354217529297","0.8879418969154358","0.8889012336730957","-0.0009593367576599121"
"Val","1","0.9998598098754883","0.6754776835441589","0.6738741993904114","0.0016034841537475586","0.7016000747680664","0.678108811378479","0.023491263389587402"
"Val","1","0.4500097930431366","0.8628443479537964","0.8639249205589294","-0.0010805726051330566","0.8551933765411377","0.8637136220932007","-0.008520245552062988"
"Val","1","0.9998929500579834","0.6713844537734985","0.6693747043609619","0.002009749412536621","0.6994382739067078","0.6737517714500427","0.02568650245666504"
"Val","1","0.9979820251464844","0.728123664855957","0.7274261713027954","0.0006974935531616211","0.7441518306732178","0.7303968667984009","0.013754963874816895"
"Val","1","0.9958429932594299","0.8437163829803467","0.8422335386276245","0.001482844352722168","0.8599400520324707","0.8448116779327393","0.015128374099731445"
"Test","0","0.0004623886488843709","0.6722685098648071","0.6745611429214478","-0.002292633056640625","0.6414594650268555","0.6703382730484009","-0.02887880802154541"
"Test","0","0.00018211567657999694","0.6326271295547485","0.63481605052948","-0.0021889209747314453","0.5984264016151428","0.6299052238464355","-0.031478822231292725"
"Test","0","0.00012198857439216226","0.5197498798370361","0.5227132439613342","-0.0029633641242980957","0.48167330026626587","0.5174387693405151","-0.03576546907424927"
"Test","0","0.00010268248297506943","0.5481964349746704","0.5510542988777161","-0.0028578639030456543","0.5102657675743103","0.5457741022109985","-0.03550833463668823"
"Test","0","0.00030946393962949514","0.6769974231719971","0.6791827082633972","-0.0021852850914001465","0.6441850066184998","0.6746744513511658","-0.030489444732666016"
"Test","0","0.00044470306602306664","0.6671750545501709","0.6695951223373413","-0.00242006778717041","0.6349633932113647","0.6652456521987915","-0.030282258987426758"
"Test","0","0.00013596862845588475","0.5707268118858337","0.5735302567481995","-0.0028034448623657227","0.5335522890090942","0.5684295892715454","-0.03487730026245117"
"Test","0","0.0002494407817721367","0.6786073446273804","0.6808061003684998","-0.0021987557411193848","0.6457952857017517","0.6762810945510864","-0.030485808849334717"
"Test","0","0.00045261112973093987","0.6644982695579529","0.6670231819152832","-0.0025249123573303223","0.6323361992835999","0.6626644730567932","-0.03032827377319336"
"Test","0","0.0003182115324307233","0.6541386842727661","0.6565783619880676","-0.0024396777153015137","0.6213510632514954","0.6521819233894348","-0.030830860137939453"
"Test","0","0.0003163617802783847","0.6372690796852112","0.6400065422058105","-0.0027374625205993652","0.6035436391830444","0.6355846524238586","-0.03204101324081421"
"Test","0","0.00022856026771478355","0.6335785984992981","0.6358831524848938","-0.002304553985595703","0.6004478931427002","0.631264865398407","-0.030816972255706787"
"Test","0","0.00019615195924416184","0.6228062510490417","0.6254715919494629","-0.0026653409004211426","0.5875904560089111","0.6206508874893188","-0.033060431480407715"
"Test","0","0.00008214845729526132","0.5181369185447693","0.5211037397384644","-0.0029668211936950684","0.4790377616882324","0.515648603439331","-0.03661084175109863"
"Test","0","0.000204852141905576","0.6223447322845459","0.6247714161872864","-0.0024266839027404785","0.588204026222229","0.6200429201126099","-0.03183889389038086"
"Test","0","0.00014211928646545857","0.6209768056869507","0.623569130897522","-0.002592325210571289","0.5853226780891418","0.6186552047729492","-0.03333252668380737"
"Test","0","0.0014295015716925263","0.7451145052909851","0.7469091415405273","-0.0017946362495422363","0.7192885279655457","0.7433502674102783","-0.024061739444732666"
"Test","0","0.00022567997802980244","0.641143262386322","0.643366813659668","-0.0022235512733459473","0.6077375411987305","0.6386551856994629","-0.030917644500732422"
"Test","0","0.00021293280587997288","0.5844138264656067","0.5871421098709106","-0.002728283405303955","0.5489607453346252","0.5822564959526062","-0.03329575061798096"
"Test","0","0.00021457590628415346","0.6228954792022705","0.6251678466796875","-0.002272367477416992","0.5894784927368164","0.6204425692558289","-0.03096407651901245"
"Test","0","0.00031598983332514763","0.6073769927024841","0.6101969480514526","-0.002819955348968506","0.573100209236145","0.6056782007217407","-0.0325779914855957"
"Test","0","0.00020842569938395172","0.6557281613349915","0.6579142808914185","-0.002186119556427002","0.6217973232269287","0.6530836820602417","-0.03128635883331299"
"Test","0","0.0004287905467208475","0.704338788986206","0.7069742679595947","-0.002635478973388672","0.6720888614654541","0.702754557132721","-0.030665695667266846"
"Test","0","0.00029267274658195674","0.6568256616592407","0.6593174338340759","-0.002491772174835205","0.6239428520202637","0.6547754406929016","-0.03083258867263794"
"Test","0","0.00028799293795600533","0.6331417560577393","0.6356868743896484","-0.0025451183319091797","0.5994950532913208","0.6311516165733337","-0.03165656328201294"
"Test","0","0.00014165307220537215","0.6185388565063477","0.6210976839065552","-0.0025588274002075195","0.5823384523391724","0.6161061525344849","-0.0337677001953125"
"Test","0","0.0005499326507560909","0.7028651833534241","0.7050403952598572","-0.0021752119064331055","0.6723724603652954","0.7009104490280151","-0.028537988662719727"
"Test","0","0.0004989708540961146","0.7193078994750977","0.721227765083313","-0.001919865608215332","0.6896778345108032","0.717072606086731","-0.027394771575927734"
"Test","0","0.0001461545325582847","0.5587911009788513","0.5615376234054565","-0.0027465224266052246","0.522781491279602","0.5564813017845154","-0.03369981050491333"
"Test","0","0.00046899126027710736","0.6838547587394714","0.6863747239112854","-0.002519965171813965","0.6513534784317017","0.6819873452186584","-0.030633866786956787"
"Test","0","0.00024732836754992604","0.6094046235084534","0.6122052669525146","-0.0028006434440612793","0.5741409063339233","0.6074584722518921","-0.03331756591796875"
"Test","0","0.0002815252519212663","0.6656082272529602","0.6680698394775391","-0.0024616122245788574","0.6325485706329346","0.6635149121284485","-0.030966341495513916"
"Test","0","0.00032231572549790144","0.6290706396102905","0.6316580772399902","-0.002587437629699707","0.5958558917045593","0.627170741558075","-0.031314849853515625"
"Test","0","0.0000943634076975286","0.5434775352478027","0.5462127923965454","-0.0027352571487426758","0.505770742893219","0.5408836603164673","-0.03511291742324829"
"Test","0","0.00012353468628134578","0.5875403881072998","0.5899338722229004","-0.002393484115600586","0.5511777997016907","0.5847877264022827","-0.03360992670059204"
"Test","0","0.00011581592843867838","0.5713744759559631","0.5740251541137695","-0.0026506781578063965","0.5347399115562439","0.5688548684120178","-0.034114956855773926"
"Test","0","0.00031840329756960273","0.6747897863388062","0.67698073387146","-0.0021909475326538086","0.6426607370376587","0.6725223064422607","-0.02986156940460205"
"Test","0","0.000154377514263615","0.6417401432991028","0.6444120407104492","-0.0026718974113464355","0.6060879826545715","0.6395761370658875","-0.03348815441131592"
"Test","0","0.0002513391664251685","0.6534151434898376","0.655999481678009","-0.0025843381881713867","0.6192958950996399","0.6514661312103271","-0.032170236110687256"
"Test","0","0.000546387629583478","0.6770954728126526","0.6798182725906372","-0.002722799777984619","0.6442543268203735","0.675504207611084","-0.03124988079071045"
"Test","0","0.0001294478861382231","0.5810048580169678","0.5834773182868958","-0.0024724602699279785","0.5446395874023438","0.5783731341362","-0.0337335467338562"
"Test","0","0.0002480933035258204","0.6737698316574097","0.6764343976974487","-0.0026645660400390625","0.6396269798278809","0.67188560962677","-0.03225862979888916"
"Test","0","0.000348723609931767","0.7011096477508545","0.7033474445343018","-0.0022377967834472656","0.6689616441726685","0.6989338397979736","-0.029972195625305176"
"Test","0","0.00030792620964348316","0.6854829788208008","0.6875465512275696","-0.002063572406768799","0.6540036201477051","0.6830913424491882","-0.029087722301483154"
"Test","0","0.0003901789023075253","0.6760674118995667","0.6785082817077637","-0.0024408698081970215","0.6438542604446411","0.6742080450057983","-0.030353784561157227"
"Test","0","0.0006374093354679644","0.7139452695846558","0.716307520866394","-0.0023622512817382812","0.6835045218467712","0.7122229337692261","-0.028718411922454834"
"Test","0","0.00043960276525467634","0.70334392786026","0.7053141593933105","-0.001970231533050537","0.673064112663269","0.7009855508804321","-0.027921438217163086"
"Test","0","0.0004673320800065994","0.6935974359512329","0.695661187171936","-0.002063751220703125","0.6633749008178711","0.6914434432983398","-0.02806854248046875"
"Test","0","0.0004576460341922939","0.666427731513977","0.6689639687538147","-0.0025362372398376465","0.6340285539627075","0.6645959615707397","-0.030567407608032227"
"Test","0","0.00014519634714815766","0.5614141225814819","0.5641626119613647","-0.0027484893798828125","0.5246865749359131","0.5590856671333313","-0.03439909219741821"
"Test","0","0.0001591839682077989","0.6522334218025208","0.6544615030288696","-0.002228081226348877","0.6179125308990479","0.6495412588119507","-0.03162872791290283"
"Test","0","0.00011267504305578768","0.5722852945327759","0.5750659108161926","-0.002780616283416748","0.5348426103591919","0.5698678493499756","-0.03502523899078369"
"Test","0","0.0001899094640975818","0.6417080760002136","0.6440069079399109","-0.0022988319396972656","0.6070693731307983","0.6392073631286621","-0.03213798999786377"
"Test","0","0.00046389125054702163","0.7025836110115051","0.7053724527359009","-0.002788841724395752","0.6698253154754639","0.7012295722961426","-0.03140425682067871"
"Test","0","0.0004476769536267966","0.6250300407409668","0.6275216937065125","-0.0024916529655456543","0.5932949781417847","0.6232220530509949","-0.029927074909210205"
"Test","0","0.0005486002191901207","0.6610877513885498","0.6637515425682068","-0.0026637911796569824","0.6287722587585449","0.659565269947052","-0.03079301118850708"
"Test","0","0.0005793604650534689","0.7284477949142456","0.7310376167297363","-0.0025898218154907227","0.69688481092453","0.7270094156265259","-0.03012460470199585"
"Test","0","0.00023423809034284204","0.6429457664489746","0.6451143622398376","-0.002168595790863037","0.6100195646286011","0.6404658555984497","-0.030446290969848633"
"Test","0","0.00026954239001497626","0.6508604288101196","0.6537100672721863","-0.0028496384620666504","0.615990936756134","0.6491773128509521","-0.033186376094818115"
"Test","0","0.00031997932819649577","0.6560343503952026","0.6584806442260742","-0.002446293830871582","0.6233004331588745","0.6540742516517639","-0.030773818492889404"
"Test","0","0.00023740292817819864","0.6416139602661133","0.6438400149345398","-0.0022260546684265137","0.6089394092559814","0.6392544507980347","-0.030315041542053223"
"Test","0","0.00009730414603836834","0.5620748400688171","0.5647194981575012","-0.002644658088684082","0.5247423648834229","0.5594536066055298","-0.034711241722106934"
"Test","0","0.0003031034430023283","0.6275910139083862","0.6300805807113647","-0.0024895668029785156","0.5944444537162781","0.625546932220459","-0.031102478504180908"
"Test","0","0.00021454377565532923","0.6112135052680969","0.6138690710067749","-0.0026555657386779785","0.5760940313339233","0.6090536117553711","-0.032959580421447754"
"Test","0","0.00015767093282192945","0.6119616627693176","0.6142779588699341","-0.002316296100616455","0.576583206653595","0.6092764735221863","-0.03269326686859131"
"Test","0","0.0005270276451483369","0.691466212272644","0.6937953233718872","-0.002329111099243164","0.6606934070587158","0.6896836161613464","-0.028990209102630615"
"Test","0","0.0001699224376352504","0.6110913753509521","0.6136044263839722","-0.0025130510330200195","0.5754245519638062","0.6086173057556152","-0.03319275379180908"
"Test","0","0.0003545253712218255","0.6504614353179932","0.652839183807373","-0.002377748489379883","0.61809903383255","0.6484156250953674","-0.030316591262817383"
"Test","0","0.00030363499536179006","0.619697093963623","0.6224369406700134","-0.002739846706390381","0.5858731269836426","0.6179341077804565","-0.032060980796813965"
"Test","0","0.0003360958944540471","0.6396712064743042","0.6422419548034668","-0.0025707483291625977","0.6062822341918945","0.6377222537994385","-0.031440019607543945"
"Test","0","0.00015317750512622297","0.5793953537940979","0.5820783376693726","-0.002682983875274658","0.5429849028587341","0.5770140886306763","-0.03402918577194214"
"Test","0","0.0002942568971775472","0.6880571842193604","0.6902458071708679","-0.0021886229515075684","0.6554571390151978","0.6857821941375732","-0.03032505512237549"
"Test","0","0.00008000075467862189","0.5269140601158142","0.5296934843063354","-0.0027794241905212402","0.48848241567611694","0.5242751240730286","-0.03579270839691162"
"Test","0","0.0014075246872380376","0.7763091325759888","0.7784943580627441","-0.002185225486755371","0.7488778829574585","0.7750188112258911","-0.026140928268432617"
"Test","0","0.0002020831743720919","0.5912768840789795","0.5936933755874634","-0.0024164915084838867","0.5573241114616394","0.5889305472373962","-0.031606435775756836"
"Test","0","0.00016166013665497303","0.621609628200531","0.6241392493247986","-0.002529621124267578","0.5861235857009888","0.6191343665122986","-0.033010780811309814"
"Test","0","0.0013270152267068624","0.7590354681015015","0.7608300447463989","-0.001794576644897461","0.7324254512786865","0.7570962905883789","-0.024670839309692383"
"Test","0","0.00018479108985047787","0.5930712223052979","0.5958433747291565","-0.0027721524238586426","0.5569923520088196","0.5908762812614441","-0.03388392925262451"
"Test","0","0.0005204207845963538","0.7212957143783569","0.7235947251319885","-0.002299010753631592","0.6904348134994507","0.7195502519607544","-0.02911543846130371"
"Test","0","0.0001741181331453845","0.5684871077537537","0.5712071061134338","-0.0027199983596801758","0.5322222709655762","0.5661736130714417","-0.03395134210586548"
"Test","0","0.000644958287011832","0.7172726392745972","0.7193498611450195","-0.0020772218704223633","0.6874982118606567","0.7153028249740601","-0.02780461311340332"
"Test","0","0.0005437090876512229","0.7432365417480469","0.7449946999549866","-0.0017581582069396973","0.7136277556419373","0.7407205104827881","-0.02709275484085083"
"Test","0","0.0006981585174798965","0.7460183501243591","0.7484809756278992","-0.002462625503540039","0.7155927419662476","0.7445737719535828","-0.028981029987335205"
"Test","0","0.00050820765318349","0.7072077393531799","0.7094094753265381","-0.0022017359733581543","0.6766175627708435","0.7052340507507324","-0.028616487979888916"
"Test","0","0.0002753909502644092","0.6843184232711792","0.6865167617797852","-0.002198338508605957","0.6512475609779358","0.6819195747375488","-0.030672013759613037"
"Test","0","0.0001597218943061307","0.5912589430809021","0.593895435333252","-0.0026364922523498535","0.5553581118583679","0.5889469385147095","-0.03358882665634155"
"Test","0","0.00015878088015597314","0.6165175437927246","0.618780255317688","-0.002262711524963379","0.5811824798583984","0.6137354373931885","-0.03255295753479004"
"Test","0","0.0002852667821571231","0.6605408191680908","0.6626312732696533","-0.0020904541015625","0.6285132169723511","0.6580883860588074","-0.0295751690864563"
"Test","0","0.00015689872088842094","0.6385008096694946","0.6412273645401001","-0.0027265548706054688","0.6027823090553284","0.636404275894165","-0.03362196683883667"
"Test","0","0.00016058454639278352","0.5887660980224609","0.5914559364318848","-0.002689838409423828","0.5526726841926575","0.5864647626876831","-0.033792078495025635"
"Test","0","0.00018793069466482848","0.5818997621536255","0.5848532915115356","-0.0029535293579101562","0.5453755259513855","0.580034077167511","-0.03465855121612549"
"Test","0","0.0001654939551372081","0.6276279091835022","0.6305269002914429","-0.002898991107940674","0.5909981727600098","0.6256660223007202","-0.03466784954071045"
"Test","0","0.00018989008094649762","0.6434760093688965","0.6456605195999146","-0.0021845102310180664","0.6090563535690308","0.6407708525657654","-0.03171449899673462"
"Test","0","0.0003989363322034478","0.6320079565048218","0.6345688104629517","-0.002560853958129883","0.5994564294815063","0.6301963329315186","-0.030739903450012207"
"Test","0","0.00033226737286895514","0.6488730907440186","0.6509870290756226","-0.002113938331604004","0.6175953149795532","0.6465269327163696","-0.028931617736816406"
"Test","0","0.000613909971434623","0.6784554719924927","0.6806837916374207","-0.0022283196449279785","0.6484106779098511","0.6766266822814941","-0.028216004371643066"
"Test","0","0.00025280783302150667","0.6532652378082275","0.6561629176139832","-0.0028976798057556152","0.6181786060333252","0.6516052484512329","-0.033426642417907715"
"Test","0","0.00016307270561810583","0.622361421585083","0.6251740455627441","-0.002812623977661133","0.5862478017807007","0.6203259229660034","-0.034078121185302734"
"Test","0","0.00014012251631356776","0.6201807260513306","0.6228622198104858","-0.0026814937591552734","0.584110677242279","0.6179370880126953","-0.03382641077041626"
"Test","0","0.00013602752005681396","0.5641037225723267","0.5668874382972717","-0.0027837157249450684","0.527233362197876","0.5617527961730957","-0.03451943397521973"
"Test","0","0.005120434332638979","0.7860165238380432","0.7873798608779907","-0.0013633370399475098","0.7645757794380188","0.7844681739807129","-0.019892394542694092"
"Test","0","0.0003753670025616884","0.6577855944633484","0.6603674292564392","-0.0025818347930908203","0.6246346235275269","0.6560045480728149","-0.031369924545288086"
"Test","0","0.0002960245474241674","0.631476640701294","0.6341500282287598","-0.0026733875274658203","0.5980193614959717","0.6296623945236206","-0.031643033027648926"
"Test","0","0.0007028114632703364","0.6650266647338867","0.667627215385437","-0.002600550651550293","0.6343515515327454","0.6635998487472534","-0.029248297214508057"
"Test","0","0.00018308231665287167","0.638505220413208","0.6411980390548706","-0.0026928186416625977","0.6034811735153198","0.6364699602127075","-0.032988786697387695"
"Test","0","0.00024254946038126945","0.6645825505256653","0.6668614149093628","-0.0022788643836975098","0.6306566596031189","0.662129819393158","-0.03147315979003906"
"Test","0","0.00022804003674536943","0.6591901183128357","0.6611529588699341","-0.0019628405570983887","0.6261680126190186","0.6563416719436646","-0.030173659324645996"
"Test","0","0.00016246491577476263","0.5882822275161743","0.5909320712089539","-0.002649843692779541","0.5522462129592896","0.5859345197677612","-0.03368830680847168"
"Test","0","0.00014503957936540246","0.5910342931747437","0.5933555364608765","-0.0023212432861328125","0.5556354522705078","0.5882571935653687","-0.03262174129486084"
"Test","0","0.0003087436780333519","0.6716176271438599","0.674381673336029","-0.0027640461921691895","0.6374761462211609","0.6699696183204651","-0.0324934720993042"
"Test","0","0.00009604707884136587","0.5580441355705261","0.5606974363327026","-0.0026533007621765137","0.5207396745681763","0.5553982853889465","-0.034658610820770264"
"Test","0","0.00018978274601977319","0.6492724418640137","0.6519052386283875","-0.0026327967643737793","0.614181637763977","0.6471569538116455","-0.03297531604766846"
"Test","0","0.0006919001461938024","0.7085532546043396","0.7104775905609131","-0.0019243359565734863","0.6795135140419006","0.7064529657363892","-0.026939451694488525"
"Test","0","0.00018497565179131925","0.6540334224700928","0.6567689776420593","-0.0027355551719665527","0.6186628341674805","0.6520462036132812","-0.03338336944580078"
"Test","0","0.00021332543110474944","0.6228607892990112","0.625328779220581","-0.0024679899215698242","0.5882590413093567","0.6204729676246643","-0.03221392631530762"
"Test","0","0.00024029209453146905","0.6302972435951233","0.6329126358032227","-0.0026153922080993652","0.5959692001342773","0.6282550096511841","-0.03228580951690674"
"Test","0","0.0005048515158705413","0.6387823820114136","0.6415038704872131","-0.0027214884757995605","0.6065813302993774","0.6372969746589661","-0.030715644359588623"
"Test","0","0.00015492725651711226","0.62440425157547","0.6272636651992798","-0.0028594136238098145","0.5881834030151367","0.6224294304847717","-0.03424602746963501"
"Test","0","0.00017984409350901842","0.6184459924697876","0.620848536491394","-0.0024025440216064453","0.5841332674026489","0.6160523891448975","-0.031919121742248535"
"Test","0","0.0015180050395429134","0.7378966808319092","0.7401062846183777","-0.002209603786468506","0.7109111547470093","0.7366104125976562","-0.025699257850646973"
"Test","0","0.00019913983123842627","0.6095867156982422","0.6125511527061462","-0.0029644370079040527","0.5734473466873169","0.6078137159347534","-0.03436636924743652"
"Test","0","0.0001178386082756333","0.5366533398628235","0.5396449565887451","-0.002991616725921631","0.4984709620475769","0.5344001054763794","-0.03592914342880249"
"Test","0","0.0001353188417851925","0.595242977142334","0.5975474119186401","-0.0023044347763061523","0.5594457387924194","0.5924350619316101","-0.032989323139190674"
"Test","0","0.00044379220344126225","0.7194766998291016","0.7219924330711365","-0.002515733242034912","0.687818706035614","0.717842161655426","-0.03002345561981201"
"Test","0","0.0002159619762096554","0.6355941295623779","0.6379363536834717","-0.00234222412109375","0.6014221906661987","0.6331343054771423","-0.031712114810943604"
"Test","0","0.0005945127923041582","0.7223361134529114","0.724885106086731","-0.00254899263381958","0.6913083791732788","0.7208374738693237","-0.029529094696044922"
"Test","0","0.00016874926222953945","0.606201171875","0.6086568832397461","-0.0024557113647460938","0.570584774017334","0.6036996841430664","-0.03311491012573242"
"Test","0","0.00022301284479908645","0.6162909269332886","0.6188327074050903","-0.002541780471801758","0.5815210342407227","0.6140075922012329","-0.032486557960510254"
"Test","1","0.9995025396347046","0.7523165345191956","0.7506382465362549","0.0016782879829406738","0.7751116156578064","0.7543305158615112","0.020781099796295166"
"Test","1","0.9998859167098999","0.6785101294517517","0.6764703989028931","0.0020397305488586426","0.7066397070884705","0.6808197498321533","0.02581995725631714"
"Test","1","0.999889612197876","0.6730273962020874","0.6712255477905273","0.0018018484115600586","0.7008907794952393","0.6756265163421631","0.025264263153076172"
"Test","1","0.9992569088935852","0.7747038006782532","0.7733413577079773","0.001362442970275879","0.7943605184555054","0.7766225337982178","0.017737984657287598"
"Test","1","0.9995730519294739","0.7718694806098938","0.7698463201522827","0.002023160457611084","0.7956830263137817","0.7735118269920349","0.022171199321746826"
"Test","1","0.9998929500579834","0.7022925615310669","0.7001464366912842","0.002146124839782715","0.7308595180511475","0.7045201063156128","0.026339411735534668"
"Test","1","0.999788224697113","0.7245352864265442","0.7229758501052856","0.001559436321258545","0.7491918206214905","0.7270442247390747","0.02214759588241577"
"Test","1","0.9997813105583191","0.753875195980072","0.7518913149833679","0.0019838809967041016","0.7792218923568726","0.7559214234352112","0.023300468921661377"
"Test","1","0.9342724680900574","0.8221427202224731","0.8222600221633911","-0.00011730194091796875","0.8261053562164307","0.8234758377075195","0.002629518508911133"
"Test","1","0.9998420476913452","0.6987689733505249","0.6970613598823547","0.001707613468170166","0.7248983383178711","0.7012802958488464","0.023618042469024658"
"Test","1","0.9998428821563721","0.7065930366516113","0.7046447992324829","0.001948237419128418","0.7324710488319397","0.7087355256080627","0.023735523223876953"
"Test","1","0.9999207258224487","0.6290347576141357","0.6274874210357666","0.0015473365783691406","0.6564940214157104","0.6319735050201416","0.024520516395568848"
"Test","1","0.9996424913406372","0.7206254005432129","0.7192199230194092","0.001405477523803711","0.7426308989524841","0.7228565216064453","0.01977437734603882"
"Test","1","0.9991312623023987","0.7106708288192749","0.709320068359375","0.0013507604598999023","0.7309573888778687","0.7126860022544861","0.01827138662338257"
"Test","1","0.9997475743293762","0.6826152801513672","0.6812125444412231","0.001402735710144043","0.7057372331619263","0.6850192546844482","0.020717978477478027"
"Test","1","0.9996618032455444","0.7260479927062988","0.7243415117263794","0.0017064809799194336","0.7501969933509827","0.7282000780105591","0.021996915340423584"
"Test","1","0.005726083647459745","0.768096923828125","0.7698650360107422","-0.0017681121826171875","0.7456254363059998","0.7669471502304077","-0.02132171392440796"
"Test","1","0.9997219443321228","0.7704455852508545","0.7684997320175171","0.0019458532333374023","0.795213520526886","0.772423267364502","0.022790253162384033"
"Test","1","0.8217709064483643","0.8877999782562256","0.8868499398231506","0.0009500384330749512","0.8926423788070679","0.8875527381896973","0.0050896406173706055"
"Test","1","0.9998705387115479","0.6375935077667236","0.6357129216194153","0.0018805861473083496","0.6656292676925659","0.6400841474533081","0.025545120239257812"
"Test","1","0.9996292591094971","0.7035834789276123","0.7020362615585327","0.0015472173690795898","0.7265068292617798","0.7057550549507141","0.020751774311065674"
"Test","1","0.9952753782272339","0.8435807228088379","0.8425344228744507","0.001046299934387207","0.8570359945297241","0.845069408416748","0.011966586112976074"
"Test","1","0.9993639588356018","0.700197160243988","0.6989743113517761","0.001222848892211914","0.7210966348648071","0.702506422996521","0.018590211868286133"
"Test","1","0.999850869178772","0.7049639225006104","0.7029396891593933","0.002024233341217041","0.731479823589325","0.7070109248161316","0.02446889877319336"
"Test","1","0.9993451237678528","0.7686948776245117","0.766769289970398","0.0019255876541137695","0.791883111000061","0.7703344821929932","0.02154862880706787"
"Test","1","0.9998212456703186","0.7354414463043213","0.7334425449371338","0.0019989013671875","0.7611883282661438","0.7374998331069946","0.02368849515914917"
"Test","1","0.9908276200294495","0.7909811735153198","0.7897462248802185","0.0012349486351013184","0.8045299053192139","0.7918972969055176","0.012632608413696289"
"Test","1","0.9998427629470825","0.6494400501251221","0.647907018661499","0.0015330314636230469","0.6760947704315186","0.652241587638855","0.023853182792663574"
"Test","1","0.9754201173782349","0.7962996959686279","0.7949590682983398","0.001340627670288086","0.8077371716499329","0.7966769933700562","0.011060178279876709"
"Test","1","0.8779969215393066","0.8672223687171936","0.8670681715011597","0.00015419721603393555","0.869619607925415","0.8679755926132202","0.0016440153121948242"
"Test","1","0.7997472286224365","0.8331505656242371","0.832895040512085","0.0002555251121520996","0.8352408409118652","0.8334920406341553","0.001748800277709961"
"Test","1","0.9801949262619019","0.7985206842422485","0.7974962592124939","0.0010244250297546387","0.809888482093811","0.7993749380111694","0.010513544082641602"
"Test","1","0.14556530117988586","0.7730464935302734","0.7743761539459229","-0.001329660415649414","0.7607752084732056","0.773192286491394","-0.012417078018188477"
"Test","1","0.8536851406097412","0.826177179813385","0.8265616297721863","-0.00038444995880126953","0.8271784782409668","0.827398955821991","-0.00022047758102416992"
"Test","1","0.9990299940109253","0.7051801681518555","0.703284502029419","0.0018956661224365234","0.7280547618865967","0.7066717147827148","0.021383047103881836"
"Test","1","0.9998376369476318","0.6830472350120544","0.6808663606643677","0.0021808743476867676","0.7107073068618774","0.6850413084030151","0.025665998458862305"
"Test","1","0.9994992017745972","0.7156878709793091","0.714280366897583","0.0014075040817260742","0.7368953227996826","0.7177988290786743","0.0190964937210083"
"Test","1","0.9999244213104248","0.6482361555099487","0.646359384059906","0.0018767714500427246","0.6770894527435303","0.6509158611297607","0.02617359161376953"
"Test","1","0.339969277381897","0.8029510974884033","0.8039926886558533","-0.0010415911674499512","0.795161247253418","0.8034487366676331","-0.008287489414215088"
"Test","1","0.9998319149017334","0.7026436924934387","0.7006171941757202","0.002026498317718506","0.7297196388244629","0.7048064470291138","0.02491319179534912"
"Test","1","0.9998923540115356","0.7063446044921875","0.7043267488479614","0.0020178556442260742","0.7338515520095825","0.7086448669433594","0.025206685066223145"
"Test","1","0.9999023675918579","0.6546157598495483","0.6530673503875732","0.0015484094619750977","0.6819671988487244","0.6575108766555786","0.024456322193145752"
"Test","1","0.9965266585350037","0.7684062719345093","0.7671223878860474","0.001283884048461914","0.784787654876709","0.7698208093643188","0.014966845512390137"
"Test","1","0.9996821880340576","0.7077995538711548","0.706122100353241","0.0016774535179138184","0.7312114834785461","0.7098650932312012","0.02134639024734497"
"Test","1","0.9841521978378296","0.8070118427276611","0.8066291809082031","0.0003826618194580078","0.8151254653930664","0.8085046410560608","0.006620824337005615"
"Test","1","0.9988760352134705","0.7536865472793579","0.7525578737258911","0.0011286735534667969","0.7715407609939575","0.7556368112564087","0.015903949737548828"
"Test","1","0.9998745918273926","0.6759206652641296","0.6745644807815552","0.0013561844825744629","0.7013345956802368","0.678858757019043","0.022475838661193848"
"Test","1","0.9977515339851379","0.7222552299499512","0.7208936214447021","0.0013616085052490234","0.7396178841590881","0.7235921025276184","0.016025781631469727"
"Test","1","0.9998447895050049","0.6997230052947998","0.6978369951248169","0.0018860101699829102","0.7260974049568176","0.7019623517990112","0.024135053157806396"
"Test","1","0.9999107122421265","0.6396776437759399","0.6379241943359375","0.0017534494400024414","0.6678466796875","0.6423999667167664","0.025446712970733643"
"Test","1","0.9230191111564636","0.9139912128448486","0.9131834506988525","0.0008077621459960938","0.9199231863021851","0.9143099188804626","0.005613267421722412"
"Test","1","0.9997835755348206","0.6978687644004822","0.6961090564727783","0.0017597079277038574","0.7227523922920227","0.7000677585601807","0.02268463373184204"
"Test","1","0.9840796589851379","0.792854905128479","0.7925215363502502","0.00033336877822875977","0.8028023838996887","0.7945662140846252","0.008236169815063477"
"Test","1","0.9940989017486572","0.7458733320236206","0.7451369762420654","0.0007363557815551758","0.7600062489509583","0.7476735711097717","0.012332677841186523"
"Test","1","0.9998846054077148","0.6904069185256958","0.6886532306671143","0.001753687858581543","0.7176510095596313","0.6930215358734131","0.02462947368621826"
"Test","1","0.999747097492218","0.6931504011154175","0.6914218664169312","0.0017285346984863281","0.7185943126678467","0.6954411268234253","0.023153185844421387"
"Test","1","0.9979109168052673","0.7172863483428955","0.7163026928901672","0.0009836554527282715","0.7351831793785095","0.7193869352340698","0.015796244144439697"
"Test","1","0.9953675270080566","0.7921090126037598","0.790734052658081","0.001374959945678711","0.8078573942184448","0.7932922840118408","0.014565110206604004"
"Test","1","0.9998358488082886","0.6932699680328369","0.6913633346557617","0.0019066333770751953","0.7199068069458008","0.6955430507659912","0.02436375617980957"
"Test","1","0.9998564720153809","0.6966878175735474","0.6950693726539612","0.0016184449195861816","0.7226561307907104","0.6992974281311035","0.023358702659606934"
"Test","1","0.18405842781066895","0.8317813873291016","0.833096981048584","-0.0013155937194824219","0.8212392330169678","0.8322621583938599","-0.01102292537689209"
"Test","1","0.005871703382581472","0.8083829879760742","0.8101596236228943","-0.0017766356468200684","0.7853912711143494","0.8073100447654724","-0.021918773651123047"
"Test","1","0.9998399019241333","0.7133320569992065","0.7113807201385498","0.0019513368606567383","0.7396024465560913","0.7155053615570068","0.024097084999084473"
"Test","1","0.9902079701423645","0.9037026166915894","0.9022997617721558","0.0014028549194335938","0.9167381525039673","0.904427707195282","0.012310445308685303"
"Test","1","0.9998685121536255","0.6678599119186401","0.6663040518760681","0.0015558600425720215","0.6944290995597839","0.670630693435669","0.02379840612411499"
"Test","1","0.9999352693557739","0.634249746799469","0.6323114037513733","0.0019383430480957031","0.6638079881668091","0.6369449496269226","0.026863038539886475"
"Test","1","0.9873771071434021","0.8167436718940735","0.8162022829055786","0.000541388988494873","0.8269076943397522","0.8183048963546753","0.008602797985076904"
"Test","1","0.9996206760406494","0.7757754325866699","0.7743273973464966","0.0014480352401733398","0.7982147336006165","0.778052568435669","0.02016216516494751"
"Test","1","0.9998505115509033","0.697307288646698","0.6954590678215027","0.0018482208251953125","0.7244143486022949","0.6997570395469666","0.02465730905532837"
"Test","1","0.9971051812171936","0.7990173697471619","0.7978899478912354","0.0011274218559265137","0.8153790235519409","0.8006788492202759","0.014700174331665039"
"Test","1","0.9567825198173523","0.8182798624038696","0.8167625069618225","0.0015173554420471191","0.8300100564956665","0.8182838559150696","0.011726200580596924"
"Test","1","0.9995664954185486","0.6961767673492432","0.694477915763855","0.0016988515853881836","0.7192537784576416","0.6980458498001099","0.02120792865753174"
"Test","1","0.9998931884765625","0.6936939358711243","0.6917816996574402","0.001912236213684082","0.7209532856941223","0.6960494518280029","0.024903833866119385"
"Test","1","0.9995875954627991","0.7729066014289856","0.7709466218948364","0.00195997953414917","0.797059178352356","0.7746837139129639","0.02237546443939209"
"Test","1","0.8279038071632385","0.8042867183685303","0.803989589214325","0.00029712915420532227","0.8064013719558716","0.8046501874923706","0.0017511844635009766"
"Test","1","0.9990967512130737","0.7415875792503357","0.7405556440353394","0.0010319352149963379","0.7598028779029846","0.7437487840652466","0.016054093837738037"
"Test","1","0.8623807430267334","0.8175376653671265","0.8171724677085876","0.00036519765853881836","0.821293830871582","0.8179749846458435","0.0033188462257385254"
"Test","1","0.9998511075973511","0.6953831315040588","0.6940479278564453","0.0013352036476135254","0.7201964855194092","0.6982709765434265","0.021925508975982666"
"Test","1","0.04944690316915512","0.7439777851104736","0.7458283305168152","-0.0018505454063415527","0.7279123067855835","0.7442033290863037","-0.016291022300720215"
"Test","1","0.9743873476982117","0.8700698018074036","0.8700096607208252","0.00006014108657836914","0.8768129348754883","0.8716514706611633","0.005161464214324951"
"Test","1","0.9998888969421387","0.6752575635910034","0.673066258430481","0.002191305160522461","0.7043160796165466","0.6774729490280151","0.026843130588531494"
"Test","1","0.9997826218605042","0.7046321630477905","0.7032749652862549","0.0013571977615356445","0.7288925647735596","0.7073620557785034","0.021530508995056152"
"Test","1","0.9995848536491394","0.6966474056243896","0.6954061388969421","0.0012412667274475098","0.7178362607955933","0.6989675760269165","0.018868684768676758"
"Test","1","0.9992300271987915","0.7755868434906006","0.7740135192871094","0.001573324203491211","0.7962836027145386","0.777411162853241","0.018872439861297607"
"Test","1","0.9998955726623535","0.6508216857910156","0.6488509774208069","0.0019707083702087402","0.6792670488357544","0.6532483100891113","0.026018738746643066"
"Test","1","0.9955978989601135","0.8291268944740295","0.8283129930496216","0.000813901424407959","0.8432834148406982","0.8309482932090759","0.012335121631622314"
"Test","1","0.9996984004974365","0.7062515020370483","0.7048414945602417","0.0014100074768066406","0.7293605804443359","0.7087365984916687","0.020623981952667236"
"Test","1","0.9992775321006775","0.7821726202964783","0.7806587219238281","0.0015138983726501465","0.8022325038909912","0.7839595079421997","0.018272995948791504"
"Test","1","0.44902756810188293","0.9171870946884155","0.9167011976242065","0.0004858970642089844","0.9155218005180359","0.9164639711380005","-0.0009421706199645996"
"Test","1","0.9998660087585449","0.6564183235168457","0.6544486284255981","0.0019696950912475586","0.6835590600967407","0.6586289405822754","0.024930119514465332"
"Test","1","0.999930739402771","0.6736165881156921","0.6716353297233582","0.0019812583923339844","0.7023857831954956","0.6761474609375","0.026238322257995605"
"Test","1","0.999893307685852","0.6672806739807129","0.6653992533683777","0.001881420612335205","0.69488525390625","0.6697514057159424","0.025133848190307617"
"Test","1","0.27680516242980957","0.8735939860343933","0.8746106624603271","-0.0010166764259338379","0.864799976348877","0.8740572333335876","-0.009257256984710693"
"Test","1","0.951044499874115","0.7426180839538574","0.7424179911613464","0.00020009279251098633","0.7490125894546509","0.7438091039657593","0.0052034854888916016"
"Test","1","0.7751771807670593","0.8405704498291016","0.8402384519577026","0.0003319978713989258","0.8420642018318176","0.8407535552978516","0.0013106465339660645"
"Test","1","0.9998376369476318","0.6888592839241028","0.6872038245201111","0.0016554594039916992","0.7151184678077698","0.6914236545562744","0.02369481325149536"
"Test","1","0.5407630801200867","0.8005356192588806","0.8006719350814819","-0.00013631582260131836","0.7977662086486816","0.8005831241607666","-0.002816915512084961"
"Test","1","0.9989664554595947","0.7244014143943787","0.7226324081420898","0.0017690062522888184","0.7460249662399292","0.7259281873703003","0.020096778869628906"
"Test","1","0.9997053742408752","0.6854307651519775","0.6839461922645569","0.0014845728874206543","0.7088878750801086","0.6877942085266113","0.021093666553497314"
"Test","1","0.999428927898407","0.6923657655715942","0.6910622715950012","0.0013034939765930176","0.7137200832366943","0.694625973701477","0.019094109535217285"
"Test","1","0.9932780861854553","0.7813587784767151","0.7810404300689697","0.00031834840774536133","0.7928498983383179","0.783393383026123","0.009456515312194824"
"Test","1","0.9929478168487549","0.8681735992431641","0.8667925596237183","0.0013810396194458008","0.8830200433731079","0.869195282459259","0.013824760913848877"
"Test","1","0.9996873140335083","0.7372164130210876","0.7352679967880249","0.0019484162330627441","0.7617467045783997","0.7390743494033813","0.02267235517501831"
"Test","1","0.9985049962997437","0.7912026643753052","0.7899652123451233","0.0012374520301818848","0.8083986043930054","0.7930349707603455","0.015363633632659912"
"Test","1","0.9995971322059631","0.7449610233306885","0.7433401346206665","0.0016208887100219727","0.7675342559814453","0.7470089197158813","0.020525336265563965"
"Test","1","0.5597110390663147","0.8903614282608032","0.8908919095993042","-0.0005304813385009766","0.8853726983070374","0.890817403793335","-0.005444705486297607"
"Test","1","0.9997826218605042","0.731451153755188","0.7292541265487671","0.0021970272064208984","0.7585949897766113","0.7333492636680603","0.025245726108551025"
"Test","1","0.9998911619186401","0.6827716827392578","0.6810788512229919","0.0016928315162658691","0.7092896699905396","0.6853666305541992","0.023923039436340332"
"Test","1","0.9433950185775757","0.84267258644104","0.8428255319595337","-0.00015294551849365234","0.8458868265151978","0.8440554738044739","0.001831352710723877"
"Test","1","0.9970657229423523","0.8095309734344482","0.8074382543563843","0.002092719078063965","0.8294121026992798","0.8102992177009583","0.019112884998321533"
"Test","1","0.9998568296432495","0.6925463676452637","0.690758228302002","0.0017881393432617188","0.7190457582473755","0.6949663162231445","0.024079442024230957"
"Test","1","0.9991410970687866","0.8109964728355408","0.8092614412307739","0.0017350316047668457","0.8314716219902039","0.8125417232513428","0.018929898738861084"
"Test","1","0.9997941851615906","0.6922556161880493","0.6908416152000427","0.0014140009880065918","0.7170394659042358","0.6949360370635986","0.022103428840637207"
"Test","1","0.33497685194015503","0.7689194679260254","0.769583523273468","-0.000664055347442627","0.7626909017562866","0.7690829634666443","-0.006392061710357666"
"Test","1","0.999301552772522","0.7600053548812866","0.7585771083831787","0.0014282464981079102","0.7809346914291382","0.7620345950126648","0.01890009641647339"
"Test","1","0.9996860027313232","0.7397513389587402","0.7383599877357483","0.0013913512229919434","0.7627702951431274","0.742202877998352","0.02056741714477539"
"Test","1","0.9060173630714417","0.889836847782135","0.8894545435905457","0.00038230419158935547","0.8938865661621094","0.8905148506164551","0.003371715545654297"
"Test","1","0.9997432827949524","0.751666784286499","0.7498942613601685","0.0017725229263305664","0.7754031419754028","0.7536873817443848","0.021715760231018066"
"Test","1","0.9988841414451599","0.8147310018539429","0.8131290674209595","0.0016019344329833984","0.8339508771896362","0.8163564801216125","0.01759439706802368"
"Test","1","0.9998393058776855","0.719169020652771","0.7173009514808655","0.0018680691719055176","0.7446231245994568","0.721333384513855","0.023289740085601807"
"Test","1","0.9998607635498047","0.6661709547042847","0.6642851829528809","0.0018857717514038086","0.6935139894485474","0.6685717105865479","0.02494227886199951"
"Test","1","0.9994470477104187","0.7180041074752808","0.7162237167358398","0.001780390739440918","0.7420552968978882","0.7199490070343018","0.022106289863586426"
"Test","1","0.9934832453727722","0.842980682849884","0.8418887257575989","0.0010919570922851562","0.8562225699424744","0.8441768884658813","0.012045681476593018"
"Test","1","0.9998113512992859","0.7002995014190674","0.6987646818161011","0.0015348196029663086","0.7252110838890076","0.7028778791427612","0.022333204746246338"
"Test","1","0.9999170303344727","0.6514451503753662","0.6496075391769409","0.001837611198425293","0.6796590089797974","0.6540873646736145","0.02557164430618286"
"Test","1","0.9998856782913208","0.6627792716026306","0.6606279611587524","0.002151310443878174","0.6914422512054443","0.6649826765060425","0.026459574699401855"
"Test","1","0.13713502883911133","0.8914183974266052","0.8921797275543213","-0.0007613301277160645","0.8805218935012817","0.8910419940948486","-0.010520100593566895"
"Test","1","0.941171407699585","0.8444706201553345","0.8430027365684509","0.001467883586883545","0.8540843725204468","0.8442696332931519","0.009814739227294922"
"Test","1","0.9986432194709778","0.7432119846343994","0.7417447566986084","0.0014672279357910156","0.7632014751434326","0.745015025138855","0.018186450004577637"
"Test","1","0.9998824596405029","0.6812864542007446","0.6792029142379761","0.0020835399627685547","0.7094693183898926","0.6835416555404663","0.02592766284942627"
"Test","1","0.9990781545639038","0.8023144006729126","0.80083167552948","0.0014827251434326172","0.8221274614334106","0.8041704297065735","0.017957031726837158"
"Test","1","0.999297022819519","0.7895916104316711","0.7877364158630371","0.0018551945686340332","0.8117641806602478","0.7911651730537415","0.020599007606506348"
"Test","1","0.9634647369384766","0.8898880481719971","0.8892534971237183","0.0006345510482788086","0.8974971771240234","0.8908129334449768","0.006684243679046631"
"Test","1","0.9996022582054138","0.7116854786872864","0.7100745439529419","0.0016109347343444824","0.7348638772964478","0.7137696743011475","0.021094202995300293"
"Test","1","0.9996143579483032","0.7095576524734497","0.7076786160469055","0.0018790364265441895","0.7344220876693726","0.711520254611969","0.022901833057403564"
"Test","1","0.9993318915367126","0.7491602897644043","0.7477290630340576","0.0014312267303466797","0.7703784108161926","0.7512655854225159","0.019112825393676758"
"Test","1","0.9998214840888977","0.6551438570022583","0.6536919474601746","0.0014519095420837402","0.6800719499588013","0.6577744483947754","0.02229750156402588"
"Test","1","0.9997827410697937","0.7208666801452637","0.7191895246505737","0.0016771554946899414","0.7454684972763062","0.7231059074401855","0.022362589836120605"
"Test","1","0.9996639490127563","0.7639088034629822","0.7621048092842102","0.0018039941787719727","0.7868602871894836","0.7657604217529297","0.021099865436553955"
"Test","1","0.9997658133506775","0.717596173286438","0.7157324552536011","0.001863718032836914","0.7428907155990601","0.7197216749191284","0.02316904067993164"